order_item_id,order_id,product_id,quantity,unit_price,discount
1,1,272,3,5.69,0.15
2,1,300,-1,133.29,0.15
3,1,273,1,560.24,0.0
4,2,11,1,216.27,0.0
5,2,239,3,517.8,0.15
6,3,58,1,87.55,0.0
7,3,70,1,402.01,0.0
8,3,65,1,460.75,0.0
9,3,279,2,226.81,0.0
10,3,174,1,864.84,0.0
11,4,106,1,150.04,0.1
12,4,46,1,397.56,0.05
13,5,173,1,587.7,0.1
14,5,13,2,152.16,0.05
15,5,85,2,530.7,0.1
16,6,276,1,341.21,0.0
17,6,14,1,90.93,0.2
18,7,44,1,6.81,0.0
19,8,40,1,171.89,0.1
20,8,22,1,205.71,0.0
21,8,240,1,555.47,0.0
23,8,134,2,541.79,0.0
24,9,194,1,222.76,0.0
25,10,188,1,550.0,0.0
26,10,22,1,205.71,0.0
27,10,209,1,797.01,0.0
28,11,270,1,1160.3575,0.0
29,11,25,3,282.92,0.1
30,11,271,1,756.22,0.0
31,12,91,1,369.86,0.0
32,12,128,1,686.4,0.0
33,12,271,1,756.22,0.0
34,12,34,1,399.8,0.0
35,12,88,1,275.21,0.05
36,13,215,2,501.1,0.0
37,14,129,1,492.47,0.15
38,14,150,3,182.12,0.05
39,14,192,2,697.79,0.1
40,14,207,2,518.71,0.05
41,14,279,1,226.81,0.0
42,15,144,2,299.76,0.0
43,15,272,1,5.69,0.15
44,16,142,1,717.32,0.2
45,16,32,1,338.4,0.0
46,17,182,1,500.91,0.0
47,18,47,1,513.39,0.0
48,18,64,1,29.71,0.05
50,19,40,3,171.89,0.15
51,19,259,1,533.22,0.2
52,19,49,1,850.7,0.0
53,19,283,1,680.49,0.0
54,20,172,2,104.56,0.0
55,20,269,3,603.81,0.0
56,21,62,3,244.7,0.15
57,21,110,1,52.92,0.05
58,21,30,1,477.17,0.05
59,22,204,1,578.66,0.0
60,23,259,1,533.22,0.0
61,23,173,1,587.7,0.0
62,23,151,1,625.19,0.0
63,23,22,2,205.71,0.05
64,23,173,1,587.7,0.15
65,24,10,3,309.24,0.15
66,24,29,1,103.82,0.0
67,25,38,1,364.99,0.05
68,25,90,2,219.22,0.0
69,25,27,2,686.85,0.0
70,26,288,1,515.26,0.0
71,26,269,2,603.81,0.0
72,27,230,2,829.69,0.0
73,27,282,1,280.61,0.0
74,27,109,1,59.23,0.0
75,28,25,1,282.92,0.2
76,28,34,2,399.8,0.0
77,29,294,1,141.94,0.05
78,29,294,2,141.94,0.1
79,30,188,1,550.0,0.05
80,31,257,2,8.4,0.0
81,32,115,1,251.88,0.0
82,32,207,1,518.71,0.2
83,32,12,-1,156.75,0.0
84,32,61,1,512.76,0.0
85,33,117,1,567.69,0.0
86,33,186,1,290.81,0.15
87,33,288,2,515.26,0.1
88,33,2,2,807.37,0.2
89,33,61,-1,512.76,0.15
90,34,184,1,278.4,0.0
91,34,48,2,231.62,0.0
92,35,219,1,211.99,0.1
93,35,98,2,71.96,0.0
94,36,77,1,103.53,0.1
95,36,261,1,429.63,0.15
96,37,264,1,16.2,0.0
97,37,33,-1,217.73,0.0
98,37,199,1,51.0,0.0
99,38,29,1,103.82,0.0
100,38,38,2,364.99,0.0
101,39,211,1,943.9,0.0
102,39,144,1,299.76,0.15
103,39,145,1,61.15,0.0
104,39,72,1,286.08,0.1
105,39,67,1,355.8,0.0
106,40,25,-1,282.92,0.0
107,40,35,2,425.48,0.0
108,40,269,1,603.81,0.0
109,40,102,1,396.98,0.0
110,41,206,1,612.54,0.0
111,41,6,1,531.19,0.2
112,41,53,1,192.38,0.0
113,41,113,2,55.28,0.0
114,42,177,1,156.12,0.0
115,42,280,1,121.8,0.0
116,43,203,1,431.09,0.0
117,44,129,2,492.47,0.0
118,44,73,3,346.78,0.05
119,45,48,2,231.62,0.15
120,45,94,1,514.73,0.0
121,45,215,1,501.1,0.0
122,45,252,2,274.43,0.05
123,46,59,2,287.12,0.0
124,47,231,3,410.59,0.0
125,47,279,1,226.81,0.0
126,48,255,1,249.2,0.0
127,48,76,2,938.11,0.0
128,49,179,1,478.65,0.0
129,50,136,1,974.39,0.0
130,50,90,1,219.22,0.0
131,50,204,3,578.66,0.1
132,50,286,1,47.93,0.1
133,50,221,1,704.75,0.0
134,51,118,1,611.17,0.0
135,51,129,1,492.47,0.0
136,51,173,2,587.7,0.05
137,52,260,1,619.66,0.1
138,52,226,1,211.98,0.15
139,53,96,1,682.77,0.05
140,54,273,1,560.24,0.0
141,54,295,3,139.02,0.0
142,55,20,2,548.49,0.0
143,56,138,2,54.35,0.05
144,56,200,1,533.81,0.05
145,57,278,1,402.71,0.05
146,58,202,1,514.85,0.0
147,58,151,1,625.19,0.0
148,59,114,2,23.97,0.0
149,59,294,3,141.94,0.0
150,59,41,1,376.48,0.15
151,59,173,1,587.7,0.15
152,60,114,2,23.97,0.0
153,60,190,1,707.42,0.1
154,61,251,1,439.11,0.2
155,61,287,1,754.14,0.05
156,61,148,2,304.48,0.0
157,61,62,2,244.7,0.15
158,61,39,3,412.64,0.0
159,62,171,1,14.73,0.0
160,62,187,1,127.57,0.0
161,62,233,1,82.49,0.1
162,62,111,1,227.31,0.0
163,63,230,2,829.69,0.0
164,63,137,3,316.92,0.0
165,63,56,1,186.07,0.1
166,64,63,1,430.39,0.0
167,64,68,2,133.13,0.0
168,65,71,3,362.18,0.0
169,65,220,1,475.38,0.2
170,66,144,1,299.76,0.0
171,66,173,1,587.7,0.2
172,67,187,2,127.57,0.0
173,67,148,1,304.48,0.0
174,68,4,2,17.97,0.0
175,69,122,1,607.34,0.15
176,70,3,1,978.72,0.0
177,71,146,2,443.54,0.0
178,72,226,1,211.98,0.0
179,72,4,1,17.97,0.1
180,73,89,1,247.06,0.1
181,73,69,1,274.11,0.0
182,74,194,1,222.76,0.15
183,75,238,1,192.17,0.0
184,75,207,1,518.71,0.0
185,75,93,2,98.57,0.0
186,76,80,2,166.05,0.15
187,77,53,1,192.38,0.0
188,78,111,1,227.31,0.1
189,79,89,1,247.06,0.2
190,80,300,1,133.29,0.0
191,80,74,1,171.2,0.0
192,80,126,2,240.49,0.1
193,81,238,1,192.17,0.15
194,82,130,1,454.11,0.2
195,83,96,1,682.77,0.0
196,83,170,1,723.66,0.15
197,84,168,1,649.6,0.2
198,84,266,1,110.99,0.0
199,84,51,1,863.34,0.0
200,85,284,1,228.9,0.1
201,86,108,1,378.75,0.05
202,86,264,1,16.2,0.0
203,87,121,3,183.38,0.05
204,87,294,1,141.94,0.0
205,87,84,3,43.2,0.15
206,87,48,1,231.62,0.0
207,87,179,1,478.65,0.0
208,88,3,1,978.72,0.2
209,88,256,1,537.93,0.2
210,88,25,1,282.92,0.05
211,89,72,1,286.08,0.05
212,89,46,1,397.56,0.0
213,89,93,1,98.57,0.05
214,90,128,1,686.4,0.05
215,90,19,1,727.02,0.0
216,90,107,1,963.92,0.05
217,91,47,1,513.39,0.1
218,92,168,-1,649.6,0.0
219,92,66,1,447.18,0.1
220,93,1,2,433.54,0.0
221,93,177,1,156.12,0.05
222,93,9,2,66.57,0.0
223,94,277,1,437.32,0.0
224,94,109,2,59.23,0.0
225,95,186,1,290.81,0.0
226,95,143,1,421.93,0.0
227,96,117,1,567.69,0.1
228,97,4,1,17.97,0.05
229,97,128,1,686.4,0.0
230,97,208,3,260.07,0.0
231,98,190,1,707.42,0.05
232,98,191,1,457.7,0.1
233,99,2,1,807.37,0.0
234,99,264,1,16.2,0.0
235,100,47,1,513.39,0.0
236,100,7,1,357.42,0.1
237,101,56,-1,186.07,0.05
238,101,101,1,488.42,0.0
239,101,28,1,749.19,0.0
240,101,25,2,282.92,0.0
241,102,101,1,488.42,0.0
242,103,255,1,249.2,0.0
244,103,102,-1,396.98,0.1
245,104,224,2,23.12,0.0
246,104,181,1,37.18,0.0
247,104,244,1,263.25,0.0
248,104,213,1,111.83,0.0
249,105,249,1,682.27,0.0
250,106,283,1,680.49,0.05
251,107,34,1,399.8,0.0
252,107,257,1,8.4,0.0
253,107,255,3,249.2,0.0
254,108,225,1,939.11,0.1
255,109,77,1,103.53,0.0
256,109,246,1,574.84,0.0
257,109,166,1,278.38,0.0
258,109,264,1,16.2,0.0
259,109,59,-1,287.12,0.0
260,110,240,1,555.47,0.0
261,111,15,1,536.46,0.05
262,111,280,3,121.8,0.1
263,111,293,1,709.48,0.0
264,111,300,1,133.29,0.0
265,112,261,1,429.63,0.1
266,112,280,3,121.8,0.15
267,112,71,1,362.18,0.0
268,112,183,1,942.96,0.05
269,112,226,-1,211.98,0.0
270,113,24,1,696.97,0.0
271,114,207,1,518.71,0.05
272,115,85,1,530.7,0.0
273,116,26,1,259.69,0.0
274,116,61,1,512.76,0.1
275,116,217,1,479.18,0.0
276,117,284,1,228.9,0.0
277,117,55,2,395.52,0.0
278,117,204,1,578.66,0.05
279,118,136,3,974.39,0.0
280,118,262,1,214.85,0.0
281,119,183,1,942.96,0.0
282,120,294,3,141.94,0.1
283,120,205,1,367.74,0.0
284,121,270,1,1160.3575,0.0
285,122,58,1,87.55,0.1
286,122,184,1,278.4,0.2
287,122,84,-1,43.2,0.15
288,122,56,1,186.07,0.0
289,122,1,1,433.54,0.2
290,123,12,3,156.75,0.0
291,123,155,1,607.36,0.0
292,124,141,1,251.45,0.0
293,124,33,1,217.73,0.05
294,124,34,2,399.8,0.0
295,125,237,2,335.88,0.0
296,125,227,1,192.19,0.0
297,125,116,2,862.37,0.05
298,125,193,3,351.11,0.0
299,126,160,3,150.1,0.0
300,126,47,1,513.39,0.0
301,127,93,1,98.57,0.05
302,127,185,1,582.19,0.15
303,127,23,1,235.35,0.0
304,128,107,1,963.92,0.0
305,128,65,1,460.75,0.0
306,128,29,1,103.82,0.0
307,129,129,1,492.47,0.0
308,129,193,1,351.11,0.0
309,129,286,1,47.93,0.0
310,129,168,2,649.6,0.0
311,129,160,1,150.1,0.1
312,130,158,2,282.03,0.2
313,130,260,2,619.66,0.0
314,131,95,2,711.68,0.0
315,131,56,1,186.07,0.0
316,131,118,3,611.17,0.0
317,131,218,1,127.17,0.0
318,132,243,1,746.93,0.0
319,132,35,1,425.48,0.0
320,132,52,1,12.48,0.15
321,133,4,2,17.97,0.2
322,133,243,1,746.93,0.2
323,133,254,-1,286.86,0.0
324,133,89,1,247.06,0.15
325,133,7,3,357.42,0.0
326,134,57,3,510.39,0.0
327,135,198,2,266.02,0.0
328,136,264,1,16.2,0.0
329,136,120,1,146.96,0.15
330,136,138,1,54.35,0.05
331,136,157,1,701.5,0.0
332,136,75,2,299.66,0.1
333,137,276,1,341.21,0.05
334,138,125,1,584.13,0.05
335,138,86,1,443.6,0.0
336,138,285,1,667.54,0.05
337,139,35,1,425.48,0.0
338,140,118,1,611.17,0.0
339,141,7,1,357.42,0.15
340,141,54,1,679.71,0.05
341,141,243,1,746.93,0.0
342,141,218,1,127.17,0.0
343,142,108,2,378.75,0.15
344,142,244,1,263.25,0.0
345,142,283,1,680.49,0.05
346,143,234,3,486.72,0.0
347,144,218,-1,127.17,0.0
348,144,32,1,338.4,0.2
349,145,130,1,454.11,0.0
350,145,277,1,437.32,0.0
351,145,138,1,54.35,0.0
352,146,291,2,19.78,0.0
353,147,291,1,19.78,0.0
354,147,26,1,259.69,0.0
355,147,75,1,299.66,0.1
356,147,118,1,611.17,0.0
357,147,268,1,23.79,0.0
358,148,247,1,708.26,0.0
359,148,152,1,910.86,0.0
360,148,32,3,338.4,0.0
361,148,164,1,446.58,0.05
362,149,282,1,280.61,0.0
363,149,162,2,126.53,0.1
364,149,102,1,396.98,0.2
365,150,195,1,132.26,0.0
366,150,24,1,696.97,0.2
367,150,217,1,479.18,0.0
368,150,202,3,514.85,0.0
369,150,47,1,513.39,0.15
370,151,138,2,54.35,0.0
371,152,281,1,146.98,0.0
372,152,291,1,19.78,0.0
373,153,285,1,667.54,0.05
374,153,271,-1,756.22,0.05
375,154,186,1,290.81,0.0
376,154,194,1,222.76,0.0
377,155,268,1,23.79,0.1
378,155,8,1,295.82,0.0
379,156,262,1,214.85,0.2
380,156,234,1,486.72,0.0
381,157,50,1,240.1,0.1
382,157,75,1,299.66,0.05
383,157,71,1,362.18,0.0
384,158,136,1,974.39,0.0
385,158,54,2,679.71,0.0
386,159,296,1,361.73,0.1
387,160,176,1,199.39,0.2
388,161,258,1,626.09,0.0
389,161,144,1,299.76,0.0
390,161,265,1,839.64,0.05
391,161,124,1,640.23,0.2
392,161,278,3,402.71,0.1
393,162,31,1,976.57,0.0
394,162,92,2,148.78,0.15
395,162,45,1,511.39,0.0
396,162,23,1,235.35,0.0
397,162,226,1,211.98,0.0
398,163,8,1,295.82,0.0
399,163,45,2,511.39,0.0
400,164,268,1,23.79,0.0
401,164,212,1,445.65,0.0
402,164,242,2,166.1,0.0
403,165,276,1,341.21,0.15
404,165,37,1,608.8,0.0
405,165,288,1,515.26,0.0
406,166,269,2,603.81,0.1
407,166,78,1,213.82,0.0
408,167,281,1,146.98,0.05
409,167,154,3,115.68,0.0
410,168,71,1,362.18,0.0
411,168,228,3,162.75,0.05
412,169,82,1,235.49,0.0
413,169,18,1,35.67,0.0
414,169,55,1,395.52,0.05
415,169,15,1,536.46,0.05
416,169,52,3,12.48,0.2
417,170,152,1,910.86,0.0
418,171,190,3,707.42,0.0
419,171,138,1,54.35,0.0
420,171,1,2,433.54,0.05
421,172,214,2,304.46,0.05
422,173,178,3,563.12,0.05
423,173,133,1,479.79,0.15
424,173,225,1,939.11,0.2
425,173,227,1,192.19,0.1
426,174,15,3,536.46,0.05
427,174,25,1,282.92,0.0
428,174,111,3,227.31,0.1
429,175,17,2,953.82,0.0
430,176,49,3,850.7,0.2
431,176,90,3,219.22,0.0
432,177,199,1,51.0,0.0
433,178,281,1,146.98,0.0
434,178,245,1,1160.3575,0.1
435,179,112,1,10.73,0.0
436,179,298,1,238.39,0.2
437,179,11,1,216.27,0.0
438,180,179,2,478.65,0.0
439,181,55,1,395.52,0.0
440,182,49,1,850.7,0.05
441,183,3,1,978.72,0.2
442,183,212,1,445.65,0.0
443,184,70,1,402.01,0.0
444,185,279,1,226.81,0.1
445,185,45,1,511.39,0.05
446,186,124,1,640.23,0.1
447,186,5,2,503.34,0.0
448,186,267,1,253.7,0.0
449,186,13,1,152.16,0.0
450,186,59,1,287.12,0.0
451,187,87,1,564.0,0.1
452,187,88,1,275.21,0.15
453,187,64,1,29.71,0.15
454,188,109,1,59.23,0.0
455,188,161,1,68.77,0.0
456,189,26,2,259.69,0.1
457,189,246,1,574.84,0.1
458,190,261,3,429.63,0.0
459,190,261,1,429.63,0.2
460,190,28,1,749.19,0.2
461,190,245,1,1160.3575,0.0
462,190,151,1,625.19,0.05
463,191,143,1,421.93,0.0
464,192,185,1,582.19,0.05
465,193,142,3,717.32,0.05
466,193,68,1,133.13,0.0
467,193,66,1,447.18,0.0
468,193,100,1,283.25,0.1
469,193,48,1,231.62,0.15
470,194,119,3,519.85,0.0
471,195,37,1,608.8,0.05
472,196,21,2,614.24,0.0
473,196,272,1,5.69,0.15
474,197,78,1,213.82,0.1
475,197,61,1,512.76,0.0
476,198,21,1,614.24,0.05
477,198,44,1,6.81,0.1
478,199,19,1,727.02,0.0
479,200,155,1,607.36,0.0
480,201,61,1,512.76,0.2
481,201,211,1,943.9,0.15
482,201,285,1,667.54,0.0
483,201,264,2,16.2,0.05
484,202,209,1,797.01,0.0
485,203,123,2,840.94,0.05
486,203,145,3,61.15,0.2
487,204,134,3,541.79,0.15
488,205,271,1,756.22,0.0
489,205,137,1,316.92,0.0
490,205,289,1,635.36,0.0
491,205,206,1,612.54,0.15
492,206,123,1,840.94,0.0
493,206,139,1,835.42,0.15
494,207,65,1,460.75,0.0
495,207,275,1,82.62,0.0
496,207,157,1,701.5,0.1
497,207,205,1,367.74,0.0
498,208,123,1,840.94,0.15
499,209,63,3,430.39,0.0
500,210,60,1,148.68,0.0
501,210,29,1,103.82,0.0
502,210,235,1,370.09,0.2
503,210,10,1,309.24,0.05
504,210,254,3,286.86,0.1
505,211,286,1,47.93,0.0
506,211,144,1,299.76,0.0
507,212,255,1,249.2,0.2
508,213,76,1,938.11,0.0
509,213,296,1,361.73,0.05
510,213,100,1,283.25,0.0
511,213,24,3,696.97,0.05
512,214,189,1,24.7,0.0
513,214,19,1,727.02,0.0
514,214,92,1,148.78,0.0
515,214,238,1,192.17,0.15
516,215,64,2,29.71,0.0
517,215,45,1,511.39,0.0
518,215,63,1,430.39,0.05
519,216,96,1,682.77,0.05
520,216,127,1,111.4,0.05
521,217,227,1,192.19,0.05
522,218,114,2,23.97,0.0
523,218,219,1,211.99,0.0
524,218,204,1,578.66,0.0
525,218,24,1,696.97,0.0
526,219,51,1,863.34,0.0
527,219,182,1,500.91,0.2
528,220,223,3,57.85,0.1
529,220,133,2,479.79,0.0
530,220,135,1,550.83,0.0
531,221,55,2,395.52,0.0
532,222,182,1,500.91,0.0
533,223,125,2,584.13,0.05
534,223,126,1,240.49,0.05
535,223,140,1,500.02,0.1
536,223,121,1,183.38,0.05
537,224,7,2,357.42,0.0
538,225,118,1,611.17,0.05
539,225,198,1,266.02,0.05
540,225,24,1,696.97,0.0
541,226,220,-1,475.38,0.0
542,226,176,1,199.39,0.0
543,227,281,1,146.98,0.1
544,228,82,1,235.49,0.0
545,228,255,1,249.2,0.05
546,229,221,3,704.75,0.05
547,229,291,1,19.78,0.0
548,229,268,1,23.79,0.0
549,230,95,1,711.68,0.05
550,230,15,1,536.46,0.0
551,230,272,1,5.69,0.0
552,230,181,1,37.18,0.05
553,230,293,3,709.48,0.05
554,231,97,1,628.48,0.0
555,232,82,1,235.49,0.0
556,233,234,2,486.72,0.0
558,233,26,1,259.69,0.0
559,234,153,1,530.38,0.0
560,234,46,1,397.56,0.0
561,235,209,1,797.01,0.0
562,236,290,1,908.96,0.0
563,236,41,1,376.48,0.05
564,236,71,1,362.18,0.0
565,236,26,1,259.69,0.0
566,236,92,1,148.78,0.0
567,237,41,2,376.48,0.05
568,238,212,1,445.65,0.0
569,238,135,2,550.83,0.15
570,238,114,1,23.97,0.0
571,238,157,1,701.5,0.0
572,239,231,1,410.59,0.0
573,240,115,1,251.88,0.0
574,241,268,1,23.79,0.15
575,241,81,1,779.01,0.0
576,242,246,2,574.84,0.0
577,243,242,2,166.1,0.0
578,243,20,1,548.49,0.0
579,244,115,1,251.88,0.1
580,244,183,1,942.96,0.1
581,244,237,1,335.88,0.0
582,245,242,3,166.1,0.0
583,246,185,1,582.19,0.0
584,247,278,1,402.71,0.0
585,248,128,1,686.4,0.0
586,249,231,1,410.59,0.0
587,250,161,1,68.77,0.15
588,251,46,1,397.56,0.2
589,251,147,1,517.03,0.0
590,251,155,1,607.36,0.0
591,251,275,2,82.62,0.1
592,252,174,1,864.84,0.1
593,252,82,1,235.49,0.0
594,253,294,-1,141.94,0.0
595,254,226,1,211.98,0.05
596,254,220,2,475.38,0.0
597,255,178,2,563.12,0.0
598,255,30,1,477.17,0.05
599,256,133,2,479.79,0.0
600,256,139,1,835.42,0.2
601,257,298,2,238.39,0.1
602,257,9,1,66.57,0.05
603,257,68,1,133.13,0.15
604,257,212,3,445.65,0.0
605,257,237,1,335.88,0.2
606,258,94,3,514.73,0.0
607,258,278,1,402.71,0.15
608,259,163,1,598.68,0.1
609,260,131,3,797.13,0.05
610,261,40,2,171.89,0.0
611,261,25,1,282.92,0.0
612,262,26,1,259.69,0.15
613,262,233,2,82.49,0.1
614,263,129,1,492.47,0.0
615,264,253,3,621.95,0.05
616,265,149,1,382.77,0.0
617,265,165,1,605.76,0.0
618,266,101,1,488.42,0.0
619,266,10,1,309.24,0.1
620,266,298,3,238.39,0.0
621,267,179,1,478.65,0.1
622,267,230,1,829.69,0.05
623,267,204,1,578.66,0.05
624,268,255,1,249.2,0.1
625,269,205,1,367.74,0.0
626,270,81,1,779.01,0.0
627,270,211,1,943.9,0.0
628,270,298,1,238.39,0.0
629,271,93,1,98.57,0.0
630,271,133,1,479.79,0.0
631,271,174,1,864.84,0.0
632,272,115,1,251.88,0.0
633,272,43,1,97.72,0.0
634,273,58,1,87.55,0.0
635,273,279,1,226.81,0.0
636,274,285,1,667.54,0.0
637,275,258,3,626.09,0.0
638,276,199,1,51.0,0.0
639,276,160,2,150.1,0.0
640,276,67,1,355.8,0.05
641,277,9,1,66.57,0.0
642,278,249,3,682.27,0.15
643,279,209,1,797.01,0.0
644,279,295,1,139.02,0.0
645,280,222,1,264.61,0.0
646,281,83,1,243.1,0.0
647,281,50,1,240.1,0.05
648,281,92,1,148.78,0.15
649,281,282,1,280.61,0.15
650,281,83,3,243.1,0.1
651,282,274,1,528.78,0.0
652,282,224,3,23.12,0.1
653,283,105,1,375.87,0.0
654,283,43,1,97.72,0.05
655,283,278,3,402.71,0.1
656,284,157,3,701.5,0.0
657,284,98,1,71.96,0.0
658,285,115,1,251.88,0.0
659,285,33,1,217.73,0.0
660,285,11,1,216.27,0.15
661,285,49,1,850.7,0.0
662,286,137,1,316.92,0.0
663,286,228,3,162.75,0.0
664,287,127,1,111.4,0.0
665,287,92,1,148.78,0.0
666,287,78,1,213.82,0.0
667,287,205,1,367.74,0.1
668,288,260,1,619.66,0.15
669,289,5,2,503.34,0.05
670,289,297,2,89.43,0.0
671,290,156,1,372.8,0.0
672,290,249,1,682.27,0.0
673,291,293,1,709.48,0.0
674,291,100,2,283.25,0.1
675,292,266,3,110.99,0.0
676,292,298,1,238.39,0.0
677,292,150,2,182.12,0.0
678,292,162,1,126.53,0.05
679,293,61,2,512.76,0.2
680,293,72,3,286.08,0.0
681,293,284,1,228.9,0.0
682,293,92,1,148.78,0.1
683,293,54,2,679.71,0.0
684,294,277,1,437.32,0.05
685,295,122,1,607.34,0.15
686,295,190,3,707.42,0.0
687,296,183,1,942.96,0.0
688,296,184,1,278.4,0.0
689,296,290,1,908.96,0.0
690,296,151,1,625.19,0.0
691,297,213,2,111.83,0.1
692,297,105,1,375.87,0.15
693,298,23,1,235.35,0.0
694,299,194,1,222.76,0.1
695,299,177,1,156.12,0.0
696,299,162,3,126.53,0.1
697,299,93,1,98.57,0.0
698,299,151,1,625.19,0.0
699,300,167,1,39.88,0.0
700,300,88,1,275.21,0.1
701,300,116,1,862.37,0.0
702,301,86,1,443.6,0.1
703,302,35,3,425.48,0.1
704,302,74,1,171.2,0.0
705,302,139,1,835.42,0.0
706,302,178,1,563.12,0.05
707,302,167,1,39.88,0.0
708,303,258,1,626.09,0.0
709,304,25,1,282.92,0.0
710,304,233,1,82.49,0.0
711,304,110,1,52.92,0.0
712,304,271,1,756.22,0.1
713,305,293,1,709.48,0.0
714,305,105,1,375.87,0.0
715,305,16,1,245.66,0.0
716,306,94,1,514.73,0.0
717,306,274,2,528.78,0.1
718,306,181,2,37.18,0.0
719,306,5,1,503.34,0.0
720,307,210,1,177.09,0.05
721,307,116,1,862.37,0.1
722,307,52,1,12.48,0.1
723,308,246,1,574.84,0.0
724,308,204,1,578.66,0.0
725,309,193,1,351.11,0.0
726,309,175,1,600.57,0.0
727,310,175,1,600.57,0.0
728,310,120,2,146.96,0.05
729,311,149,3,382.77,0.0
730,311,142,1,717.32,0.0
731,311,235,1,370.09,0.0
732,312,267,1,253.7,0.0
733,313,299,1,725.08,0.0
734,313,38,2,364.99,0.0
735,314,298,1,238.39,0.15
736,314,169,2,458.05,0.1
737,314,106,1,150.04,0.1
738,314,201,-1,567.68,0.0
739,315,223,2,57.85,0.0
740,316,173,1,587.7,0.15
741,317,296,1,361.73,0.0
742,317,218,3,127.17,0.0
743,318,276,2,341.21,0.1
744,318,7,2,357.42,0.05
745,318,203,1,431.09,0.05
746,319,294,-1,141.94,0.0
747,320,31,1,976.57,0.0
748,321,168,1,649.6,0.0
749,322,272,1,5.69,0.0
750,322,226,1,211.98,0.05
751,322,206,1,612.54,0.0
752,322,31,1,976.57,0.05
753,322,221,1,704.75,0.05
754,323,123,1,840.94,0.0
755,323,60,1,148.68,0.0
756,323,22,1,205.71,0.1
757,324,279,1,226.81,0.2
758,324,210,1,177.09,0.15
759,324,267,1,253.7,0.1
760,324,212,1,445.65,0.15
761,325,154,1,115.68,0.0
762,325,64,1,29.71,0.05
763,326,215,1,501.1,0.0
764,327,271,2,756.22,0.0
765,327,109,3,59.23,0.0
766,328,2,1,807.37,0.0
767,328,143,3,421.93,0.0
768,328,164,2,446.58,0.0
769,329,252,1,274.43,0.0
770,330,139,2,835.42,0.1
771,330,157,3,701.5,0.0
772,330,34,1,399.8,0.0
773,330,184,3,278.4,0.0
774,331,49,1,850.7,0.0
775,331,58,3,87.55,0.0
776,331,215,3,501.1,0.0
777,332,135,1,550.83,0.1
778,332,120,2,146.96,0.05
779,332,183,1,942.96,0.0
780,332,144,1,299.76,0.0
781,332,140,1,500.02,0.0
782,333,159,1,818.3,0.05
783,333,142,1,717.32,0.0
784,333,286,1,47.93,0.05
785,334,254,2,286.86,0.1
786,334,8,1,295.82,0.15
787,335,27,1,686.85,0.0
788,335,51,1,863.34,0.0
789,336,78,2,213.82,0.0
790,337,185,1,582.19,0.2
791,338,31,1,976.57,0.0
792,339,237,1,335.88,0.1
793,340,195,1,132.26,0.05
794,341,130,1,454.11,0.15
795,342,281,2,146.98,0.2
796,342,4,1,17.97,0.0
797,343,74,1,171.2,0.0
798,344,9,1,66.57,0.0
799,345,94,1,514.73,0.05
800,346,154,1,115.68,0.0
801,346,69,1,274.11,0.0
802,346,300,1,133.29,0.0
803,347,275,1,82.62,0.1
804,348,212,1,445.65,0.0
805,348,264,1,16.2,0.0
806,348,31,3,976.57,0.0
807,349,286,-1,47.93,0.2
808,349,17,1,953.82,0.05
809,350,271,3,756.22,0.1
810,350,104,1,957.31,0.2
811,351,224,1,23.12,0.15
812,352,141,1,251.45,0.0
813,352,87,1,564.0,0.0
814,353,107,2,963.92,0.0
815,354,207,1,518.71,0.0
816,354,2,1,807.37,0.0
817,354,47,1,513.39,0.0
818,355,72,1,286.08,0.0
819,355,298,1,238.39,0.15
820,355,236,1,55.21,0.05
821,356,281,1,146.98,0.2
822,356,21,1,614.24,0.15
823,356,264,1,16.2,0.0
824,356,50,1,240.1,0.0
826,357,294,3,141.94,0.0
827,358,105,1,375.87,0.0
828,359,129,1,492.47,0.15
829,359,208,1,260.07,0.0
830,360,277,3,437.32,0.05
831,360,71,1,362.18,0.0
832,360,148,3,304.48,0.0
833,361,255,1,249.2,0.0
834,361,117,2,567.69,0.0
835,361,211,1,943.9,0.2
836,361,233,1,82.49,0.0
837,362,60,1,148.68,0.15
838,363,204,1,578.66,0.0
839,363,89,1,247.06,0.0
840,363,28,1,749.19,0.0
841,364,66,1,447.18,0.2
842,365,136,3,974.39,0.05
843,365,220,1,475.38,0.0
844,365,133,1,479.79,0.05
845,366,154,1,115.68,0.2
846,366,46,1,397.56,0.0
847,366,105,3,375.87,0.0
848,366,133,1,479.79,0.0
849,366,252,-1,274.43,0.0
850,367,94,1,514.73,0.2
851,367,215,1,501.1,0.0
852,367,205,3,367.74,0.1
853,368,139,2,835.42,0.0
854,368,42,1,328.75,0.0
855,369,156,1,372.8,0.0
856,369,75,1,299.66,0.0
857,369,108,1,378.75,0.0
858,370,222,2,264.61,0.05
859,371,205,1,367.74,0.0
860,372,101,1,488.42,0.0
861,372,128,1,686.4,0.05
862,373,258,2,626.09,0.05
863,373,142,1,717.32,0.0
864,374,51,2,863.34,0.2
865,375,96,1,682.77,0.0
866,376,123,1,840.94,0.0
867,376,259,1,533.22,0.2
868,377,26,1,259.69,0.1
869,377,7,1,357.42,0.15
870,378,239,2,517.8,0.0
871,378,54,2,679.71,0.1
872,378,80,2,166.05,0.15
873,379,239,2,517.8,0.0
874,379,5,1,503.34,0.0
875,380,12,1,156.75,0.0
876,380,228,1,162.75,0.0
877,380,240,1,555.47,0.0
878,381,263,1,222.36,0.05
879,381,80,1,166.05,0.0
880,382,62,1,244.7,0.0
881,382,21,1,614.24,0.0
882,383,282,1,280.61,0.0
883,383,257,1,8.4,0.0
884,383,151,1,625.19,0.1
885,384,20,2,548.49,0.0
886,384,196,1,518.75,0.1
887,385,183,1,942.96,0.05
888,385,296,2,361.73,0.15
889,385,73,1,346.78,0.0
890,386,5,1,503.34,0.0
891,387,58,1,87.55,0.1
892,387,148,1,304.48,0.0
893,387,13,1,152.16,0.15
894,388,52,1,12.48,0.0
895,389,126,1,240.49,0.1
896,389,169,1,458.05,0.0
897,390,216,1,492.92,0.2
898,390,300,2,133.29,0.1
899,390,242,1,166.1,0.0
900,390,57,1,510.39,0.1
901,391,289,1,635.36,0.0
902,391,80,1,166.05,0.15
903,392,152,2,910.86,0.0
904,393,19,1,727.02,0.0
905,393,105,1,375.87,0.0
906,394,118,1,611.17,0.05
907,394,250,1,1160.3575,0.2
908,394,96,2,682.77,0.0
909,394,155,1,607.36,0.0
910,394,93,1,98.57,0.0
911,395,96,1,682.77,0.1
912,395,230,1,829.69,0.0
913,395,194,1,222.76,0.0
914,395,106,3,150.04,0.0
915,396,65,1,460.75,0.0
916,396,244,1,263.25,0.0
917,397,120,1,146.96,0.05
918,397,121,1,183.38,0.0
919,398,43,3,97.72,0.0
920,398,220,3,475.38,0.1
921,399,238,1,192.17,0.0
922,399,224,2,23.12,0.0
923,400,245,1,1160.3575,0.0
924,400,234,1,486.72,0.0
925,400,90,3,219.22,0.0
926,400,39,2,412.64,0.1
927,401,85,1,530.7,0.0
928,402,207,1,518.71,0.0
929,402,54,2,679.71,0.2
931,402,300,2,133.29,0.0
932,402,93,1,98.57,0.2
933,403,138,1,54.35,0.0
934,403,13,2,152.16,0.0
935,403,10,3,309.24,0.1
936,404,150,1,182.12,0.0
937,404,235,1,370.09,0.15
938,404,115,2,251.88,0.1
939,404,289,1,635.36,0.0
940,404,285,1,667.54,0.0
941,405,282,1,280.61,0.05
942,405,116,1,862.37,0.05
943,405,253,1,621.95,0.1
944,405,294,1,141.94,0.0
945,406,221,1,704.75,0.0
946,407,106,1,150.04,0.0
947,407,192,1,697.79,0.05
948,408,254,-1,286.86,0.1
949,408,12,1,156.75,0.0
950,409,40,3,171.89,0.1
951,410,18,1,35.67,0.0
952,410,99,1,496.87,0.0
953,411,170,1,723.66,0.2
954,411,116,-1,862.37,0.0
955,411,18,1,35.67,0.0
956,412,126,1,240.49,0.0
957,412,202,3,514.85,0.0
958,412,276,1,341.21,0.0
959,413,47,1,513.39,0.0
960,413,171,2,14.73,0.0
961,413,69,3,274.11,0.0
962,414,191,1,457.7,0.0
963,414,94,1,514.73,0.1
964,415,51,1,863.34,0.0
965,415,118,1,611.17,0.0
966,415,66,3,447.18,0.1
967,415,164,1,446.58,0.1
968,415,205,1,367.74,0.0
969,416,293,1,709.48,0.05
970,417,55,1,395.52,0.05
971,418,72,1,286.08,0.05
972,419,72,1,286.08,0.05
973,419,129,2,492.47,0.0
974,420,277,2,437.32,0.0
975,420,4,1,17.97,0.0
976,420,221,1,704.75,0.0
977,421,286,1,47.93,0.0
978,421,30,1,477.17,0.0
979,422,258,2,626.09,0.0
980,423,245,1,1160.3575,0.1
981,423,261,1,429.63,0.0
982,423,87,1,564.0,0.15
983,424,285,1,667.54,0.0
984,424,55,1,395.52,0.0
985,425,97,1,628.48,0.0
986,425,7,1,357.42,0.15
987,426,6,2,531.19,0.05
988,426,202,1,514.85,0.05
989,427,27,3,686.85,0.0
990,427,35,1,425.48,0.0
991,427,119,1,519.85,0.0
992,428,91,1,369.86,0.0
993,428,45,3,511.39,0.0
994,429,20,1,548.49,0.0
995,429,215,2,501.1,0.0
996,430,182,1,500.91,0.0
997,430,89,1,247.06,0.0
998,430,218,1,127.17,0.1
999,431,133,1,479.79,0.0
1000,432,148,1,304.48,0.05
1001,433,216,2,492.92,0.1
1002,433,107,2,963.92,0.05
1003,434,175,1,600.57,0.0
1004,434,45,2,511.39,0.0
1005,435,87,1,564.0,0.0
1006,436,220,2,475.38,0.1
1007,437,151,2,625.19,0.0
1008,438,240,1,555.47,0.0
1009,439,117,1,567.69,0.0
1010,439,247,1,708.26,0.0
1011,440,17,1,953.82,0.0
1012,440,135,1,550.83,0.0
1013,441,268,1,23.79,0.0
1014,441,193,1,351.11,0.1
1015,442,68,1,133.13,0.0
1016,442,284,3,228.9,0.15
1017,442,189,1,24.7,0.15
1018,442,191,2,457.7,0.05
1019,443,57,1,510.39,0.0
1020,443,233,1,82.49,0.1
1021,444,19,1,727.02,0.0
1022,445,226,1,211.98,0.0
1023,445,62,1,244.7,0.0
1024,446,9,2,66.57,0.0
1025,446,221,1,704.75,0.0
1026,446,24,1,696.97,0.1
1027,447,258,2,626.09,0.2
1028,447,162,2,126.53,0.05
1029,447,155,1,607.36,0.0
1030,448,40,1,171.89,0.0
1031,448,16,1,245.66,0.0
1032,449,298,1,238.39,0.1
1033,449,42,1,328.75,0.0
1034,450,166,3,278.38,0.1
1035,450,120,1,146.96,0.0
1036,451,88,1,275.21,0.0
1037,451,275,1,82.62,0.05
1038,452,58,1,87.55,0.1
1039,452,215,1,501.1,0.2
1040,452,33,1,217.73,0.1
1041,453,140,1,500.02,0.15
1042,454,39,1,412.64,0.0
1043,454,258,2,626.09,0.0
1044,454,139,1,835.42,0.05
1045,455,130,2,454.11,0.0
1046,455,73,3,346.78,0.05
1047,455,1,1,433.54,0.0
1048,456,22,1,205.71,0.0
1049,456,277,1,437.32,0.05
1050,457,213,1,111.83,0.05
1051,457,154,2,115.68,0.0
1052,458,174,3,864.84,0.0
1053,458,142,1,717.32,0.0
1055,458,58,1,87.55,0.15
1056,459,286,1,47.93,0.0
1057,460,216,1,492.92,0.15
1058,460,138,1,54.35,0.1
1059,460,95,1,711.68,0.0
1060,460,249,2,682.27,0.0
1061,460,152,2,910.86,0.15
1062,461,300,1,133.29,0.15
1063,461,235,1,370.09,0.0
1064,462,193,1,351.11,0.0
1065,463,158,1,282.03,0.0
1066,463,218,1,127.17,0.1
1067,463,226,2,211.98,0.1
1068,463,9,-1,66.57,0.15
1069,464,292,1,425.68,0.0
1070,464,142,3,717.32,0.0
1071,465,238,1,192.17,0.05
1072,465,146,1,443.54,0.0
1073,466,96,1,682.77,0.0
1074,466,211,1,943.9,0.0
1075,466,204,1,578.66,0.0
1076,466,299,1,725.08,0.0
1077,466,80,1,166.05,0.05
1078,467,205,1,367.74,0.0
1079,467,96,1,682.77,0.1
1080,467,63,1,430.39,0.0
1081,468,98,-1,71.96,0.0
1082,468,65,1,460.75,0.0
1083,469,76,2,938.11,0.05
1084,469,157,1,701.5,0.05
1085,469,146,1,443.54,0.0
1086,469,61,1,512.76,0.0
1087,470,17,1,953.82,0.0
1088,470,197,1,538.79,0.05
1089,471,78,1,213.82,0.0
1090,471,119,1,519.85,0.15
1091,471,220,1,475.38,0.1
1092,471,134,1,541.79,0.05
1093,471,292,3,425.68,0.1
1094,472,44,1,6.81,0.0
1095,472,2,1,807.37,0.0
1096,472,270,1,1160.3575,0.0
1097,472,149,2,382.77,0.0
1098,473,38,1,364.99,0.0
1099,474,101,1,488.42,0.0
1100,474,180,1,843.45,0.0
1101,475,299,1,725.08,0.0
1102,475,248,1,75.61,0.0
1103,475,95,2,711.68,0.1
1104,475,230,1,829.69,0.05
1105,476,66,2,447.18,0.0
1106,476,3,1,978.72,0.0
1107,477,286,2,47.93,0.2
1108,477,123,3,840.94,0.0
1109,477,178,1,563.12,0.0
1110,477,131,1,797.13,0.1
1111,477,182,1,500.91,0.0
1112,478,201,1,567.68,0.0
1113,479,146,1,443.54,0.0
1114,480,142,-1,717.32,0.2
1115,481,108,1,378.75,0.0
1116,482,143,1,421.93,0.05
1117,482,228,1,162.75,0.0
1118,483,106,2,150.04,0.05
1119,483,214,1,304.46,0.0
1120,483,240,1,555.47,0.1
1121,484,286,1,47.93,0.2
1122,484,22,-1,205.71,0.05
1123,485,75,2,299.66,0.0
1124,486,84,2,43.2,0.0
1125,487,82,1,235.49,0.0
1126,487,241,1,306.12,0.0
1127,487,187,1,127.57,0.0
1128,488,33,1,217.73,0.05
1129,489,249,2,682.27,0.2
1130,489,209,1,797.01,0.0
1131,490,197,1,538.79,0.0
1132,491,199,1,51.0,0.0
1133,492,223,2,57.85,0.0
1134,492,272,2,5.69,0.0
1135,493,111,1,227.31,0.0
1136,494,70,1,402.01,0.0
1137,495,188,1,550.0,0.0
1138,495,96,3,682.77,0.0
1139,495,274,1,528.78,0.0
1140,496,140,-1,500.02,0.0
1141,497,169,1,458.05,0.0
1142,497,288,1,515.26,0.0
1143,497,180,1,843.45,0.0
1144,498,86,1,443.6,0.05
1145,499,121,3,183.38,0.0
1146,499,72,1,286.08,0.0
1147,500,208,1,260.07,0.0
1148,500,33,1,217.73,0.0
1149,500,102,1,396.98,0.0
1150,500,47,1,513.39,0.1
1151,501,67,1,355.8,0.0
1152,502,193,3,351.11,0.05
1153,503,236,1,55.21,0.15
1154,504,154,2,115.68,0.0
1155,504,170,1,723.66,0.0
1156,505,281,3,146.98,0.0
1157,505,96,-1,682.77,0.2
1158,506,52,1,12.48,0.0
1159,506,222,1,264.61,0.0
1160,506,74,1,171.2,0.05
1161,506,69,1,274.11,0.2
1162,507,165,1,605.76,0.0
1163,507,236,1,55.21,0.1
1164,507,133,1,479.79,0.0
1165,507,82,1,235.49,0.0
1166,508,49,1,850.7,0.2
1167,509,109,3,59.23,0.0
1168,510,248,1,75.61,0.0
1169,510,138,1,54.35,0.0
1170,510,227,1,192.19,0.0
1171,511,202,2,514.85,0.2
1172,512,253,1,621.95,0.0
1173,512,39,1,412.64,0.05
1174,512,18,3,35.67,0.0
1175,512,245,1,1160.3575,0.1
1177,513,172,1,104.56,0.0
1178,513,156,1,372.8,0.0
1179,513,20,1,548.49,0.1
1180,514,223,1,57.85,0.1
1181,514,220,1,475.38,0.0
1182,514,2,2,807.37,0.0
1183,515,183,1,942.96,0.1
1184,515,135,3,550.83,0.05
1185,515,230,1,829.69,0.0
1186,516,293,1,709.48,0.05
1187,516,143,2,421.93,0.0
1188,516,260,1,619.66,0.0
1189,517,107,1,963.92,0.0
1190,517,152,1,910.86,0.0
1191,518,281,1,146.98,0.15
1192,519,174,1,864.84,0.0
1193,519,94,1,514.73,0.0
1194,520,156,3,372.8,0.0
1195,520,83,1,243.1,0.05
1196,520,252,1,274.43,0.0
1197,520,73,3,346.78,0.0
1198,520,280,1,121.8,0.0
1199,521,40,-1,171.89,0.0
1200,521,295,1,139.02,0.0
1201,522,228,1,162.75,0.0
1202,522,99,2,496.87,0.0
1203,523,279,1,226.81,0.15
1204,524,183,3,942.96,0.05
1205,524,209,3,797.01,0.0
1206,525,181,1,37.18,0.2
1207,525,221,1,704.75,0.0
1208,525,229,1,690.53,0.1
1209,525,272,2,5.69,0.0
1210,526,79,1,308.93,0.0
1211,527,3,1,978.72,0.1
1212,527,271,1,756.22,0.0
1213,527,263,2,222.36,0.1
1214,527,22,1,205.71,0.0
1215,527,210,1,177.09,0.15
1216,528,24,2,696.97,0.0
1217,529,109,1,59.23,0.0
1218,529,222,1,264.61,0.1
1219,529,249,2,682.27,0.15
1220,530,57,1,510.39,0.0
1221,530,7,1,357.42,0.15
1222,531,8,1,295.82,0.0
1223,531,115,1,251.88,0.05
1224,531,300,2,133.29,0.1
1225,531,222,1,264.61,0.05
1226,531,76,1,938.11,0.1
1227,532,72,1,286.08,0.0
1228,532,9,1,66.57,0.1
1229,532,117,1,567.69,0.05
1230,532,242,1,166.1,0.0
1231,532,188,3,550.0,0.0
1232,533,104,1,957.31,0.0
1233,533,164,2,446.58,0.0
1234,533,264,2,16.2,0.0
1235,534,220,1,475.38,0.05
1236,535,216,2,492.92,0.0
1237,536,94,2,514.73,0.0
1238,536,45,1,511.39,0.2
1239,537,76,2,938.11,0.1
1240,538,12,3,156.75,0.15
1241,538,236,1,55.21,0.0
1242,539,117,1,567.69,0.1
1243,539,220,1,475.38,0.0
1244,539,278,1,402.71,0.0
1245,539,283,1,680.49,0.0
1246,540,161,1,68.77,0.0
1247,540,279,1,226.81,0.05
1248,541,165,1,605.76,0.0
1249,541,190,1,707.42,0.05
1250,542,135,1,550.83,0.0
1251,543,78,1,213.82,0.0
1252,543,59,3,287.12,0.1
1253,544,291,1,19.78,0.0
1254,545,251,1,439.11,0.0
1255,545,19,2,727.02,0.0
1256,546,284,1,228.9,0.0
1257,547,125,1,584.13,0.0
1258,547,236,1,55.21,0.0
1259,547,116,-1,862.37,0.0
1260,547,229,1,690.53,0.0
1261,548,175,1,600.57,0.05
1262,549,269,1,603.81,0.05
1263,549,114,1,23.97,0.05
1264,550,40,1,171.89,0.0
1265,551,102,1,396.98,0.2
1266,551,202,2,514.85,0.1
1267,551,20,1,548.49,0.0
1268,551,229,1,690.53,0.15
1269,552,211,-1,943.9,0.0
1270,553,112,3,10.73,0.05
1271,554,256,1,537.93,0.05
1272,554,76,1,938.11,0.0
1273,555,170,1,723.66,0.15
1274,555,84,-1,43.2,0.0
1275,555,47,1,513.39,0.2
1276,556,299,1,725.08,0.0
1277,556,107,1,963.92,0.1
1278,557,294,1,141.94,0.0
1279,558,2,1,807.37,0.15
1280,559,147,2,517.03,0.0
1281,559,154,2,115.68,0.05
1282,560,250,2,1160.3575,0.0
1283,561,124,-1,640.23,0.1
1284,561,78,1,213.82,0.1
1285,561,16,1,245.66,0.05
1286,562,236,1,55.21,0.05
1287,562,212,1,445.65,0.0
1288,563,17,1,953.82,0.1
1289,563,113,1,55.28,0.0
1290,563,107,1,963.92,0.2
1291,564,232,1,71.83,0.0
1292,565,85,1,530.7,0.1
1293,566,72,2,286.08,0.0
1294,566,282,1,280.61,0.0
1295,566,112,1,10.73,0.0
1296,566,196,2,518.75,0.05
1297,567,135,2,550.83,0.0
1298,567,111,3,227.31,0.2
1299,568,107,2,963.92,0.1
1300,569,274,3,528.78,0.0
1302,570,185,1,582.19,0.05
1303,571,77,1,103.53,0.0
1304,571,235,1,370.09,0.0
1305,571,110,1,52.92,0.15
1306,572,223,1,57.85,0.0
1307,572,271,2,756.22,0.0
1308,573,44,1,6.81,0.15
1309,574,8,1,295.82,0.0
1310,574,50,1,240.1,0.05
1311,575,28,1,749.19,0.0
1312,575,74,2,171.2,0.1
1313,575,126,3,240.49,0.05
1314,576,95,1,711.68,0.0
1315,577,71,1,362.18,0.05
1316,577,79,1,308.93,0.0
1317,577,162,1,126.53,0.0
1318,578,128,1,686.4,0.05
1319,578,70,2,402.01,0.0
1320,579,25,1,282.92,0.0
1321,579,24,2,696.97,0.0
1322,579,274,1,528.78,0.0
1323,580,60,2,148.68,0.0
1324,580,131,1,797.13,0.1
1325,581,153,2,530.38,0.0
1326,581,3,1,978.72,0.0
1327,582,299,3,725.08,0.0
1328,582,243,1,746.93,0.1
1329,582,294,1,141.94,0.05
1330,583,91,-1,369.86,0.2
1331,584,190,2,707.42,0.15
1332,584,214,1,304.46,0.0
1333,584,190,1,707.42,0.0
1334,584,190,1,707.42,0.15
1335,584,139,3,835.42,0.0
1336,585,209,1,797.01,0.05
1337,585,283,2,680.49,0.05
1338,585,104,2,957.31,0.05
1339,586,81,1,779.01,0.1
1340,586,215,3,501.1,0.05
1341,587,169,1,458.05,0.0
1342,587,14,1,90.93,0.0
1343,588,280,2,121.8,0.0
1344,588,115,1,251.88,0.0
1345,589,126,1,240.49,0.1
1346,590,3,3,978.72,0.0
1347,590,247,3,708.26,0.15
1348,590,72,1,286.08,0.0
1349,591,153,2,530.38,0.0
1350,591,143,2,421.93,0.05
1351,592,98,1,71.96,0.0
1352,593,135,1,550.83,0.05
1353,593,57,1,510.39,0.0
1354,593,150,1,182.12,0.0
1355,594,57,1,510.39,0.2
1356,595,127,1,111.4,0.0
1357,595,42,1,328.75,0.0
1358,595,111,1,227.31,0.05
1359,596,289,1,635.36,0.05
1360,597,38,-1,364.99,0.15
1361,598,43,2,97.72,0.0
1362,598,83,2,243.1,0.0
1363,598,214,2,304.46,0.15
1364,599,150,1,182.12,0.2
1365,600,80,-1,166.05,0.0
1366,601,52,1,12.48,0.0
1367,601,166,2,278.38,0.0
1368,602,51,1,863.34,0.0
1369,602,9,-1,66.57,0.0
1370,602,3,1,978.72,0.15
1371,603,236,2,55.21,0.0
1372,603,249,3,682.27,0.0
1373,603,110,3,52.92,0.0
1374,603,252,1,274.43,0.1
1375,604,256,1,537.93,0.2
1376,605,78,1,213.82,0.0
1377,606,222,3,264.61,0.0
1378,607,90,2,219.22,0.0
1379,607,39,1,412.64,0.05
1380,607,34,3,399.8,0.0
1381,607,142,1,717.32,0.15
1382,607,200,1,533.81,0.0
1383,608,175,1,600.57,0.0
1384,609,75,2,299.66,0.0
1385,610,186,1,290.81,0.0
1386,611,141,1,251.45,0.0
1387,612,263,1,222.36,0.1
1388,613,140,-1,500.02,0.1
1389,613,70,1,402.01,0.0
1390,614,83,1,243.1,0.0
1391,614,90,1,219.22,0.0
1392,614,242,1,166.1,0.0
1393,614,153,1,530.38,0.0
1394,615,53,1,192.38,0.15
1395,616,85,2,530.7,0.0
1396,616,4,2,17.97,0.0
1397,616,185,3,582.19,0.0
1398,616,238,1,192.17,0.0
1399,617,169,1,458.05,0.0
1400,617,65,2,460.75,0.0
1401,618,148,1,304.48,0.05
1402,618,90,1,219.22,0.0
1403,618,115,1,251.88,0.0
1404,619,300,2,133.29,0.05
1405,619,228,1,162.75,0.15
1406,620,177,3,156.12,0.1
1407,620,157,1,701.5,0.0
1408,621,26,1,259.69,0.0
1409,621,279,1,226.81,0.0
1410,622,140,1,500.02,0.15
1411,623,215,1,501.1,0.0
1412,623,283,1,680.49,0.0
1413,623,263,1,222.36,0.0
1414,623,83,1,243.1,0.1
1415,624,5,1,503.34,0.05
1416,625,17,1,953.82,0.0
1417,625,57,1,510.39,0.0
1418,626,145,2,61.15,0.0
1419,627,143,1,421.93,0.0
1420,628,150,1,182.12,0.15
1421,628,165,1,605.76,0.15
1422,628,199,1,51.0,0.0
1423,629,47,1,513.39,0.0
1424,629,81,1,779.01,0.1
1425,629,45,1,511.39,0.0
1426,629,62,1,244.7,0.0
1427,630,3,1,978.72,0.2
1428,630,17,-1,953.82,0.0
1429,630,81,1,779.01,0.0
1430,630,184,1,278.4,0.0
1431,631,109,1,59.23,0.0
1432,631,44,1,6.81,0.0
1433,632,175,1,600.57,0.05
1434,633,159,1,818.3,0.0
1435,633,74,1,171.2,0.0
1436,634,240,1,555.47,0.1
1437,634,146,1,443.54,0.0
1438,634,126,1,240.49,0.1
1439,635,54,3,679.71,0.05
1440,635,220,3,475.38,0.05
1441,635,177,1,156.12,0.0
1442,636,45,2,511.39,0.05
1443,637,68,1,133.13,0.05
1444,638,245,1,1160.3575,0.0
1445,638,78,1,213.82,0.0
1446,639,265,1,839.64,0.05
1447,639,113,3,55.28,0.0
1448,640,126,1,240.49,0.0
1449,641,38,1,364.99,0.0
1450,641,258,2,626.09,0.0
1451,641,246,2,574.84,0.0
1452,641,252,1,274.43,0.0
1453,642,269,1,603.81,0.0
1454,642,16,2,245.66,0.1
1455,642,220,1,475.38,0.0
1456,642,113,2,55.28,0.0
1457,643,128,1,686.4,0.1
1458,644,226,1,211.98,0.0
1459,645,209,1,797.01,0.0
1460,646,171,2,14.73,0.0
1461,646,216,2,492.92,0.1
1462,647,226,1,211.98,0.0
1463,647,138,2,54.35,0.0
1464,647,155,1,607.36,0.1
1465,648,253,1,621.95,0.2
1466,649,71,1,362.18,0.1
1467,649,27,1,686.85,0.0
1468,650,74,2,171.2,0.0
1469,650,80,1,166.05,0.15
1470,651,228,1,162.75,0.0
1471,651,72,2,286.08,0.1
1472,652,78,1,213.82,0.15
1473,652,266,1,110.99,0.15
1474,652,130,2,454.11,0.1
1475,652,109,1,59.23,0.0
1476,652,12,3,156.75,0.0
1477,653,196,1,518.75,0.0
1478,653,147,2,517.03,0.15
1479,653,13,1,152.16,0.0
1480,654,190,2,707.42,0.0
1481,655,170,1,723.66,0.0
1482,656,261,1,429.63,0.1
1483,656,147,1,517.03,0.0
1484,656,140,1,500.02,0.0
1485,656,261,1,429.63,0.05
1486,656,98,1,71.96,0.05
1487,657,26,1,259.69,0.05
1488,657,207,1,518.71,0.0
1489,658,20,1,548.49,0.0
1490,659,105,1,375.87,0.0
1491,659,188,1,550.0,0.0
1492,660,198,1,266.02,0.0
1493,660,104,1,957.31,0.0
1494,661,98,1,71.96,0.05
1495,662,127,1,111.4,0.0
1496,662,261,1,429.63,0.0
1497,663,23,1,235.35,0.0
1498,664,3,2,978.72,0.1
1500,664,264,1,16.2,0.0
1501,664,92,1,148.78,0.0
1502,664,114,1,23.97,0.0
1503,665,154,1,115.68,0.2
1505,665,279,1,226.81,0.0
1506,666,115,1,251.88,0.05
1507,666,248,2,75.61,0.0
1508,667,247,1,708.26,0.15
1509,668,25,2,282.92,0.05
1510,669,27,1,686.85,0.05
1511,669,229,-1,690.53,0.0
1512,669,219,3,211.99,0.05
1513,669,244,1,263.25,0.0
1514,670,21,1,614.24,0.05
1515,670,121,1,183.38,0.1
1516,671,195,1,132.26,0.0
1517,671,103,3,456.96,0.0
1518,671,297,1,89.43,0.0
1519,671,7,1,357.42,0.0
1520,671,125,1,584.13,0.1
1521,672,50,1,240.1,0.0
1522,672,78,1,213.82,0.0
1523,672,206,1,612.54,0.0
1524,673,105,1,375.87,0.0
1525,673,106,1,150.04,0.15
1526,673,56,1,186.07,0.0
1527,673,130,1,454.11,0.2
1528,674,12,2,156.75,0.0
1529,674,254,1,286.86,0.1
1530,674,187,1,127.57,0.0
1531,675,256,1,537.93,0.0
1532,675,18,1,35.67,0.05
1533,675,11,1,216.27,0.05
1534,675,194,2,222.76,0.0
1535,676,59,1,287.12,0.05
1536,676,102,-1,396.98,0.0
1537,677,46,3,397.56,0.0
1538,677,27,1,686.85,0.0
1539,677,284,1,228.9,0.0
1541,678,119,1,519.85,0.2
1542,678,279,2,226.81,0.05
1543,679,214,1,304.46,0.0
1544,679,88,1,275.21,0.05
1545,680,179,2,478.65,0.1
1546,680,235,2,370.09,0.2
1547,681,179,1,478.65,0.15
1548,682,230,1,829.69,0.0
1549,682,286,1,47.93,0.0
1550,682,217,1,479.18,0.0
1551,682,183,1,942.96,0.1
1552,683,246,1,574.84,0.15
1553,683,278,2,402.71,0.0
1554,684,204,2,578.66,0.1
1555,684,206,1,612.54,0.0
1556,684,223,1,57.85,0.1
1557,685,203,-1,431.09,0.0
1558,686,299,1,725.08,0.0
1559,687,78,1,213.82,0.2
1560,687,195,1,132.26,0.0
1561,688,38,3,364.99,0.15
1562,689,97,1,628.48,0.2
1563,689,181,2,37.18,0.0
1564,690,158,1,282.03,0.0
1565,690,185,2,582.19,0.0
1566,690,135,1,550.83,0.05
1567,690,229,1,690.53,0.15
1568,691,101,1,488.42,0.0
1569,691,175,1,600.57,0.0
1570,691,19,1,727.02,0.0
1571,692,93,1,98.57,0.1
1572,693,22,1,205.71,0.2
1573,693,11,3,216.27,0.1
1574,694,294,1,141.94,0.0
1575,694,148,-1,304.48,0.05
1576,694,48,2,231.62,0.1
1577,695,195,1,132.26,0.0
1578,696,34,1,399.8,0.05
1579,697,138,1,54.35,0.1
1580,698,214,2,304.46,0.0
1581,698,154,1,115.68,0.0
1582,699,261,3,429.63,0.0
1583,700,221,-1,704.75,0.05
1584,701,31,1,976.57,0.05
1585,702,5,1,503.34,0.0
1586,702,101,1,488.42,0.05
1587,702,251,3,439.11,0.1
1588,703,15,1,536.46,0.0
1589,704,3,1,978.72,0.0
1590,704,288,1,515.26,0.0
1591,704,34,1,399.8,0.0
1592,705,52,1,12.48,0.0
1593,706,236,2,55.21,0.0
1594,707,254,1,286.86,0.0
1595,707,180,1,843.45,0.0
1596,708,166,1,278.38,0.0
1597,708,156,1,372.8,0.0
1598,709,96,1,682.77,0.0
1599,710,72,2,286.08,0.05
1600,710,192,3,697.79,0.05
1601,710,86,2,443.6,0.0
1602,710,218,1,127.17,0.0
1603,710,227,1,192.19,0.0
1604,711,221,1,704.75,0.1
1605,711,173,3,587.7,0.0
1606,712,277,1,437.32,0.1
1607,712,215,1,501.1,0.05
1608,712,89,3,247.06,0.0
1609,713,47,1,513.39,0.05
1610,714,75,1,299.66,0.1
1611,714,127,1,111.4,0.0
1612,715,57,1,510.39,0.0
1613,715,147,1,517.03,0.0
1614,716,44,2,6.81,0.05
1615,716,300,1,133.29,0.0
1616,717,240,1,555.47,0.0
1617,718,219,1,211.99,0.05
1618,718,258,1,626.09,0.1
1619,719,227,1,192.19,0.0
1620,719,59,2,287.12,0.0
1621,719,232,1,71.83,0.0
1622,720,141,1,251.45,0.0
1623,721,254,1,286.86,0.0
1624,722,258,1,626.09,0.1
1625,722,25,1,282.92,0.05
1626,723,153,1,530.38,0.0
1627,723,123,2,840.94,0.0
1628,723,39,2,412.64,0.1
1629,724,126,1,240.49,0.0
1630,725,281,1,146.98,0.1
1631,725,282,1,280.61,0.05
1632,726,5,1,503.34,0.0
1633,727,239,1,517.8,0.0
1634,727,249,1,682.27,0.0
1635,728,243,3,746.93,0.0
1636,728,138,1,54.35,0.15
1637,728,273,2,560.24,0.0
1638,729,300,2,133.29,0.05
1639,729,156,1,372.8,0.15
1640,729,242,1,166.1,0.0
1641,730,121,1,183.38,0.05
1642,730,257,1,8.4,0.1
1643,731,196,3,518.75,0.0
1644,731,13,1,152.16,0.0
1645,731,101,1,488.42,0.1
1646,732,148,1,304.48,0.2
1647,733,112,1,10.73,0.2
1648,734,53,1,192.38,0.0
1649,735,213,1,111.83,0.0
1650,736,248,3,75.61,0.0
1651,736,119,1,519.85,0.0
1652,737,41,2,376.48,0.0
1653,737,75,2,299.66,0.05
1654,737,59,1,287.12,0.0
1655,738,136,1,974.39,0.05
1656,739,263,1,222.36,0.0
1657,740,206,1,612.54,0.1
1658,740,230,1,829.69,0.05
1659,740,267,1,253.7,0.1
1660,741,162,1,126.53,0.1
1661,741,64,1,29.71,0.0
1662,742,274,1,528.78,0.2
1663,742,5,1,503.34,0.0
1664,743,49,1,850.7,0.0
1665,744,157,1,701.5,0.0
1666,745,298,2,238.39,0.0
1667,745,86,1,443.6,0.0
1668,746,88,1,275.21,0.0
1669,747,270,1,1160.3575,0.0
1670,748,84,1,43.2,0.05
1671,749,121,1,183.38,0.15
1672,749,64,1,29.71,0.1
1673,749,112,1,10.73,0.0
1674,749,176,1,199.39,0.1
1675,750,131,2,797.13,0.1
1676,750,55,2,395.52,0.2
1677,751,293,1,709.48,0.0
1678,751,107,1,963.92,0.0
1679,752,5,2,503.34,0.1
1680,752,267,1,253.7,0.0
1681,753,70,1,402.01,0.15
1682,753,91,1,369.86,0.0
1683,754,261,1,429.63,0.15
1684,754,241,1,306.12,0.0
1685,755,6,1,531.19,0.0
1686,755,88,1,275.21,0.05
1687,755,49,1,850.7,0.0
1688,756,121,1,183.38,0.0
1689,757,87,1,564.0,0.2
1690,758,189,1,24.7,0.05
1691,759,34,-1,399.8,0.0
1692,759,295,1,139.02,0.0
1693,760,69,1,274.11,0.0
1694,761,37,1,608.8,0.0
1695,761,137,1,316.92,0.0
1696,761,19,1,727.02,0.0
1697,762,86,1,443.6,0.0
1698,762,48,1,231.62,0.0
1699,763,119,2,519.85,0.0
1700,763,77,1,103.53,0.0
1701,763,263,1,222.36,0.0
1702,763,154,1,115.68,0.0
1703,764,270,1,1160.3575,0.15
1704,765,90,1,219.22,0.05
1705,765,69,1,274.11,0.0
1706,765,105,1,375.87,0.1
1707,766,192,1,697.79,0.15
1708,766,5,1,503.34,0.0
1709,766,217,1,479.18,0.0
1710,767,282,1,280.61,0.0
1711,767,175,1,600.57,0.0
1712,768,194,1,222.76,0.0
1713,768,276,1,341.21,0.0
1714,769,44,2,6.81,0.05
1715,769,42,1,328.75,0.1
1716,770,184,1,278.4,0.05
1718,770,174,1,864.84,0.05
1719,771,134,1,541.79,0.05
1720,771,146,1,443.54,0.2
1721,771,223,1,57.85,0.0
1722,772,210,2,177.09,0.0
1723,772,249,1,682.27,0.0
1724,772,136,3,974.39,0.1
1725,773,229,1,690.53,0.2
1726,773,170,1,723.66,0.1
1727,773,276,1,341.21,0.05
1728,773,89,2,247.06,0.15
1729,774,209,2,797.01,0.1
1730,774,101,1,488.42,0.0
1731,775,296,1,361.73,0.0
1732,775,107,1,963.92,0.0
1733,776,244,1,263.25,0.0
1734,776,76,1,938.11,0.0
1735,777,261,2,429.63,0.0
1736,778,78,1,213.82,0.0
1737,778,46,1,397.56,0.1
1738,778,230,2,829.69,0.1
1739,779,89,1,247.06,0.15
1740,779,201,1,567.68,0.0
1741,779,284,3,228.9,0.05
1742,779,136,2,974.39,0.2
1743,780,172,1,104.56,0.0
1744,780,236,2,55.21,0.15
1745,780,123,1,840.94,0.0
1746,780,145,1,61.15,0.15
1747,781,228,1,162.75,0.0
1748,782,30,2,477.17,0.05
1749,783,260,1,619.66,0.05
1750,783,176,1,199.39,0.2
1751,784,67,3,355.8,0.0
1752,784,7,2,357.42,0.0
1753,784,293,1,709.48,0.0
1754,784,158,1,282.03,0.1
1755,785,205,2,367.74,0.2
1756,785,53,1,192.38,0.0
1757,786,157,1,701.5,0.0
1758,787,237,1,335.88,0.0
1759,788,191,1,457.7,0.0
1760,789,85,1,530.7,0.05
1762,790,162,1,126.53,0.0
1763,790,274,1,528.78,0.15
1764,790,29,1,103.82,0.0
1765,790,199,1,51.0,0.0
1766,791,257,1,8.4,0.0
1767,792,145,1,61.15,0.15
1768,792,86,3,443.6,0.0
1769,793,255,1,249.2,0.0
1770,793,105,3,375.87,0.0
1771,794,215,2,501.1,0.0
1772,795,251,1,439.11,0.0
1773,795,30,2,477.17,0.0
1774,795,39,3,412.64,0.2
1775,796,57,1,510.39,0.0
1776,796,111,1,227.31,0.15
1777,796,113,1,55.28,0.1
1778,796,281,2,146.98,0.1
1779,797,97,1,628.48,0.05
1780,797,89,1,247.06,0.0
1781,797,190,1,707.42,0.05
1782,797,27,2,686.85,0.05
1783,798,152,1,910.86,0.0
1784,798,46,1,397.56,0.0
1785,798,183,1,942.96,0.1
1786,798,165,1,605.76,0.0
1787,799,52,2,12.48,0.05
1788,800,161,1,68.77,0.0
1789,800,222,1,264.61,0.1
1790,800,156,1,372.8,0.0
1791,801,137,1,316.92,0.0
1792,801,43,3,97.72,0.15
1793,801,12,1,156.75,0.0
1794,801,196,-1,518.75,0.0
1795,802,129,1,492.47,0.05
1796,803,256,1,537.93,0.05
1797,803,196,2,518.75,0.0
1798,803,75,1,299.66,0.0
1799,804,72,1,286.08,0.05
1800,804,181,1,37.18,0.1
1801,805,238,3,192.17,0.0
1802,806,63,1,430.39,0.0
1803,806,96,3,682.77,0.1
1804,807,265,1,839.64,0.1
1805,807,283,1,680.49,0.1
1806,807,135,1,550.83,0.1
1807,807,245,1,1160.3575,0.2
1808,808,43,1,97.72,0.2
1809,809,49,3,850.7,0.0
1810,810,261,3,429.63,0.0
1811,810,178,1,563.12,0.2
1812,811,66,2,447.18,0.0
1813,811,46,-1,397.56,0.1
1814,812,142,1,717.32,0.0
1815,812,296,1,361.73,0.0
1816,812,169,1,458.05,0.05
1817,812,267,1,253.7,0.2
1818,813,63,1,430.39,0.1
1819,814,184,2,278.4,0.2
1820,814,111,1,227.31,0.1
1821,815,285,1,667.54,0.0
1822,815,271,1,756.22,0.0
1823,816,274,1,528.78,0.15
1824,816,85,1,530.7,0.15
1825,816,57,1,510.39,0.0
1826,817,153,1,530.38,0.1
1827,817,210,1,177.09,0.0
1828,818,138,1,54.35,0.0
1829,819,103,1,456.96,0.0
1830,819,169,1,458.05,0.0
1831,820,45,3,511.39,0.0
1832,820,270,1,1160.3575,0.15
1833,820,220,1,475.38,0.1
1834,820,61,2,512.76,0.05
1835,820,172,1,104.56,0.05
1836,821,58,1,87.55,0.0
1837,822,259,2,533.22,0.0
1838,822,99,2,496.87,0.0
1839,823,144,1,299.76,0.0
1840,824,284,1,228.9,0.05
1841,824,224,1,23.12,0.0
1842,825,154,1,115.68,0.0
1843,826,249,1,682.27,0.0
1844,826,214,2,304.46,0.0
1845,827,207,1,518.71,0.0
1846,827,171,1,14.73,0.0
1847,827,154,1,115.68,0.0
1848,827,79,1,308.93,0.1
1849,828,44,2,6.81,0.15
1850,829,164,1,446.58,0.0
1851,829,94,1,514.73,0.0
1852,830,203,1,431.09,0.0
1853,831,52,1,12.48,0.0
1854,831,190,1,707.42,0.0
1855,831,154,1,115.68,0.0
1856,832,92,1,148.78,0.05
1857,832,173,1,587.7,0.0
1858,833,19,1,727.02,0.0
1859,833,135,1,550.83,0.05
1860,834,53,1,192.38,0.0
1861,834,73,1,346.78,0.1
1862,834,28,1,749.19,0.15
1863,835,239,1,517.8,0.0
1864,835,64,3,29.71,0.05
1865,836,135,1,550.83,0.0
1866,836,188,1,550.0,0.0
1867,836,54,1,679.71,0.0
1868,837,192,1,697.79,0.05
1869,838,10,2,309.24,0.05
1870,839,257,1,8.4,0.0
1871,839,272,2,5.69,0.0
1872,840,155,1,607.36,0.0
1873,840,129,1,492.47,0.0
1874,840,50,1,240.1,0.2
1875,841,164,1,446.58,0.2
1876,842,237,1,335.88,0.05
1877,843,21,2,614.24,0.0
1878,843,197,1,538.79,0.1
1879,843,18,1,35.67,0.0
1880,844,80,1,166.05,0.1
1881,844,122,1,607.34,0.1
1882,845,102,2,396.98,0.0
1883,845,183,1,942.96,0.0
1884,846,139,2,835.42,0.2
1885,846,177,2,156.12,0.1
1886,847,159,1,818.3,0.05
1887,847,117,1,567.69,0.1
1888,848,33,3,217.73,0.0
1889,848,101,1,488.42,0.1
1890,848,6,1,531.19,0.15
1891,849,79,1,308.93,0.0
1892,849,176,1,199.39,0.2
1893,850,268,1,23.79,0.15
1894,850,65,1,460.75,0.2
1895,850,86,1,443.6,0.05
1896,850,82,2,235.49,0.0
1897,851,202,-1,514.85,0.1
1898,851,136,1,974.39,0.0
1899,851,110,1,52.92,0.05
1900,851,147,3,517.03,0.0
1901,852,97,1,628.48,0.0
1902,852,30,1,477.17,0.1
1903,852,52,1,12.48,0.0
1904,852,220,1,475.38,0.1
1905,853,85,1,530.7,0.0
1906,853,125,1,584.13,0.0
1907,853,50,1,240.1,0.0
1908,854,203,3,431.09,0.0
1909,854,294,1,141.94,0.0
1910,855,192,1,697.79,0.0
1911,855,34,1,399.8,0.0
1912,856,203,1,431.09,0.05
1913,856,200,2,533.81,0.0
1914,856,83,1,243.1,0.0
1915,856,206,1,612.54,0.0
1916,857,119,1,519.85,0.0
1917,857,129,2,492.47,0.0
1918,857,250,1,1160.3575,0.0
1919,858,36,1,749.87,0.0
1920,859,6,1,531.19,0.0
1921,859,127,1,111.4,0.0
1922,860,58,1,87.55,0.05
1923,861,73,2,346.78,0.15
1924,861,189,1,24.7,0.1
1925,862,168,2,649.6,0.0
1926,862,130,1,454.11,0.0
1927,863,46,1,397.56,0.0
1928,864,290,1,908.96,0.15
1929,864,233,1,82.49,0.15
1930,864,249,1,682.27,0.0
1931,865,130,3,454.11,0.05
1933,866,285,1,667.54,0.0
1934,866,287,1,754.14,0.1
1935,866,207,1,518.71,0.1
1936,867,233,1,82.49,0.05
1937,868,136,1,974.39,0.0
1938,869,1,1,433.54,0.0
1939,870,278,1,402.71,0.0
1940,870,175,2,600.57,0.0
1941,870,299,2,725.08,0.0
1942,870,154,2,115.68,0.0
1943,871,231,1,410.59,0.05
1944,871,175,1,600.57,0.0
1945,872,260,1,619.66,0.15
1946,873,195,1,132.26,0.0
1947,873,223,1,57.85,0.0
1948,873,209,1,797.01,0.0
1949,873,281,1,146.98,0.05
1950,873,226,2,211.98,0.0
1951,874,115,1,251.88,0.0
1952,875,184,1,278.4,0.0
1953,875,96,1,682.77,0.0
1954,875,86,1,443.6,0.0
1955,876,118,1,611.17,0.0
1956,876,15,2,536.46,0.2
1957,877,67,1,355.8,0.0
1958,878,176,1,199.39,0.05
1959,879,273,1,560.24,0.15
1960,880,160,3,150.1,0.0
1962,880,127,-1,111.4,0.0
1963,881,218,1,127.17,0.05
1964,881,204,1,578.66,0.0
1965,882,247,1,708.26,0.15
1966,882,167,1,39.88,0.2
1967,882,296,1,361.73,0.0
1968,882,269,2,603.81,0.0
1969,883,291,1,19.78,0.0
1970,883,58,1,87.55,0.05
1971,883,154,1,115.68,0.0
1972,884,41,1,376.48,0.0
1973,885,2,1,807.37,0.15
1974,885,188,3,550.0,0.0
1975,885,256,1,537.93,0.05
1976,886,164,1,446.58,0.0
1977,886,88,1,275.21,0.05
1978,886,142,1,717.32,0.0
1979,886,204,1,578.66,0.0
1980,887,260,3,619.66,0.0
1981,887,285,1,667.54,0.0
1982,887,219,1,211.99,0.0
1983,887,229,-1,690.53,0.0
1984,887,249,1,682.27,0.05
1985,888,187,1,127.57,0.0
1986,889,38,1,364.99,0.0
1987,890,290,1,908.96,0.0
1988,890,102,2,396.98,0.0
1989,890,53,1,192.38,0.2
1990,891,228,1,162.75,0.05
1991,891,239,1,517.8,0.15
1992,891,57,-1,510.39,0.2
1993,891,154,1,115.68,0.0
1994,892,265,3,839.64,0.0
1995,892,154,1,115.68,0.2
1996,893,237,1,335.88,0.15
1997,893,98,1,71.96,0.0
1998,893,156,1,372.8,0.0
1999,894,208,2,260.07,0.1
2000,895,293,1,709.48,0.1
2001,895,274,1,528.78,0.05
2002,896,291,1,19.78,0.05
2003,896,182,1,500.91,0.0
2004,896,86,1,443.6,0.05
2005,897,17,1,953.82,0.1
2006,898,171,1,14.73,0.0
2007,898,59,2,287.12,0.0
2008,898,160,3,150.1,0.0
2009,898,169,1,458.05,0.2
2010,899,115,1,251.88,0.0
2011,899,140,1,500.02,0.0
2012,899,276,1,341.21,0.1
2013,899,166,1,278.38,0.05
2014,900,11,2,216.27,0.0
2015,900,84,1,43.2,0.0
2016,900,207,1,518.71,0.0
2017,900,289,1,635.36,0.0
2018,901,160,1,150.1,0.0
2019,901,167,1,39.88,0.05
2020,902,253,1,621.95,0.05
2021,902,222,1,264.61,0.0
2022,903,295,1,139.02,0.0
2023,903,109,1,59.23,0.05
2024,903,178,1,563.12,0.0
2025,903,172,1,104.56,0.0
2026,903,262,1,214.85,0.0
2027,904,107,1,963.92,0.2
2028,904,52,2,12.48,0.0
2029,905,235,1,370.09,0.0
2030,905,166,3,278.38,0.0
2031,906,46,1,397.56,0.0
2032,906,256,1,537.93,0.0
2033,907,202,1,514.85,0.0
2034,907,191,2,457.7,0.1
2035,907,120,1,146.96,0.1
2036,907,265,1,839.64,0.0
2037,907,177,3,156.12,0.0
2038,908,255,2,249.2,0.0
2039,909,264,1,16.2,0.0
2040,910,39,1,412.64,0.15
2041,911,1,1,433.54,0.15
2042,911,149,1,382.77,0.0
2043,911,198,1,266.02,0.0
2044,911,229,1,690.53,0.0
2045,912,20,1,548.49,0.0
2046,913,77,1,103.53,0.0
2047,913,51,1,863.34,0.0
2048,913,201,1,567.68,0.0
2049,914,181,1,37.18,0.1
2050,914,216,3,492.92,0.0
2051,914,19,1,727.02,0.0
2052,915,18,1,35.67,0.15
2053,916,149,1,382.77,0.05
2054,916,181,1,37.18,0.0
2055,916,15,3,536.46,0.0
2056,917,292,1,425.68,0.05
2057,917,146,1,443.54,0.0
2058,918,223,1,57.85,0.0
2059,918,191,1,457.7,0.0
2060,919,180,1,843.45,0.1
2061,919,107,-1,963.92,0.0
2062,920,76,1,938.11,0.0
2063,921,241,1,306.12,0.0
2064,922,83,2,243.1,0.0
2065,922,247,1,708.26,0.0
2066,923,13,1,152.16,0.2
2067,924,282,2,280.61,0.0
2068,924,235,1,370.09,0.0
2069,925,145,1,61.15,0.0
2070,926,81,1,779.01,0.05
2071,927,290,3,908.96,0.0
2072,927,212,2,445.65,0.0
2073,927,100,1,283.25,0.0
2074,927,81,1,779.01,0.0
2075,927,207,1,518.71,0.0
2076,928,240,1,555.47,0.1
2077,928,95,1,711.68,0.05
2078,929,260,2,619.66,0.0
2079,929,207,1,518.71,0.05
2080,929,93,1,98.57,0.0
2081,930,286,1,47.93,0.0
2082,931,145,1,61.15,0.0
2083,931,133,1,479.79,0.0
2084,931,202,1,514.85,0.0
2085,932,38,2,364.99,0.15
2086,933,63,3,430.39,0.1
2087,933,128,1,686.4,0.0
2088,934,291,2,19.78,0.0
2089,934,298,2,238.39,0.05
2090,934,194,3,222.76,0.05
2091,934,156,1,372.8,0.0
2092,935,144,1,299.76,0.1
2093,936,176,3,199.39,0.05
2094,937,159,1,818.3,0.0
2095,937,1,1,433.54,0.0
2096,937,198,1,266.02,0.0
2097,938,135,2,550.83,0.0
2098,939,242,1,166.1,0.1
2099,939,138,1,54.35,0.0
2100,940,269,1,603.81,0.05
2101,940,55,1,395.52,0.0
2102,941,37,1,608.8,0.0
2103,941,219,2,211.99,0.0
2104,941,34,1,399.8,0.0
2105,941,204,1,578.66,0.05
2106,941,14,-1,90.93,0.05
2107,942,20,1,548.49,0.0
2108,943,288,1,515.26,0.05
2109,943,266,1,110.99,0.0
2110,944,13,-1,152.16,0.15
2111,944,240,1,555.47,0.0
2112,944,114,1,23.97,0.0
2113,945,53,1,192.38,0.15
2114,945,294,1,141.94,0.0
2115,946,138,1,54.35,0.0
2116,946,183,1,942.96,0.0
2117,946,117,1,567.69,0.05
2118,946,290,1,908.96,0.2
2119,947,14,2,90.93,0.05
2120,947,1,2,433.54,0.1
2121,948,110,1,52.92,0.05
2122,948,245,1,1160.3575,0.0
2123,948,233,1,82.49,0.0
2124,948,219,1,211.99,0.0
2125,948,78,3,213.82,0.0
2126,949,125,2,584.13,0.0
2127,949,199,1,51.0,0.05
2128,949,41,-1,376.48,0.2
2129,949,103,2,456.96,0.15
2130,949,200,1,533.81,0.0
2132,950,237,1,335.88,0.0
2133,950,199,1,51.0,0.0
2134,950,286,1,47.93,0.15
2135,951,274,1,528.78,0.0
2136,951,152,1,910.86,0.05
2137,951,249,1,682.27,0.15
2138,952,203,1,431.09,0.05
2139,952,186,1,290.81,0.05
2140,952,29,1,103.82,0.05
2141,953,57,1,510.39,0.05
2142,953,168,1,649.6,0.0
2143,953,236,1,55.21,0.0
2144,954,285,1,667.54,0.05
2145,955,288,2,515.26,0.0
2146,955,112,1,10.73,0.0
2147,955,64,1,29.71,0.15
2148,956,71,1,362.18,0.0
2149,957,42,1,328.75,0.2
2150,958,80,1,166.05,0.0
2151,958,224,1,23.12,0.0
2152,958,34,1,399.8,0.0
2153,959,293,1,709.48,0.05
2154,959,72,2,286.08,0.0
2155,959,206,2,612.54,0.15
2156,960,291,1,19.78,0.1
2157,960,161,1,68.77,0.05
2158,961,220,2,475.38,0.05
2159,961,58,2,87.55,0.15
2160,961,114,1,23.97,0.0
2161,962,171,1,14.73,0.0
2162,962,29,2,103.82,0.15
2163,963,183,1,942.96,0.05
2164,964,92,2,148.78,0.2
2165,965,38,1,364.99,0.0
2166,965,177,1,156.12,0.0
2167,966,184,-1,278.4,0.1
2168,967,232,1,71.83,0.0
2169,968,218,1,127.17,0.0
2170,968,238,2,192.17,0.0
2171,968,285,1,667.54,0.1
2172,969,128,1,686.4,0.15
2173,969,296,3,361.73,0.05
2174,970,88,2,275.21,0.0
2175,970,268,1,23.79,0.0
2176,970,118,1,611.17,0.2
2177,970,149,1,382.77,0.0
2179,970,69,1,274.11,0.05
2180,971,36,1,749.87,0.05
2181,972,168,1,649.6,0.0
2182,973,156,1,372.8,0.1
2183,974,215,1,501.1,0.0
2184,975,98,1,71.96,0.05
2185,976,223,2,57.85,0.0
2186,976,16,2,245.66,0.0
2187,977,286,1,47.93,0.05
2188,977,106,2,150.04,0.0
2189,978,136,1,974.39,0.0
2190,978,148,1,304.48,0.05
2191,979,74,1,171.2,0.0
2192,979,265,1,839.64,0.0
2193,980,209,1,797.01,0.2
2194,980,100,1,283.25,0.1
2195,980,191,1,457.7,0.0
2196,981,234,1,486.72,0.05
2197,982,208,1,260.07,0.0
2198,982,102,1,396.98,0.0
2199,983,223,2,57.85,0.0
2200,984,228,1,162.75,0.0
2201,985,260,1,619.66,0.1
2202,985,279,1,226.81,0.1
2203,985,159,2,818.3,0.0
2204,985,113,1,55.28,0.05
2205,986,181,1,37.18,0.0
2206,987,281,1,146.98,0.05
2207,987,240,1,555.47,0.0
2208,987,167,2,39.88,0.05
2209,988,293,1,709.48,0.15
2210,988,56,2,186.07,0.05
2211,988,93,1,98.57,0.0
2212,988,268,1,23.79,0.0
2214,988,264,1,16.2,0.0
2215,989,117,1,567.69,0.2
2216,989,200,3,533.81,0.05
2217,989,293,1,709.48,0.05
2218,989,65,1,460.75,0.05
2219,990,277,2,437.32,0.05
2220,990,75,1,299.66,0.05
2221,990,288,2,515.26,0.0
2222,991,240,1,555.47,0.0
2223,991,292,1,425.68,0.0
2224,991,146,1,443.54,0.2
2225,991,153,2,530.38,0.0
2226,991,130,2,454.11,0.0
2227,992,70,1,402.01,0.1
2228,992,119,1,519.85,0.0
2229,992,291,1,19.78,0.0
2230,993,265,1,839.64,0.05
2231,994,294,3,141.94,0.0
2232,994,231,1,410.59,0.0
2233,994,169,1,458.05,0.2
2234,995,20,1,548.49,0.2
2235,995,227,1,192.19,0.0
2236,995,239,1,517.8,0.0
2237,995,99,1,496.87,0.0
2238,995,252,1,274.43,0.0
2239,996,7,1,357.42,0.0
2240,997,23,1,235.35,0.0
2241,997,71,3,362.18,0.05
2242,997,101,1,488.42,0.0
2243,998,28,1,749.19,0.2
2244,999,169,2,458.05,0.0
2245,999,161,1,68.77,0.05
2246,999,22,3,205.71,0.0
2247,1000,159,1,818.3,0.15
2248,1000,141,2,251.45,0.1
2249,1001,48,3,231.62,0.0
2250,1001,8,2,295.82,0.0
2251,1001,208,1,260.07,0.0
2252,1001,278,1,402.71,0.05
2253,1002,181,1,37.18,0.0
2254,1002,190,1,707.42,0.15
2255,1003,256,1,537.93,0.1
2256,1003,160,3,150.1,0.0
2257,1004,211,1,943.9,0.0
2258,1005,218,2,127.17,0.0
2259,1005,95,1,711.68,0.0
2260,1005,173,1,587.7,0.0
2261,1005,20,1,548.49,0.15
2262,1005,35,3,425.48,0.05
2263,1006,17,1,953.82,0.0
2264,1007,100,1,283.25,0.1
2265,1007,38,1,364.99,0.0
2266,1008,246,1,574.84,0.0
2267,1009,228,1,162.75,0.0
2268,1009,162,1,126.53,0.0
2269,1009,278,1,402.71,0.0
2270,1010,266,2,110.99,0.05
2271,1011,150,1,182.12,0.05
2272,1011,297,1,89.43,0.05
2273,1012,136,1,974.39,0.05
2274,1012,176,1,199.39,0.0
2275,1013,134,1,541.79,0.0
2276,1013,140,1,500.02,0.0
2277,1013,28,-1,749.19,0.0
2278,1013,264,1,16.2,0.0
2279,1014,70,1,402.01,0.2
2280,1015,175,1,600.57,0.0
2281,1016,6,2,531.19,0.0
2282,1016,206,1,612.54,0.2
2283,1017,299,1,725.08,0.15
2284,1018,192,1,697.79,0.0
2285,1019,285,1,667.54,0.0
2286,1019,2,3,807.37,0.0
2288,1019,264,2,16.2,0.05
2289,1019,53,1,192.38,0.0
2291,1020,297,1,89.43,0.0
2292,1020,78,1,213.82,0.0
2293,1020,28,1,749.19,0.0
2294,1020,293,3,709.48,0.0
2295,1020,55,1,395.52,0.05
2296,1021,148,1,304.48,0.0
2297,1022,89,1,247.06,0.15
2298,1023,171,1,14.73,0.1
2299,1023,232,1,71.83,0.0
2300,1023,178,1,563.12,0.05
2301,1024,58,1,87.55,0.05
2302,1024,21,3,614.24,0.1
2303,1025,228,2,162.75,0.1
2304,1025,294,2,141.94,0.05
2305,1025,274,1,528.78,0.05
2306,1026,46,2,397.56,0.0
2307,1026,24,2,696.97,0.0
2308,1027,18,1,35.67,0.0
2309,1028,183,1,942.96,0.0
2310,1028,296,1,361.73,0.0
2311,1028,125,1,584.13,0.2
2312,1029,266,1,110.99,0.05
2313,1029,274,1,528.78,0.05
2314,1029,284,1,228.9,0.05
2315,1029,85,1,530.7,0.0
2316,1030,102,1,396.98,0.05
2317,1030,5,2,503.34,0.0
2318,1030,215,1,501.1,0.0
2319,1031,152,1,910.86,0.0
2320,1031,248,3,75.61,0.0
2321,1031,73,3,346.78,0.1
2322,1031,241,-1,306.12,0.0
2323,1032,299,1,725.08,0.0
2324,1033,221,1,704.75,0.0
2325,1034,93,1,98.57,0.1
2326,1034,258,1,626.09,0.05
2327,1035,169,1,458.05,0.15
2328,1036,70,1,402.01,0.0
2329,1036,110,1,52.92,0.15
2331,1036,169,3,458.05,0.0
2332,1036,171,1,14.73,0.0
2333,1037,57,1,510.39,0.0
2334,1037,147,2,517.03,0.0
2335,1038,206,1,612.54,0.0
2336,1038,32,3,338.4,0.1
2337,1039,162,3,126.53,0.0
2338,1040,110,2,52.92,0.2
2339,1041,234,2,486.72,0.0
2340,1042,8,1,295.82,0.1
2341,1043,153,1,530.38,0.1
2342,1044,152,1,910.86,0.15
2343,1045,88,3,275.21,0.0
2344,1046,270,2,1160.3575,0.0
2345,1047,169,1,458.05,0.0
2346,1047,86,2,443.6,0.0
2347,1047,236,1,55.21,0.05
2348,1047,108,1,378.75,0.15
2349,1048,227,3,192.19,0.05
2350,1049,74,1,171.2,0.05
2351,1050,116,2,862.37,0.0
2352,1050,4,1,17.97,0.05
2353,1051,189,1,24.7,0.0
2354,1051,99,3,496.87,0.0
2355,1051,232,1,71.83,0.05
2356,1052,300,1,133.29,0.0
2357,1052,237,1,335.88,0.05
2358,1053,12,1,156.75,0.0
2359,1053,79,1,308.93,0.0
2360,1053,267,1,253.7,0.1
2361,1053,297,2,89.43,0.15
2362,1054,286,1,47.93,0.2
2363,1054,299,1,725.08,0.1
2364,1055,6,1,531.19,0.2
2365,1055,136,1,974.39,0.0
2366,1056,84,1,43.2,0.05
2367,1056,239,3,517.8,0.0
2368,1056,217,2,479.18,0.0
2369,1056,161,1,68.77,0.0
2370,1056,82,1,235.49,0.0
2371,1057,25,1,282.92,0.2
2372,1058,193,1,351.11,0.0
2373,1058,282,1,280.61,0.0
2374,1059,188,2,550.0,0.0
2375,1059,102,1,396.98,0.0
2376,1059,231,1,410.59,0.0
2377,1059,164,3,446.58,0.0
2378,1059,189,1,24.7,0.15
2379,1060,292,1,425.68,0.0
2380,1061,43,1,97.72,0.0
2381,1062,83,1,243.1,0.0
2382,1063,257,1,8.4,0.1
2383,1063,161,1,68.77,0.0
2384,1064,152,1,910.86,0.0
2385,1064,70,1,402.01,0.0
2386,1065,281,1,146.98,0.2
2387,1065,186,1,290.81,0.0
2388,1065,47,2,513.39,0.05
2389,1066,224,1,23.12,0.05
2390,1066,12,1,156.75,0.0
2391,1066,46,2,397.56,0.15
2392,1066,85,1,530.7,0.0
2393,1066,32,1,338.4,0.0
2394,1067,122,3,607.34,0.0
2395,1067,45,1,511.39,0.0
2396,1067,59,1,287.12,0.0
2397,1068,104,1,957.31,0.1
2398,1068,91,2,369.86,0.0
2399,1069,60,1,148.68,0.1
2400,1070,157,1,701.5,0.0
2401,1071,297,1,89.43,0.0
2402,1071,81,1,779.01,0.1
2403,1071,295,2,139.02,0.0
2404,1072,106,1,150.04,0.2
2405,1072,221,2,704.75,0.05
2406,1072,154,-1,115.68,0.05
2407,1073,289,1,635.36,0.0
2408,1073,246,1,574.84,0.0
2409,1073,58,1,87.55,0.0
2410,1074,253,1,621.95,0.15
2411,1074,201,1,567.68,0.1
2412,1075,39,2,412.64,0.1
2413,1076,258,1,626.09,0.0
2414,1076,29,1,103.82,0.15
2415,1076,16,3,245.66,0.1
2416,1076,195,2,132.26,0.0
2417,1076,237,1,335.88,0.0
2418,1077,71,-1,362.18,0.0
2419,1078,5,2,503.34,0.0
2420,1078,34,1,399.8,0.0
2421,1079,208,1,260.07,0.0
2422,1079,147,2,517.03,0.0
2423,1079,99,1,496.87,0.05
2424,1079,172,1,104.56,0.0
2425,1080,73,1,346.78,0.0
2426,1080,141,1,251.45,0.2
2427,1080,59,2,287.12,0.2
2428,1080,110,3,52.92,0.0
2429,1081,281,1,146.98,0.0
2430,1081,99,1,496.87,0.0
2431,1081,133,1,479.79,0.0
2432,1081,266,1,110.99,0.0
2433,1082,119,1,519.85,0.0
2434,1083,295,1,139.02,0.0
2435,1083,184,1,278.4,0.0
2436,1083,138,1,54.35,0.0
2437,1083,279,1,226.81,0.0
2438,1084,53,1,192.38,0.15
2439,1084,193,1,351.11,0.0
2440,1085,139,1,835.42,0.0
2441,1085,204,1,578.66,0.0
2442,1085,131,3,797.13,0.15
2443,1086,102,1,396.98,0.1
2444,1086,162,1,126.53,0.0
2445,1086,211,2,943.9,0.0
2446,1087,71,1,362.18,0.1
2447,1087,268,1,23.79,0.0
2448,1088,107,1,963.92,0.0
2449,1088,29,3,103.82,0.0
2450,1088,231,1,410.59,0.1
2451,1089,59,1,287.12,0.0
2452,1090,288,1,515.26,0.15
2453,1090,238,1,192.17,0.05
2454,1091,93,1,98.57,0.0
2455,1092,44,-1,6.81,0.1
2456,1093,4,3,17.97,0.0
2457,1094,146,1,443.54,0.0
2458,1094,161,1,68.77,0.1
2459,1095,264,1,16.2,0.05
2460,1095,24,1,696.97,0.0
2461,1095,53,1,192.38,0.05
2462,1095,173,1,587.7,0.2
2463,1096,145,1,61.15,0.15
2464,1097,278,1,402.71,0.0
2465,1097,274,2,528.78,0.05
2466,1097,252,1,274.43,0.0
2467,1098,234,3,486.72,0.0
2468,1099,240,3,555.47,0.05
2469,1099,143,1,421.93,0.05
2471,1099,296,1,361.73,0.2
2472,1099,154,3,115.68,0.0
2473,1100,296,1,361.73,0.1
2474,1101,173,-1,587.7,0.0
2475,1101,248,-1,75.61,0.0
2476,1101,254,1,286.86,0.0
2477,1101,62,1,244.7,0.0
2478,1102,282,3,280.61,0.1
2479,1102,293,-1,709.48,0.0
2480,1102,208,1,260.07,0.0
2481,1103,185,1,582.19,0.0
2482,1103,272,1,5.69,0.0
2483,1104,11,1,216.27,0.1
2484,1104,32,1,338.4,0.0
2485,1104,223,2,57.85,0.15
2486,1104,19,1,727.02,0.1
2487,1105,80,1,166.05,0.05
2488,1105,156,1,372.8,0.1
2489,1106,147,1,517.03,0.0
2490,1106,163,1,598.68,0.0
2491,1106,142,1,717.32,0.0
2492,1106,53,1,192.38,0.0
2493,1107,171,2,14.73,0.1
2494,1108,65,2,460.75,0.0
2495,1109,6,1,531.19,0.05
2496,1110,45,1,511.39,0.0
2497,1111,65,1,460.75,0.0
2498,1111,295,1,139.02,0.0
2499,1112,107,1,963.92,0.0
2500,1112,133,1,479.79,0.0
2501,1113,113,1,55.28,0.0
2502,1114,242,2,166.1,0.05
2503,1114,28,1,749.19,0.05
2504,1114,107,1,963.92,0.15
2505,1115,101,1,488.42,0.05
2506,1116,43,1,97.72,0.05
2507,1116,7,1,357.42,0.0
2508,1117,198,1,266.02,0.15
2509,1117,198,1,266.02,0.1
2510,1118,277,2,437.32,0.0
2511,1118,223,1,57.85,0.0
2512,1118,231,1,410.59,0.2
2513,1119,68,1,133.13,0.0
2514,1120,240,3,555.47,0.05
2515,1120,112,1,10.73,0.0
2516,1121,298,2,238.39,0.0
2517,1121,186,2,290.81,0.05
2518,1122,269,1,603.81,0.05
2519,1122,235,1,370.09,0.0
2520,1123,73,1,346.78,0.0
2521,1123,1,1,433.54,0.0
2522,1124,290,2,908.96,0.0
2523,1125,132,1,299.38,0.15
2524,1126,223,2,57.85,0.05
2525,1126,241,1,306.12,0.0
2526,1127,240,3,555.47,0.0
2527,1127,86,1,443.6,0.0
2528,1127,105,1,375.87,0.1
2529,1128,34,1,399.8,0.0
2530,1128,298,1,238.39,0.05
2531,1129,107,-1,963.92,0.05
2532,1129,156,3,372.8,0.0
2533,1129,293,1,709.48,0.0
2534,1130,221,2,704.75,0.1
2535,1131,188,1,550.0,0.0
2536,1132,295,2,139.02,0.0
2537,1132,110,1,52.92,0.2
2538,1133,16,1,245.66,0.0
2539,1133,45,1,511.39,0.0
2540,1133,156,1,372.8,0.0
2541,1133,277,1,437.32,0.2
2542,1133,136,1,974.39,0.05
2543,1134,166,1,278.38,0.0
2544,1135,85,1,530.7,0.0
2545,1135,119,1,519.85,0.0
2546,1135,91,-1,369.86,0.0
2547,1135,183,1,942.96,0.1
2548,1135,33,1,217.73,0.0
2549,1136,154,1,115.68,0.0
2550,1136,133,1,479.79,0.0
2551,1137,96,1,682.77,0.1
2552,1137,122,1,607.34,0.1
2553,1138,36,1,749.87,0.15
2554,1138,155,1,607.36,0.0
2555,1138,111,1,227.31,0.1
2556,1139,162,1,126.53,0.1
2557,1139,174,2,864.84,0.0
2558,1140,182,2,500.91,0.0
2559,1140,192,1,697.79,0.0
2560,1140,47,1,513.39,0.05
2561,1140,60,1,148.68,0.0
2562,1141,114,2,23.97,0.0
2563,1141,42,1,328.75,0.1
2564,1142,76,1,938.11,0.0
2565,1142,286,3,47.93,0.2
2566,1143,43,1,97.72,0.0
2567,1143,72,1,286.08,0.0
2568,1144,27,3,686.85,0.1
2569,1145,198,1,266.02,0.0
2570,1145,199,1,51.0,0.0
2571,1146,31,-1,976.57,0.0
2572,1146,38,1,364.99,0.0
2573,1147,33,1,217.73,0.15
2574,1147,68,2,133.13,0.05
2575,1147,114,1,23.97,0.0
2576,1147,261,2,429.63,0.0
2577,1148,175,1,600.57,0.0
2578,1148,54,2,679.71,0.15
2579,1148,56,1,186.07,0.0
2580,1149,73,2,346.78,0.1
2581,1150,286,2,47.93,0.0
2582,1150,209,2,797.01,0.15
2583,1150,256,3,537.93,0.0
2584,1151,144,1,299.76,0.0
2585,1152,234,1,486.72,0.0
2586,1152,113,1,55.28,0.05
2587,1152,179,1,478.65,0.0
2588,1153,9,1,66.57,0.0
2589,1153,227,3,192.19,0.0
2590,1153,274,1,528.78,0.0
2591,1154,147,1,517.03,0.0
2592,1154,64,1,29.71,0.0
2593,1155,199,1,51.0,0.1
2594,1155,44,1,6.81,0.0
2595,1155,277,1,437.32,0.0
2596,1155,268,1,23.79,0.1
2597,1155,281,1,146.98,0.05
2598,1156,194,1,222.76,0.0
2599,1156,152,1,910.86,0.0
2600,1157,141,1,251.45,0.0
2601,1158,268,2,23.79,0.0
2602,1158,33,1,217.73,0.0
2603,1158,29,1,103.82,0.0
2604,1159,61,1,512.76,0.0
2605,1160,65,1,460.75,0.05
2607,1161,116,1,862.37,0.1
2608,1161,39,1,412.64,0.0
2609,1161,249,1,682.27,0.0
2610,1161,101,1,488.42,0.05
2611,1162,59,1,287.12,0.0
2612,1163,56,1,186.07,0.2
2613,1164,210,1,177.09,0.0
2614,1165,145,2,61.15,0.15
2615,1165,214,1,304.46,0.05
2616,1166,77,1,103.53,0.0
2617,1166,165,1,605.76,0.0
2618,1166,270,1,1160.3575,0.1
2619,1167,284,1,228.9,0.0
2620,1167,82,1,235.49,0.0
2621,1168,277,1,437.32,0.0
2622,1168,257,1,8.4,0.05
2623,1169,200,1,533.81,0.05
2624,1169,70,1,402.01,0.0
2625,1169,247,2,708.26,0.05
2626,1170,199,1,51.0,0.15
2627,1171,105,1,375.87,0.0
2628,1172,125,2,584.13,0.1
2629,1173,24,1,696.97,0.1
2630,1174,278,1,402.71,0.1
2631,1174,36,1,749.87,0.0
2632,1175,294,1,141.94,0.0
2633,1176,148,1,304.48,0.0
2634,1176,110,1,52.92,0.0
2635,1177,225,1,939.11,0.0
2636,1177,160,1,150.1,0.15
2637,1177,269,1,603.81,0.0
2638,1177,236,1,55.21,0.1
2639,1178,181,1,37.18,0.0
2640,1178,194,3,222.76,0.0
2641,1179,276,1,341.21,0.0
2642,1179,258,1,626.09,0.2
2643,1179,285,2,667.54,0.1
2644,1180,6,3,531.19,0.05
2645,1181,19,3,727.02,0.0
2646,1181,17,2,953.82,0.0
2647,1181,49,1,850.7,0.0
2648,1182,288,1,515.26,0.2
2649,1182,222,1,264.61,0.0
2650,1183,46,1,397.56,0.05
2651,1183,116,2,862.37,0.0
2652,1184,186,1,290.81,0.1
2653,1184,191,1,457.7,0.0
2654,1185,107,2,963.92,0.0
2655,1185,202,1,514.85,0.0
2656,1185,237,1,335.88,0.0
2657,1185,291,1,19.78,0.1
2658,1186,38,1,364.99,0.0
2659,1186,285,1,667.54,0.0
2660,1186,153,1,530.38,0.1
2661,1186,99,1,496.87,0.05
2662,1186,251,2,439.11,0.0
2663,1187,172,1,104.56,0.2
2664,1187,94,1,514.73,0.0
2665,1188,45,1,511.39,0.05
2666,1188,50,2,240.1,0.0
2667,1189,293,3,709.48,0.0
2668,1189,115,1,251.88,0.15
2669,1189,294,1,141.94,0.05
2670,1189,93,-1,98.57,0.0
2671,1190,115,1,251.88,0.0
2672,1190,199,1,51.0,0.0
2673,1191,187,1,127.57,0.05
2674,1191,81,2,779.01,0.0
2676,1191,60,1,148.68,0.0
2677,1192,212,1,445.65,0.2
2678,1192,175,1,600.57,0.0
2679,1192,282,1,280.61,0.0
2680,1193,257,1,8.4,0.2
2681,1193,151,2,625.19,0.15
2682,1193,211,1,943.9,0.15
2683,1193,196,1,518.75,0.0
2684,1193,218,2,127.17,0.1
2685,1194,199,1,51.0,0.0
2686,1194,136,-1,974.39,0.05
2687,1194,123,1,840.94,0.0
2688,1195,187,1,127.57,0.0
2689,1196,117,1,567.69,0.0
2690,1197,17,2,953.82,0.0
2692,1197,118,1,611.17,0.0
2693,1197,207,1,518.71,0.0
2694,1197,127,1,111.4,0.0
2695,1198,235,1,370.09,0.2
2696,1198,45,1,511.39,0.05
2697,1199,73,1,346.78,0.0
2698,1200,240,1,555.47,0.0
2699,1200,202,2,514.85,0.05
2700,1200,70,3,402.01,0.0
2701,1200,243,1,746.93,0.0
2702,1201,251,1,439.11,0.0
2703,1202,135,1,550.83,0.0
2704,1202,241,1,306.12,0.0
2705,1202,12,1,156.75,0.0
2706,1202,165,1,605.76,0.05
2707,1202,243,1,746.93,0.0
2708,1203,96,2,682.77,0.0
2709,1203,271,1,756.22,0.0
2710,1204,62,3,244.7,0.0
2711,1204,205,3,367.74,0.1
2712,1204,66,1,447.18,0.0
2713,1205,107,3,963.92,0.0
2714,1205,257,1,8.4,0.0
2715,1205,6,1,531.19,0.0
2716,1206,137,1,316.92,0.0
2717,1206,105,2,375.87,0.05
2718,1206,272,1,5.69,0.0
2719,1207,222,3,264.61,0.0
2720,1207,4,2,17.97,0.15
2721,1208,61,2,512.76,0.0
2722,1209,43,1,97.72,0.05
2723,1210,294,3,141.94,0.2
2724,1210,13,1,152.16,0.0
2725,1211,176,1,199.39,0.05
2726,1211,64,1,29.71,0.0
2727,1211,20,2,548.49,0.05
2728,1211,206,1,612.54,0.0
2729,1212,2,-1,807.37,0.0
2730,1212,61,2,512.76,0.0
2731,1213,75,2,299.66,0.05
2732,1214,103,1,456.96,0.15
2733,1215,29,1,103.82,0.15
2734,1215,17,1,953.82,0.15
2735,1215,178,1,563.12,0.0
2736,1216,105,1,375.87,0.0
2737,1216,139,2,835.42,0.0
2738,1217,249,1,682.27,0.05
2739,1217,71,1,362.18,0.0
2740,1218,187,1,127.57,0.05
2741,1218,270,1,1160.3575,0.0
2742,1218,22,1,205.71,0.15
2743,1218,217,1,479.18,0.1
2744,1219,174,1,864.84,0.05
2745,1220,167,1,39.88,0.0
2746,1220,131,1,797.13,0.05
2747,1220,171,1,14.73,0.15
2748,1220,185,1,582.19,0.0
2749,1221,32,1,338.4,0.05
2750,1222,232,1,71.83,0.15
2751,1222,295,2,139.02,0.0
2752,1222,61,1,512.76,0.0
2753,1223,9,1,66.57,0.05
2754,1223,187,1,127.57,0.0
2755,1224,68,1,133.13,0.0
2756,1224,251,1,439.11,0.0
2757,1225,135,1,550.83,0.1
2758,1225,64,2,29.71,0.15
2759,1226,33,3,217.73,0.1
2760,1227,145,3,61.15,0.0
2761,1228,187,3,127.57,0.1
2762,1228,218,-1,127.17,0.2
2763,1228,105,1,375.87,0.2
2764,1228,213,1,111.83,0.0
2765,1229,258,1,626.09,0.05
2766,1230,287,1,754.14,0.0
2767,1230,297,1,89.43,0.0
2768,1230,197,2,538.79,0.1
2769,1231,266,-1,110.99,0.0
2770,1231,13,-1,152.16,0.0
2771,1232,105,1,375.87,0.0
2772,1233,222,1,264.61,0.0
2773,1233,2,1,807.37,0.15
2774,1233,230,1,829.69,0.15
2775,1233,33,1,217.73,0.05
2776,1233,146,3,443.54,0.0
2777,1234,140,2,500.02,0.1
2778,1234,279,1,226.81,0.0
2779,1234,151,1,625.19,0.1
2780,1235,16,1,245.66,0.05
2781,1236,227,1,192.19,0.05
2782,1236,282,1,280.61,0.1
2783,1237,46,1,397.56,0.15
2784,1237,112,-1,10.73,0.0
2785,1238,74,1,171.2,0.0
2786,1238,194,2,222.76,0.0
2787,1239,215,1,501.1,0.1
2788,1239,63,1,430.39,0.0
2789,1240,287,1,754.14,0.0
2790,1241,28,-1,749.19,0.05
2791,1241,264,1,16.2,0.15
2792,1241,267,3,253.7,0.0
2793,1242,167,1,39.88,0.0
2794,1242,191,2,457.7,0.0
2795,1242,2,1,807.37,0.0
2796,1243,134,1,541.79,0.15
2797,1243,213,3,111.83,0.0
2798,1243,211,1,943.9,0.2
2799,1244,45,-1,511.39,0.0
2800,1245,43,1,97.72,0.0
2801,1246,121,1,183.38,0.15
2802,1246,26,1,259.69,0.05
2803,1247,211,1,943.9,0.0
2804,1247,25,2,282.92,0.0
2805,1247,50,1,240.1,0.0
2806,1247,259,1,533.22,0.0
2807,1248,271,1,756.22,0.0
2808,1248,152,1,910.86,0.1
2809,1249,93,1,98.57,0.05
2810,1249,58,2,87.55,0.0
2811,1250,246,1,574.84,0.05
2812,1250,114,1,23.97,0.0
2813,1251,148,1,304.48,0.15
2814,1251,57,1,510.39,0.0
2815,1252,228,1,162.75,0.1
2816,1252,218,1,127.17,0.0
2817,1253,174,1,864.84,0.0
2818,1253,233,1,82.49,0.0
2819,1253,72,2,286.08,0.05
2820,1253,243,1,746.93,0.0
2821,1253,58,1,87.55,0.15
2822,1254,237,3,335.88,0.1
2823,1255,104,2,957.31,0.2
2824,1255,97,1,628.48,0.0
2825,1256,145,1,61.15,0.05
2826,1257,298,1,238.39,0.0
2827,1257,271,1,756.22,0.0
2828,1257,136,1,974.39,0.0
2829,1257,170,1,723.66,0.0
2830,1258,157,1,701.5,0.0
2831,1259,127,1,111.4,0.0
2832,1259,4,1,17.97,0.05
2833,1259,155,1,607.36,0.05
2834,1260,230,1,829.69,0.05
2835,1261,95,1,711.68,0.05
2836,1262,48,1,231.62,0.1
2837,1262,195,1,132.26,0.0
2838,1262,192,1,697.79,0.05
2839,1263,178,1,563.12,0.15
2840,1263,194,1,222.76,0.0
2841,1263,38,1,364.99,0.0
2842,1263,148,1,304.48,0.0
2843,1263,132,1,299.38,0.0
2844,1264,189,1,24.7,0.05
2845,1264,196,2,518.75,0.0
2846,1265,94,1,514.73,0.0
2847,1265,211,1,943.9,0.0
2848,1266,11,1,216.27,0.0
2849,1266,113,1,55.28,0.0
2850,1267,240,1,555.47,0.15
2851,1268,269,1,603.81,0.1
2852,1269,198,1,266.02,0.15
2853,1269,289,1,635.36,0.05
2854,1270,231,1,410.59,0.0
2855,1270,200,1,533.81,0.0
2856,1270,86,1,443.6,0.0
2857,1270,62,-1,244.7,0.0
2858,1270,292,3,425.68,0.05
2859,1271,55,1,395.52,0.05
2860,1271,269,1,603.81,0.0
2861,1272,231,3,410.59,0.0
2862,1273,158,1,282.03,0.0
2863,1273,297,1,89.43,0.1
2864,1273,75,2,299.66,0.1
2865,1274,64,1,29.71,0.1
2866,1274,46,1,397.56,0.2
2867,1275,40,1,171.89,0.0
2868,1276,245,1,1160.3575,0.0
2869,1277,142,2,717.32,0.2
2870,1277,259,1,533.22,0.0
2871,1278,119,1,519.85,0.0
2872,1279,172,3,104.56,0.0
2873,1279,142,1,717.32,0.1
2874,1280,289,1,635.36,0.0
2875,1280,65,1,460.75,0.0
2876,1280,106,1,150.04,0.0
2877,1281,73,2,346.78,0.0
2878,1281,140,1,500.02,0.05
2879,1281,192,1,697.79,0.0
2880,1281,132,1,299.38,0.0
2881,1282,167,1,39.88,0.0
2882,1282,297,1,89.43,0.0
2883,1283,243,1,746.93,0.0
2884,1283,300,1,133.29,0.15
2886,1283,269,2,603.81,0.0
2887,1283,213,1,111.83,0.15
2888,1284,165,1,605.76,0.0
2889,1284,40,1,171.89,0.0
2890,1285,48,2,231.62,0.1
2891,1286,146,1,443.54,0.0
2892,1286,64,2,29.71,0.0
2893,1286,200,1,533.81,0.05
2894,1286,128,1,686.4,0.0
2895,1287,198,1,266.02,0.0
2896,1288,26,1,259.69,0.1
2897,1288,293,1,709.48,0.2
2898,1288,296,-1,361.73,0.0
2899,1289,1,3,433.54,0.0
2900,1289,250,1,1160.3575,0.0
2901,1289,173,1,587.7,0.05
2902,1290,223,1,57.85,0.05
2903,1290,266,1,110.99,0.15
2904,1290,35,1,425.48,0.0
2905,1291,192,1,697.79,0.0
2906,1292,300,2,133.29,0.05
2907,1293,58,1,87.55,0.0
2908,1294,298,1,238.39,0.0
2909,1294,212,1,445.65,0.0
2910,1294,84,2,43.2,0.0
2911,1294,22,1,205.71,0.05
2912,1295,267,1,253.7,0.0
2913,1295,38,1,364.99,0.0
2914,1296,168,3,649.6,0.2
2915,1296,160,3,150.1,0.05
2916,1297,14,2,90.93,0.0
2917,1297,162,2,126.53,0.0
2918,1298,7,1,357.42,0.0
2919,1298,129,1,492.47,0.15
2920,1299,72,1,286.08,0.15
2921,1300,21,2,614.24,0.0
2922,1300,69,1,274.11,0.05
2923,1301,241,1,306.12,0.2
2924,1301,256,1,537.93,0.0
2925,1301,174,1,864.84,0.0
2926,1302,190,2,707.42,0.0
2927,1302,253,3,621.95,0.0
2928,1302,71,1,362.18,0.0
2929,1302,34,1,399.8,0.1
2930,1303,223,2,57.85,0.2
2931,1303,120,1,146.96,0.0
2932,1303,285,1,667.54,0.1
2933,1303,262,1,214.85,0.15
2934,1303,86,2,443.6,0.0
2935,1304,119,1,519.85,0.15
2936,1305,121,1,183.38,0.0
2937,1305,297,1,89.43,0.05
2938,1306,178,1,563.12,0.0
2939,1306,2,1,807.37,0.0
2940,1306,283,3,680.49,0.15
2941,1307,259,1,533.22,0.2
2942,1307,37,1,608.8,0.15
2943,1308,184,1,278.4,0.0
2944,1308,299,1,725.08,0.0
2945,1309,50,1,240.1,0.0
2946,1309,57,3,510.39,0.05
2947,1310,118,-1,611.17,0.1
2948,1311,129,1,492.47,0.0
2949,1311,73,1,346.78,0.0
2950,1311,250,2,1160.3575,0.1
2951,1312,280,1,121.8,0.0
2952,1313,164,2,446.58,0.2
2953,1313,83,1,243.1,0.0
2954,1313,126,2,240.49,0.0
2955,1314,54,2,679.71,0.2
2956,1315,172,2,104.56,0.0
2957,1315,14,1,90.93,0.1
2958,1315,261,2,429.63,0.0
2959,1316,67,1,355.8,0.0
2960,1316,130,1,454.11,0.0
2961,1316,266,1,110.99,0.0
2962,1316,282,1,280.61,0.0
2963,1317,245,2,1160.3575,0.1
2964,1317,66,3,447.18,0.0
2965,1318,67,1,355.8,0.0
2966,1319,7,1,357.42,0.0
2967,1320,69,1,274.11,0.0
2968,1320,76,1,938.11,0.0
2969,1321,40,1,171.89,0.1
2970,1321,287,3,754.14,0.0
2971,1322,33,1,217.73,0.0
2972,1322,66,2,447.18,0.05
2973,1322,294,1,141.94,0.0
2974,1322,83,1,243.1,0.0
2975,1323,257,1,8.4,0.0
2976,1324,16,1,245.66,0.2
2977,1324,160,1,150.1,0.0
2978,1325,99,3,496.87,0.0
2979,1325,167,1,39.88,0.0
2980,1326,299,1,725.08,0.0
2981,1326,129,1,492.47,0.0
2982,1326,216,2,492.92,0.0
2983,1327,287,1,754.14,0.0
2984,1328,164,1,446.58,0.15
2985,1328,231,2,410.59,0.15
2986,1328,212,1,445.65,0.05
2987,1329,55,2,395.52,0.0
2988,1329,72,1,286.08,0.0
2989,1329,159,1,818.3,0.2
2990,1329,89,1,247.06,0.0
2991,1329,252,1,274.43,0.0
2992,1330,42,1,328.75,0.0
2993,1330,222,1,264.61,0.0
2994,1331,43,1,97.72,0.0
2995,1331,238,1,192.17,0.0
2996,1332,115,2,251.88,0.0
2997,1332,158,2,282.03,0.05
2998,1332,290,-1,908.96,0.15
2999,1333,117,1,567.69,0.0
3000,1334,294,1,141.94,0.0
3001,1335,262,1,214.85,0.2
3002,1336,50,1,240.1,0.0
3003,1336,42,2,328.75,0.0
3004,1336,139,1,835.42,0.1
3005,1337,170,1,723.66,0.0
3006,1338,35,1,425.48,0.1
3007,1339,206,1,612.54,0.0
3008,1340,218,2,127.17,0.0
3009,1341,162,2,126.53,0.0
3010,1341,56,3,186.07,0.0
3011,1341,293,1,709.48,0.0
3012,1342,225,2,939.11,0.2
3013,1343,274,1,528.78,0.1
3014,1343,160,3,150.1,0.0
3015,1344,179,1,478.65,0.05
3016,1345,15,3,536.46,0.0
3017,1346,185,1,582.19,0.1
3018,1346,68,1,133.13,0.0
3019,1346,253,1,621.95,0.0
3020,1347,157,1,701.5,0.1
3021,1348,200,1,533.81,0.0
3022,1348,235,1,370.09,0.0
3023,1348,237,1,335.88,0.1
3024,1348,288,1,515.26,0.05
3025,1349,131,1,797.13,0.0
3026,1350,223,1,57.85,0.1
3027,1351,226,1,211.98,0.0
3028,1351,54,1,679.71,0.0
3029,1352,119,1,519.85,0.2
3030,1353,133,3,479.79,0.15
3031,1353,294,1,141.94,0.05
3032,1353,47,2,513.39,0.0
3033,1353,292,1,425.68,0.0
3034,1353,157,1,701.5,0.05
3035,1354,99,1,496.87,0.0
3036,1354,74,1,171.2,0.0
3037,1355,107,1,963.92,0.05
3038,1355,199,1,51.0,0.0
3039,1356,188,1,550.0,0.0
3040,1357,70,1,402.01,0.1
3041,1358,174,1,864.84,0.0
3042,1358,270,-1,1160.3575,0.15
3043,1358,216,1,492.92,0.1
3044,1359,234,1,486.72,0.1
3045,1359,267,3,253.7,0.05
3046,1359,297,1,89.43,0.1
3047,1360,85,1,530.7,0.0
3048,1360,129,3,492.47,0.05
3049,1361,183,1,942.96,0.0
3050,1362,285,1,667.54,0.0
3051,1363,240,1,555.47,0.1
3052,1363,67,1,355.8,0.2
3053,1363,141,3,251.45,0.05
3054,1363,27,2,686.85,0.1
3055,1364,211,1,943.9,0.0
3056,1364,242,1,166.1,0.0
3057,1365,143,1,421.93,0.0
3058,1365,166,1,278.38,0.1
3059,1366,265,1,839.64,0.15
3060,1366,185,1,582.19,0.05
3061,1366,101,1,488.42,0.15
3062,1366,30,2,477.17,0.1
3063,1367,144,1,299.76,0.0
3064,1368,179,1,478.65,0.1
3065,1368,278,1,402.71,0.2
3066,1369,225,1,939.11,0.0
3067,1370,220,3,475.38,0.0
3068,1371,116,1,862.37,0.0
3069,1371,24,1,696.97,0.05
3070,1371,75,1,299.66,0.15
3071,1372,147,1,517.03,0.1
3072,1372,194,1,222.76,0.2
3073,1372,287,1,754.14,0.05
3074,1372,185,1,582.19,0.0
3075,1373,78,-1,213.82,0.0
3076,1373,230,1,829.69,0.05
3077,1374,82,1,235.49,0.0
3078,1375,76,3,938.11,0.0
3079,1375,225,1,939.11,0.0
3081,1376,35,2,425.48,0.1
3082,1376,297,1,89.43,0.0
3083,1377,82,1,235.49,0.0
3084,1377,255,1,249.2,0.0
3085,1377,95,-1,711.68,0.0
3086,1378,179,2,478.65,0.0
3087,1378,157,1,701.5,0.1
3088,1378,4,1,17.97,0.1
3089,1378,171,3,14.73,0.1
3090,1379,138,1,54.35,0.15
3091,1379,208,1,260.07,0.0
3092,1379,166,1,278.38,0.15
3093,1379,228,2,162.75,0.1
3094,1380,13,1,152.16,0.15
3095,1380,143,2,421.93,0.0
3096,1381,146,1,443.54,0.0
3097,1381,196,1,518.75,0.15
3098,1381,96,2,682.77,0.15
3099,1381,251,2,439.11,0.1
3100,1381,131,-1,797.13,0.1
3101,1382,158,1,282.03,0.0
3102,1382,120,1,146.96,0.0
3103,1382,258,1,626.09,0.0
3104,1383,113,1,55.28,0.0
3105,1384,63,1,430.39,0.2
3106,1385,180,1,843.45,0.15
3107,1385,187,2,127.57,0.05
3108,1385,238,1,192.17,0.0
3110,1385,162,1,126.53,0.0
3111,1386,206,1,612.54,0.1
3112,1386,231,2,410.59,0.0
3113,1387,202,1,514.85,0.0
3114,1387,176,2,199.39,0.0
3115,1388,148,1,304.48,0.0
3116,1388,69,1,274.11,0.0
3117,1389,3,1,978.72,0.05
3118,1390,240,2,555.47,0.0
3119,1390,142,1,717.32,0.0
3120,1390,157,1,701.5,0.2
3121,1391,29,1,103.82,0.0
3122,1392,56,3,186.07,0.1
3123,1392,11,1,216.27,0.0
3124,1392,176,1,199.39,0.0
3125,1392,149,1,382.77,0.0
3126,1393,130,1,454.11,0.05
3127,1393,163,1,598.68,0.0
3128,1394,46,1,397.56,0.0
3129,1394,218,3,127.17,0.0
3130,1394,105,2,375.87,0.0
3131,1395,274,3,528.78,0.0
3132,1396,222,1,264.61,0.1
3133,1396,157,1,701.5,0.0
3134,1396,101,1,488.42,0.15
3135,1396,146,1,443.54,0.0
3136,1396,60,1,148.68,0.0
3137,1397,254,2,286.86,0.05
3138,1398,233,1,82.49,0.15
3139,1398,188,1,550.0,0.0
3140,1398,181,1,37.18,0.0
3141,1398,139,1,835.42,0.0
3142,1398,201,1,567.68,0.0
3143,1399,80,1,166.05,0.05
3144,1400,28,1,749.19,0.0
3145,1401,32,1,338.4,0.0
3146,1401,178,1,563.12,0.0
3147,1401,109,1,59.23,0.0
3148,1401,28,2,749.19,0.05
3149,1402,155,3,607.36,0.0
3150,1403,169,1,458.05,0.0
3151,1404,182,1,500.91,0.0
3152,1404,66,1,447.18,0.0
3153,1405,50,1,240.1,0.0
3154,1405,174,2,864.84,0.0
3155,1406,27,2,686.85,0.2
3156,1406,51,1,863.34,0.0
3157,1407,277,-1,437.32,0.05
3158,1407,93,2,98.57,0.1
3159,1408,23,1,235.35,0.15
3160,1408,57,1,510.39,0.0
3161,1409,93,1,98.57,0.05
3162,1409,96,-1,682.77,0.0
3163,1409,201,2,567.68,0.05
3164,1409,46,1,397.56,0.05
3165,1409,98,1,71.96,0.15
3166,1410,289,2,635.36,0.0
3167,1410,76,1,938.11,0.1
3168,1410,4,1,17.97,0.0
3169,1411,261,1,429.63,0.05
3170,1412,112,1,10.73,0.1
3171,1412,8,1,295.82,0.0
3172,1413,218,1,127.17,0.0
3173,1413,170,1,723.66,0.0
3174,1414,15,1,536.46,0.0
3175,1414,111,1,227.31,0.05
3176,1414,182,1,500.91,0.2
3177,1414,271,1,756.22,0.1
3178,1414,152,1,910.86,0.05
3179,1415,35,2,425.48,0.0
3180,1415,256,1,537.93,0.05
3181,1415,290,1,908.96,0.0
3182,1415,211,1,943.9,0.1
3183,1415,118,1,611.17,0.0
3184,1416,46,1,397.56,0.0
3185,1416,66,1,447.18,0.05
3186,1417,67,1,355.8,0.0
3187,1417,36,1,749.87,0.15
3188,1418,40,1,171.89,0.0
3189,1419,186,1,290.81,0.0
3190,1419,98,1,71.96,0.0
3191,1419,17,1,953.82,0.2
3192,1420,236,2,55.21,0.05
3193,1421,109,1,59.23,0.05
3194,1421,207,1,518.71,0.05
3195,1422,201,1,567.68,0.0
3196,1422,221,3,704.75,0.1
3197,1423,82,2,235.49,0.05
3198,1423,9,1,66.57,0.0
3199,1424,290,2,908.96,0.0
3200,1424,74,1,171.2,0.05
3201,1425,243,3,746.93,0.05
3202,1425,91,1,369.86,0.05
3203,1425,129,2,492.47,0.2
3204,1426,198,1,266.02,0.0
3205,1426,263,1,222.36,0.0
3206,1427,129,1,492.47,0.2
3207,1428,267,3,253.7,0.05
3208,1428,45,1,511.39,0.0
3209,1429,279,1,226.81,0.0
3210,1429,98,1,71.96,0.0
3211,1429,70,1,402.01,0.1
3212,1429,253,1,621.95,0.1
3213,1430,15,1,536.46,0.0
3214,1431,51,1,863.34,0.0
3215,1432,150,2,182.12,0.0
3216,1432,86,1,443.6,0.0
3217,1432,219,1,211.99,0.0
3218,1433,164,1,446.58,0.0
3219,1433,4,1,17.97,0.05
3220,1434,109,2,59.23,0.0
3221,1434,159,1,818.3,0.0
3222,1434,262,3,214.85,0.0
3223,1434,38,1,364.99,0.05
3224,1435,283,1,680.49,0.0
3225,1435,96,3,682.77,0.1
3226,1435,122,1,607.34,0.05
3227,1435,280,3,121.8,0.0
3228,1436,195,1,132.26,0.0
3229,1437,72,1,286.08,0.1
3230,1437,231,1,410.59,0.0
3231,1438,240,1,555.47,0.05
3232,1439,43,1,97.72,0.0
3233,1440,4,1,17.97,0.0
3234,1440,204,2,578.66,0.1
3235,1440,120,2,146.96,0.0
3236,1440,294,1,141.94,0.0
3237,1440,174,1,864.84,0.1
3238,1441,39,1,412.64,0.0
3239,1441,164,1,446.58,0.0
3240,1442,255,1,249.2,0.0
3241,1443,231,1,410.59,0.05
3242,1443,174,3,864.84,0.0
3243,1443,4,1,17.97,0.15
3244,1443,233,1,82.49,0.2
3245,1443,71,1,362.18,0.0
3246,1444,81,1,779.01,0.0
3247,1445,21,1,614.24,0.0
3248,1445,162,1,126.53,0.05
3249,1445,140,2,500.02,0.0
3250,1445,46,1,397.56,0.05
3251,1446,100,1,283.25,0.0
3252,1446,131,2,797.13,0.0
3253,1447,127,1,111.4,0.05
3254,1447,32,3,338.4,0.0
3255,1447,141,2,251.45,0.0
3256,1448,174,1,864.84,0.0
3257,1448,50,1,240.1,0.0
3258,1449,248,2,75.61,0.0
3259,1449,67,2,355.8,0.05
3260,1449,129,1,492.47,0.0
3261,1449,232,1,71.83,0.0
3262,1449,70,1,402.01,0.0
3263,1450,243,2,746.93,0.0
3264,1450,90,-1,219.22,0.2
3265,1451,9,1,66.57,0.15
3266,1451,125,1,584.13,0.0
3267,1451,271,1,756.22,0.0
3268,1452,164,1,446.58,0.0
3269,1452,68,1,133.13,0.05
3270,1453,80,1,166.05,0.0
3271,1453,116,2,862.37,0.1
3272,1453,200,1,533.81,0.0
3273,1454,69,1,274.11,0.0
3274,1455,271,1,756.22,0.0
3275,1456,186,2,290.81,0.0
3276,1457,44,1,6.81,0.0
3277,1457,295,1,139.02,0.2
3278,1457,148,1,304.48,0.1
3279,1457,273,1,560.24,0.0
3280,1457,154,1,115.68,0.0
3281,1458,209,1,797.01,0.0
3282,1458,129,1,492.47,0.0
3283,1458,257,-1,8.4,0.0
3284,1458,105,1,375.87,0.05
3285,1458,271,2,756.22,0.0
3286,1459,162,2,126.53,0.0
3287,1460,292,1,425.68,0.05
3288,1460,174,3,864.84,0.1
3289,1461,47,1,513.39,0.0
3290,1461,123,1,840.94,0.0
3291,1461,197,3,538.79,0.0
3292,1462,200,1,533.81,0.0
3293,1462,212,1,445.65,0.0
3294,1463,19,1,727.02,0.0
3295,1463,137,1,316.92,0.0
3296,1464,98,1,71.96,0.0
3297,1464,27,1,686.85,0.2
3298,1464,278,1,402.71,0.2
3299,1465,201,2,567.68,0.0
3300,1466,203,2,431.09,0.05
3301,1466,232,1,71.83,0.0
3302,1466,32,1,338.4,0.0
3303,1466,139,1,835.42,0.0
3304,1467,35,1,425.48,0.0
3305,1467,266,1,110.99,0.1
3306,1467,140,1,500.02,0.0
3307,1467,224,1,23.12,0.1
3308,1468,161,1,68.77,0.0
3309,1469,241,1,306.12,0.05
3310,1469,112,1,10.73,0.05
3311,1470,122,1,607.34,0.1
3312,1470,69,1,274.11,0.1
3313,1471,183,1,942.96,0.0
3314,1471,9,3,66.57,0.0
3315,1472,200,1,533.81,0.0
3316,1473,177,1,156.12,0.0
3317,1473,120,1,146.96,0.0
3318,1473,142,1,717.32,0.0
3319,1473,170,1,723.66,0.0
3320,1474,130,1,454.11,0.05
3321,1474,80,1,166.05,0.0
3322,1474,283,2,680.49,0.0
3323,1474,27,1,686.85,0.0
3324,1475,289,1,635.36,0.1
3325,1475,83,1,243.1,0.05
3326,1476,174,1,864.84,0.0
3327,1476,135,2,550.83,0.0
3328,1476,66,1,447.18,0.0
3329,1477,104,1,957.31,0.05
3330,1478,160,1,150.1,0.0
3331,1478,139,1,835.42,0.0
3332,1479,256,1,537.93,0.0
3333,1480,260,1,619.66,0.0
3334,1480,34,1,399.8,0.1
3335,1480,25,-1,282.92,0.0
3336,1481,45,1,511.39,0.0
3337,1482,102,1,396.98,0.0
3338,1482,25,1,282.92,0.05
3339,1483,235,2,370.09,0.0
3340,1483,176,2,199.39,0.0
3341,1484,259,1,533.22,0.0
3342,1485,26,1,259.69,0.05
3343,1486,70,1,402.01,0.0
3344,1486,43,1,97.72,0.05
3345,1487,74,1,171.2,0.0
3346,1487,217,1,479.18,0.0
3347,1488,260,1,619.66,0.0
3348,1489,233,1,82.49,0.1
3349,1489,128,1,686.4,0.0
3350,1489,291,1,19.78,0.0
3351,1490,106,1,150.04,0.1
3352,1490,280,1,121.8,0.0
3353,1491,154,2,115.68,0.0
3354,1491,171,1,14.73,0.0
3355,1491,299,1,725.08,0.1
3356,1491,151,-1,625.19,0.0
3357,1491,74,1,171.2,0.0
3358,1492,270,1,1160.3575,0.0
3359,1492,253,2,621.95,0.1
3360,1492,241,2,306.12,0.0
3361,1492,24,1,696.97,0.05
3362,1492,23,1,235.35,0.05
3363,1493,66,3,447.18,0.05
3364,1493,159,1,818.3,0.0
3365,1493,17,2,953.82,0.0
3366,1493,217,1,479.18,0.0
3367,1494,66,2,447.18,0.05
3368,1494,138,1,54.35,0.0
3369,1495,104,2,957.31,0.1
3370,1495,251,1,439.11,0.0
3371,1495,182,1,500.91,0.0
3372,1496,57,1,510.39,0.0
3373,1496,214,1,304.46,0.0
3374,1496,299,2,725.08,0.2
3375,1497,175,1,600.57,0.0
3376,1497,212,1,445.65,0.15
3377,1498,191,3,457.7,0.0
3378,1499,75,1,299.66,0.0
3379,1500,247,1,708.26,0.1
3380,1501,30,1,477.17,0.0
3381,1501,105,1,375.87,0.15
3382,1501,93,2,98.57,0.1
3383,1501,217,1,479.18,0.0
3384,1502,6,1,531.19,0.0
3385,1502,47,1,513.39,0.0
3386,1502,239,-1,517.8,0.05
3387,1502,186,1,290.81,0.0
3388,1503,179,1,478.65,0.0
3389,1503,252,1,274.43,0.0
3390,1504,153,2,530.38,0.1
3391,1505,66,1,447.18,0.0
3392,1506,118,2,611.17,0.1
3393,1507,277,1,437.32,0.1
3394,1507,299,1,725.08,0.05
3395,1507,72,1,286.08,0.0
3396,1507,33,1,217.73,0.0
3397,1508,108,1,378.75,0.0
3398,1509,127,1,111.4,0.2
3399,1510,252,1,274.43,0.05
3400,1511,112,1,10.73,0.05
3401,1511,56,1,186.07,0.0
3402,1512,51,1,863.34,0.0
3403,1512,128,1,686.4,0.0
3404,1513,146,2,443.54,0.05
3405,1514,259,1,533.22,0.0
3406,1514,3,3,978.72,0.0
3407,1514,240,1,555.47,0.0
3408,1515,178,1,563.12,0.15
3409,1515,69,1,274.11,0.1
3410,1516,289,1,635.36,0.0
3411,1516,68,1,133.13,0.0
3412,1516,152,1,910.86,0.1
3413,1517,40,1,171.89,0.0
3414,1517,224,1,23.12,0.0
3415,1517,18,1,35.67,0.0
3416,1517,189,1,24.7,0.05
3417,1518,187,3,127.57,0.1
3418,1518,197,2,538.79,0.15
3419,1518,146,1,443.54,0.05
3420,1519,210,1,177.09,0.0
3421,1519,225,1,939.11,0.05
3422,1519,115,3,251.88,0.05
3423,1520,296,1,361.73,0.0
3424,1520,113,1,55.28,0.15
3425,1520,228,1,162.75,0.1
3426,1521,52,1,12.48,0.05
3427,1521,167,1,39.88,0.0
3428,1522,201,2,567.68,0.0
3429,1523,175,1,600.57,0.0
3430,1523,273,1,560.24,0.2
3431,1523,26,2,259.69,0.0
3432,1523,274,1,528.78,0.1
3433,1523,49,1,850.7,0.0
3434,1524,25,1,282.92,0.0
3435,1524,157,1,701.5,0.0
3436,1524,63,2,430.39,0.05
3437,1525,18,1,35.67,0.0
3438,1525,132,1,299.38,0.15
3439,1525,159,1,818.3,0.0
3440,1526,142,1,717.32,0.0
3441,1526,295,1,139.02,0.0
3442,1527,278,1,402.71,0.05
3443,1528,101,2,488.42,0.05
3444,1528,8,1,295.82,0.0
3445,1528,33,2,217.73,0.0
3446,1529,278,1,402.71,0.05
3447,1530,269,1,603.81,0.0
3448,1530,37,2,608.8,0.1
3449,1530,9,1,66.57,0.0
3450,1530,241,1,306.12,0.0
3451,1531,123,1,840.94,0.1
3452,1532,86,2,443.6,0.0
3453,1533,54,1,679.71,0.0
3454,1534,70,-1,402.01,0.1
3455,1534,287,1,754.14,0.0
3456,1535,225,1,939.11,0.0
3457,1536,225,1,939.11,0.0
3458,1537,175,2,600.57,0.0
3459,1537,208,1,260.07,0.1
3460,1538,232,1,71.83,0.0
3461,1539,166,1,278.38,0.0
3462,1539,294,3,141.94,0.05
3463,1539,188,3,550.0,0.1
3464,1539,58,1,87.55,0.0
3465,1539,119,1,519.85,0.0
3466,1540,31,1,976.57,0.1
3467,1540,273,1,560.24,0.05
3468,1541,31,1,976.57,0.0
3469,1541,220,1,475.38,0.15
3470,1542,277,1,437.32,0.0
3471,1542,185,1,582.19,0.1
3472,1542,174,1,864.84,0.1
3473,1542,241,2,306.12,0.15
3474,1543,104,2,957.31,0.2
3475,1543,75,1,299.66,0.0
3476,1543,200,2,533.81,0.05
3477,1544,93,3,98.57,0.2
3478,1544,13,1,152.16,0.0
3479,1544,143,1,421.93,0.1
3480,1545,97,3,628.48,0.1
3481,1545,293,3,709.48,0.0
3482,1545,90,3,219.22,0.05
3483,1545,1,2,433.54,0.1
3484,1545,95,1,711.68,0.05
3485,1546,33,2,217.73,0.05
3486,1546,272,2,5.69,0.15
3487,1547,104,3,957.31,0.0
3488,1548,5,1,503.34,0.0
3489,1548,280,3,121.8,0.0
3490,1548,258,1,626.09,0.0
3491,1548,100,1,283.25,0.05
3492,1549,275,1,82.62,0.0
3493,1549,153,1,530.38,0.0
3494,1550,186,1,290.81,0.0
3495,1551,40,1,171.89,0.0
3496,1551,151,1,625.19,0.0
3497,1552,107,1,963.92,0.0
3498,1553,47,1,513.39,0.2
3499,1554,51,1,863.34,0.0
3500,1555,157,1,701.5,0.1
3501,1555,170,1,723.66,0.15
3502,1555,194,1,222.76,0.15
3503,1555,54,1,679.71,0.0
3504,1556,31,1,976.57,0.0
3506,1556,215,1,501.1,0.05
3507,1556,172,1,104.56,0.1
3508,1557,13,1,152.16,0.05
3509,1558,76,3,938.11,0.0
3510,1558,91,3,369.86,0.0
3511,1558,269,1,603.81,0.0
3512,1558,8,1,295.82,0.1
3513,1559,87,1,564.0,0.05
3514,1559,16,2,245.66,0.0
3515,1560,256,2,537.93,0.0
3516,1560,163,1,598.68,0.05
3517,1560,289,3,635.36,0.1
3518,1561,282,1,280.61,0.1
3519,1561,261,1,429.63,0.2
3520,1562,81,1,779.01,0.0
3521,1563,70,1,402.01,0.15
3522,1563,152,1,910.86,0.0
3523,1563,87,1,564.0,0.05
3524,1563,129,1,492.47,0.1
3525,1563,123,1,840.94,0.0
3526,1564,108,1,378.75,0.0
3527,1564,288,2,515.26,0.05
3528,1565,148,1,304.48,0.05
3529,1565,24,1,696.97,0.1
3530,1565,30,2,477.17,0.0
3531,1566,61,1,512.76,0.15
3532,1566,88,1,275.21,0.05
3533,1566,148,1,304.48,0.0
3534,1566,55,1,395.52,0.0
3535,1567,271,1,756.22,0.0
3536,1567,272,1,5.69,0.05
3537,1568,208,1,260.07,0.0
3538,1568,202,1,514.85,0.0
3539,1569,279,1,226.81,0.0
3540,1569,257,1,8.4,0.0
3541,1570,187,1,127.57,0.0
3542,1570,169,1,458.05,0.0
3543,1571,112,1,10.73,0.0
3544,1571,241,1,306.12,0.0
3545,1571,284,1,228.9,0.0
3546,1571,138,1,54.35,0.1
3547,1571,118,2,611.17,0.0
3548,1572,204,1,578.66,0.05
3549,1572,97,1,628.48,0.1
3550,1572,122,1,607.34,0.1
3551,1573,251,1,439.11,0.1
3552,1574,21,1,614.24,0.0
3553,1574,159,1,818.3,0.1
3554,1574,173,1,587.7,0.15
3555,1574,198,1,266.02,0.15
3556,1574,129,1,492.47,0.0
3557,1575,57,1,510.39,0.0
3558,1576,83,2,243.1,0.15
3559,1576,260,1,619.66,0.0
3560,1576,218,3,127.17,0.0
3561,1576,164,1,446.58,0.0
3562,1577,170,1,723.66,0.0
3563,1577,231,3,410.59,0.0
3564,1578,74,2,171.2,0.0
3565,1578,252,2,274.43,0.05
3566,1579,299,1,725.08,0.15
3567,1579,272,1,5.69,0.05
3568,1580,32,1,338.4,0.0
3569,1580,214,1,304.46,0.0
3570,1580,207,-1,518.71,0.0
3571,1581,157,1,701.5,0.0
3572,1582,63,1,430.39,0.0
3573,1583,269,1,603.81,0.0
3574,1583,170,1,723.66,0.0
3575,1584,77,2,103.53,0.0
3576,1584,246,1,574.84,0.1
3577,1585,237,2,335.88,0.05
3578,1585,125,3,584.13,0.0
3579,1586,74,1,171.2,0.05
3580,1586,221,1,704.75,0.0
3581,1586,166,1,278.38,0.0
3582,1587,81,1,779.01,0.2
3583,1588,254,1,286.86,0.0
3584,1588,1,1,433.54,0.2
3585,1588,295,-1,139.02,0.05
3586,1589,152,1,910.86,0.05
3587,1590,52,1,12.48,0.05
3588,1590,70,3,402.01,0.0
3589,1591,203,1,431.09,0.2
3590,1591,164,1,446.58,0.2
3591,1591,248,1,75.61,0.0
3592,1591,197,2,538.79,0.2
3593,1591,23,1,235.35,0.0
3594,1592,34,1,399.8,0.0
3595,1592,242,1,166.1,0.1
3596,1593,166,1,278.38,0.0
3597,1593,92,1,148.78,0.05
3598,1594,86,3,443.6,0.0
3599,1595,35,1,425.48,0.2
3600,1595,171,1,14.73,0.0
3601,1596,69,1,274.11,0.0
3602,1596,6,-1,531.19,0.0
3603,1596,255,1,249.2,0.2
3604,1596,192,1,697.79,0.0
3605,1597,299,2,725.08,0.2
3606,1598,205,1,367.74,0.0
3607,1598,96,1,682.77,0.0
3608,1599,267,1,253.7,0.0
3609,1600,172,1,104.56,0.0
3610,1600,253,1,621.95,0.0
3611,1600,138,1,54.35,0.0
3612,1601,128,1,686.4,0.0
3613,1601,134,3,541.79,0.1
3614,1601,262,1,214.85,0.2
3615,1602,286,1,47.93,0.0
3616,1603,62,2,244.7,0.15
3617,1603,250,2,1160.3575,0.05
3618,1604,7,1,357.42,0.05
3619,1604,22,1,205.71,0.0
3620,1605,58,1,87.55,0.15
3621,1605,114,1,23.97,0.05
3622,1605,222,2,264.61,0.0
3623,1605,95,3,711.68,0.1
3624,1606,71,3,362.18,0.0
3625,1606,149,3,382.77,0.2
3626,1607,178,1,563.12,0.1
3627,1607,82,1,235.49,0.1
3628,1607,261,2,429.63,0.1
3629,1608,77,1,103.53,0.0
3630,1608,133,1,479.79,0.0
3631,1608,182,1,500.91,0.15
3632,1608,215,1,501.1,0.0
3633,1609,177,2,156.12,0.0
3634,1609,292,1,425.68,0.0
3635,1609,204,1,578.66,0.0
3636,1609,289,2,635.36,0.0
3637,1609,66,2,447.18,0.0
3638,1610,96,1,682.77,0.15
3639,1611,204,1,578.66,0.05
3640,1612,19,1,727.02,0.0
3641,1612,143,2,421.93,0.05
3642,1612,272,1,5.69,0.0
3643,1612,89,1,247.06,0.05
3644,1613,73,3,346.78,0.0
3645,1613,123,1,840.94,0.0
3646,1614,177,3,156.12,0.05
3647,1614,288,2,515.26,0.1
3648,1615,14,1,90.93,0.0
3649,1615,10,1,309.24,0.0
3650,1616,143,1,421.93,0.15
3651,1616,127,1,111.4,0.0
3652,1616,123,1,840.94,0.0
3653,1617,217,1,479.18,0.2
3654,1617,247,1,708.26,0.0
3655,1617,50,1,240.1,0.15
3656,1617,283,1,680.49,0.0
3657,1618,229,1,690.53,0.0
3658,1618,178,1,563.12,0.0
3659,1619,67,1,355.8,0.0
3660,1619,253,1,621.95,0.1
3661,1620,55,1,395.52,0.0
3662,1621,18,1,35.67,0.0
3663,1622,153,1,530.38,0.1
3664,1622,147,1,517.03,0.15
3665,1622,287,1,754.14,0.05
3666,1622,160,1,150.1,0.0
3667,1623,67,1,355.8,0.0
3668,1624,243,1,746.93,0.0
3669,1624,228,1,162.75,0.0
3670,1624,267,-1,253.7,0.0
3671,1625,294,1,141.94,0.05
3672,1625,168,-1,649.6,0.0
3673,1625,34,1,399.8,0.0
3674,1625,89,1,247.06,0.05
3675,1626,250,1,1160.3575,0.0
3676,1627,289,3,635.36,0.15
3677,1628,70,1,402.01,0.0
3678,1628,12,2,156.75,0.0
3679,1628,259,2,533.22,0.05
3680,1629,175,1,600.57,0.1
3681,1629,22,1,205.71,0.0
3682,1630,181,1,37.18,0.0
3683,1630,81,1,779.01,0.0
3684,1630,151,2,625.19,0.05
3685,1631,265,1,839.64,0.0
3686,1631,59,1,287.12,0.0
3687,1632,132,1,299.38,0.15
3688,1632,222,1,264.61,0.05
3689,1632,255,1,249.2,0.0
3690,1632,67,1,355.8,0.1
3691,1633,225,1,939.11,0.0
3692,1634,16,3,245.66,0.0
3693,1634,296,1,361.73,0.0
3694,1634,202,1,514.85,0.05
3695,1634,255,2,249.2,0.0
3696,1635,118,1,611.17,0.0
3697,1636,199,3,51.0,0.1
3698,1636,74,2,171.2,0.0
3699,1636,195,1,132.26,0.0
3700,1637,115,1,251.88,0.0
3701,1638,194,1,222.76,0.05
3702,1639,294,1,141.94,0.1
3703,1640,20,1,548.49,0.0
3704,1640,173,1,587.7,0.2
3705,1641,61,2,512.76,0.0
3706,1641,200,1,533.81,0.0
3707,1642,187,2,127.57,0.15
3708,1643,187,3,127.57,0.0
3709,1643,84,2,43.2,0.0
3710,1644,172,1,104.56,0.0
3711,1644,19,1,727.02,0.2
3712,1644,197,1,538.79,0.05
3713,1645,294,1,141.94,0.1
3714,1645,109,-1,59.23,0.0
3715,1645,242,2,166.1,0.0
3716,1646,185,1,582.19,0.0
3717,1647,192,1,697.79,0.0
3718,1647,44,1,6.81,0.05
3719,1647,173,1,587.7,0.0
3720,1648,252,1,274.43,0.1
3721,1649,91,1,369.86,0.0
3722,1649,74,1,171.2,0.0
3723,1650,154,1,115.68,0.0
3724,1650,159,2,818.3,0.0
3725,1651,126,1,240.49,0.0
3726,1651,282,3,280.61,0.05
3727,1651,280,1,121.8,0.0
3728,1651,159,2,818.3,0.15
3729,1652,56,1,186.07,0.15
3730,1652,216,1,492.92,0.0
3731,1653,273,2,560.24,0.05
3732,1654,170,1,723.66,0.0
3733,1654,228,1,162.75,0.05
3734,1655,221,3,704.75,0.0
3735,1656,106,1,150.04,0.05
3736,1656,161,1,68.77,0.2
3737,1657,67,2,355.8,0.0
3738,1658,250,1,1160.3575,0.2
3739,1659,286,1,47.93,0.1
3740,1659,119,1,519.85,0.0
3741,1660,260,1,619.66,0.05
3742,1660,186,1,290.81,0.0
3743,1660,275,1,82.62,0.0
3744,1661,164,1,446.58,0.0
3745,1661,248,1,75.61,0.0
3746,1661,73,1,346.78,0.0
3747,1661,190,1,707.42,0.1
3748,1662,276,2,341.21,0.0
3749,1662,21,1,614.24,0.0
3750,1663,225,1,939.11,0.0
3751,1663,17,1,953.82,0.0
3752,1663,142,1,717.32,0.0
3753,1664,29,2,103.82,0.1
3754,1665,242,1,166.1,0.15
3755,1665,278,1,402.71,0.0
3756,1666,269,1,603.81,0.0
3757,1666,241,1,306.12,0.1
3758,1666,244,-1,263.25,0.0
3759,1666,127,1,111.4,0.15
3760,1667,211,1,943.9,0.0
3761,1667,256,1,537.93,0.0
3762,1667,6,2,531.19,0.1
3763,1667,150,1,182.12,0.0
3764,1668,9,3,66.57,0.05
3765,1668,76,1,938.11,0.0
3766,1668,177,1,156.12,0.0
3767,1669,235,1,370.09,0.0
3768,1670,284,1,228.9,0.0
3769,1670,257,1,8.4,0.0
3770,1671,201,1,567.68,0.05
3771,1671,268,1,23.79,0.05
3772,1672,24,1,696.97,0.0
3773,1672,66,1,447.18,0.0
3774,1672,284,1,228.9,0.0
3775,1673,286,2,47.93,0.0
3776,1673,294,1,141.94,0.0
3777,1674,290,1,908.96,0.2
3778,1674,111,1,227.31,0.0
3779,1674,257,1,8.4,0.1
3780,1675,203,1,431.09,0.05
3781,1676,230,2,829.69,0.05
3782,1676,168,1,649.6,0.1
3783,1677,151,1,625.19,0.0
3784,1677,273,1,560.24,0.05
3785,1677,14,1,90.93,0.15
3786,1677,271,1,756.22,0.0
3787,1677,150,2,182.12,0.1
3788,1678,9,2,66.57,0.0
3789,1678,240,1,555.47,0.15
3790,1678,126,1,240.49,0.0
3791,1678,61,1,512.76,0.05
3792,1678,176,1,199.39,0.05
3793,1679,226,1,211.98,0.0
3794,1679,160,1,150.1,0.0
3795,1679,284,1,228.9,0.0
3796,1680,197,1,538.79,0.1
3797,1680,171,1,14.73,0.0
3798,1680,260,3,619.66,0.15
3799,1680,202,1,514.85,0.0
3800,1681,50,1,240.1,0.0
3801,1681,179,1,478.65,0.1
3802,1681,95,1,711.68,0.05
3803,1682,21,1,614.24,0.0
3804,1683,279,2,226.81,0.0
3805,1683,162,1,126.53,0.0
3806,1683,57,1,510.39,0.0
3807,1683,230,1,829.69,0.0
3808,1684,288,1,515.26,0.15
3809,1684,280,1,121.8,0.05
3810,1684,282,1,280.61,0.0
3811,1684,167,1,39.88,0.0
3812,1684,190,1,707.42,0.0
3813,1685,257,1,8.4,0.0
3814,1685,300,1,133.29,0.0
3815,1686,31,1,976.57,0.05
3816,1687,173,2,587.7,0.0
3817,1688,130,1,454.11,0.15
3818,1689,146,3,443.54,0.05
3819,1689,74,1,171.2,0.1
3820,1690,59,2,287.12,0.15
3821,1690,286,1,47.93,0.0
3822,1690,220,1,475.38,0.05
3823,1691,85,1,530.7,0.0
3824,1691,214,1,304.46,0.1
3825,1691,62,1,244.7,0.0
3826,1691,139,1,835.42,0.0
3827,1691,98,1,71.96,0.0
3828,1692,221,1,704.75,0.1
3829,1693,295,1,139.02,0.0
3830,1693,186,2,290.81,0.1
3831,1693,189,1,24.7,0.0
3832,1693,262,3,214.85,0.05
3833,1694,201,1,567.68,0.0
3834,1695,54,1,679.71,0.0
3835,1695,82,1,235.49,0.0
3836,1696,223,2,57.85,0.0
3837,1696,261,2,429.63,0.0
3838,1697,299,1,725.08,0.2
3839,1697,100,2,283.25,0.0
3840,1697,254,1,286.86,0.1
3841,1698,3,3,978.72,0.0
3842,1698,217,2,479.18,0.05
3843,1698,96,1,682.77,0.0
3844,1698,106,2,150.04,0.0
3845,1698,175,1,600.57,0.0
3846,1699,50,1,240.1,0.0
3847,1699,277,2,437.32,0.0
3848,1699,276,1,341.21,0.0
3849,1700,37,1,608.8,0.0
3850,1700,124,1,640.23,0.0
3851,1700,249,1,682.27,0.1
3852,1700,297,2,89.43,0.0
3853,1700,219,1,211.99,0.0
3854,1701,73,1,346.78,0.2
3855,1702,173,1,587.7,0.1
3856,1703,126,1,240.49,0.2
3857,1703,31,1,976.57,0.0
3858,1703,246,2,574.84,0.15
3859,1703,10,1,309.24,0.05
3860,1703,33,1,217.73,0.2
3861,1704,192,1,697.79,0.0
3862,1704,48,2,231.62,0.0
3863,1705,242,-1,166.1,0.0
3864,1705,233,1,82.49,0.0
3865,1705,10,1,309.24,0.0
3866,1705,80,1,166.05,0.0
3867,1705,201,1,567.68,0.1
3868,1706,168,2,649.6,0.0
3869,1706,274,2,528.78,0.05
3870,1707,90,1,219.22,0.1
3871,1707,70,1,402.01,0.05
3872,1707,168,1,649.6,0.0
3873,1707,128,1,686.4,0.2
3874,1708,206,2,612.54,0.0
3875,1708,280,1,121.8,0.0
3876,1709,211,-1,943.9,0.1
3877,1710,144,2,299.76,0.0
3878,1710,253,1,621.95,0.0
3879,1711,60,1,148.68,0.0
3880,1711,40,2,171.89,0.1
3881,1711,257,1,8.4,0.0
3882,1712,25,1,282.92,0.0
3883,1713,223,1,57.85,0.0
3884,1713,28,1,749.19,0.0
3885,1713,142,1,717.32,0.0
3886,1713,117,1,567.69,0.0
3887,1714,44,1,6.81,0.0
3888,1715,57,1,510.39,0.05
3889,1716,171,1,14.73,0.0
3890,1717,45,1,511.39,0.0
3891,1717,136,1,974.39,0.05
3892,1718,213,1,111.83,0.0
3893,1719,148,1,304.48,0.0
3894,1719,242,1,166.1,0.0
3895,1720,179,1,478.65,0.2
3896,1720,238,3,192.17,0.0
3897,1720,269,1,603.81,0.05
3898,1721,163,2,598.68,0.0
3899,1721,84,1,43.2,0.0
3900,1721,257,1,8.4,0.0
3901,1721,214,1,304.46,0.0
3902,1721,105,1,375.87,0.15
3903,1722,165,1,605.76,0.15
3904,1722,278,1,402.71,0.05
3906,1723,207,2,518.71,0.0
3907,1723,54,1,679.71,0.15
3908,1723,65,1,460.75,0.0
3909,1723,268,1,23.79,0.05
3910,1723,16,3,245.66,0.2
3911,1724,292,1,425.68,0.1
3912,1725,225,1,939.11,0.2
3913,1725,39,1,412.64,0.15
3914,1725,89,1,247.06,0.05
3915,1726,203,3,431.09,0.0
3916,1726,271,1,756.22,0.0
3917,1726,218,2,127.17,0.15
3918,1726,38,2,364.99,0.0
3919,1727,51,1,863.34,0.0
3920,1727,143,3,421.93,0.0
3921,1727,34,2,399.8,0.0
3922,1728,139,1,835.42,0.0
3923,1728,166,1,278.38,0.0
3924,1728,110,1,52.92,0.2
3925,1729,7,3,357.42,0.0
3926,1729,24,1,696.97,0.0
3927,1730,270,1,1160.3575,0.0
3928,1730,166,1,278.38,0.2
3929,1731,115,1,251.88,0.05
3930,1732,49,1,850.7,0.0
3931,1732,186,2,290.81,0.0
3932,1733,110,1,52.92,0.0
3933,1733,266,1,110.99,0.0
3934,1733,230,1,829.69,0.0
3935,1734,180,1,843.45,0.0
3936,1735,259,1,533.22,0.15
3937,1735,89,1,247.06,0.0
3938,1736,250,1,1160.3575,0.15
3939,1737,104,1,957.31,0.0
3940,1737,61,1,512.76,0.0
3941,1738,95,1,711.68,0.0
3942,1738,2,2,807.37,0.05
3943,1738,177,3,156.12,0.15
3944,1738,90,1,219.22,0.05
3945,1738,134,1,541.79,0.0
3946,1739,120,1,146.96,0.1
3947,1739,52,1,12.48,0.0
3948,1739,130,1,454.11,0.0
3949,1740,148,1,304.48,0.0
3950,1740,169,-1,458.05,0.0
3951,1741,295,1,139.02,0.05
3952,1741,281,1,146.98,0.05
3953,1741,115,1,251.88,0.05
3954,1741,108,1,378.75,0.0
3955,1742,77,1,103.53,0.0
3956,1743,244,1,263.25,0.0
3957,1744,269,2,603.81,0.1
3958,1745,88,3,275.21,0.0
3959,1746,300,2,133.29,0.0
3960,1747,87,1,564.0,0.15
3961,1748,108,1,378.75,0.0
3962,1748,39,3,412.64,0.1
3963,1749,143,-1,421.93,0.0
3964,1749,119,1,519.85,0.0
3965,1750,157,2,701.5,0.0
3966,1750,250,2,1160.3575,0.0
3967,1751,105,3,375.87,0.0
3968,1751,64,2,29.71,0.0
3969,1752,165,1,605.76,0.15
3970,1752,274,1,528.78,0.0
3971,1753,36,-1,749.87,0.0
3972,1754,9,1,66.57,0.0
3973,1754,32,1,338.4,0.05
3974,1755,48,-1,231.62,0.2
3975,1755,173,1,587.7,0.0
3976,1755,106,1,150.04,0.1
3977,1756,239,1,517.8,0.15
3978,1757,27,2,686.85,0.0
3979,1757,265,1,839.64,0.0
3980,1758,221,1,704.75,0.15
3981,1759,69,1,274.11,0.05
3982,1759,113,1,55.28,0.15
3983,1759,62,1,244.7,0.1
3984,1759,18,1,35.67,0.0
3985,1759,12,2,156.75,0.0
3986,1760,213,1,111.83,0.1
3987,1760,135,1,550.83,0.0
3988,1761,18,3,35.67,0.0
3989,1761,186,3,290.81,0.2
3990,1761,167,1,39.88,0.1
3991,1761,289,2,635.36,0.0
3992,1761,256,2,537.93,0.05
3993,1762,41,1,376.48,0.0
3994,1762,276,1,341.21,0.05
3995,1762,37,2,608.8,0.1
3996,1762,222,1,264.61,0.0
3998,1763,212,1,445.65,0.0
3999,1764,180,1,843.45,0.0
4000,1764,283,1,680.49,0.0
4001,1764,218,1,127.17,0.0
4002,1765,41,1,376.48,0.0
4003,1765,55,2,395.52,0.0
4004,1766,169,1,458.05,0.0
4005,1766,12,1,156.75,0.1
4006,1767,247,3,708.26,0.0
4007,1767,199,2,51.0,0.1
4008,1767,52,1,12.48,0.05
4009,1768,242,1,166.1,0.0
4010,1768,52,1,12.48,0.0
4011,1769,259,1,533.22,0.1
4012,1769,158,1,282.03,0.05
4013,1769,261,2,429.63,0.0
4014,1770,143,2,421.93,0.15
4015,1771,137,3,316.92,0.0
4016,1771,295,-1,139.02,0.0
4018,1771,159,1,818.3,0.1
4019,1772,149,1,382.77,0.1
4020,1773,245,1,1160.3575,0.0
4021,1773,106,1,150.04,0.0
4022,1774,233,1,82.49,0.0
4023,1774,229,1,690.53,0.0
4024,1774,218,1,127.17,0.0
4025,1774,42,1,328.75,0.05
4026,1775,108,1,378.75,0.0
4027,1775,8,1,295.82,0.0
4028,1776,224,1,23.12,0.0
4029,1776,213,1,111.83,0.05
4030,1777,182,2,500.91,0.1
4031,1778,185,1,582.19,0.0
4032,1778,19,1,727.02,0.1
4033,1778,276,1,341.21,0.1
4034,1779,282,1,280.61,0.0
4035,1779,243,1,746.93,0.1
4036,1779,210,1,177.09,0.1
4037,1779,95,1,711.68,0.15
4038,1779,290,2,908.96,0.2
4039,1780,74,1,171.2,0.0
4040,1781,140,2,500.02,0.1
4041,1781,219,2,211.99,0.0
4042,1782,157,1,701.5,0.0
4043,1782,147,1,517.03,0.0
4044,1783,254,2,286.86,0.0
4045,1784,289,-1,635.36,0.0
4046,1784,220,1,475.38,0.0
4047,1784,242,2,166.1,0.0
4048,1784,19,1,727.02,0.05
4049,1784,244,1,263.25,0.0
4050,1785,33,1,217.73,0.1
4051,1786,92,2,148.78,0.0
4052,1787,47,1,513.39,0.05
4053,1787,61,1,512.76,0.05
4054,1788,55,1,395.52,0.0
4055,1789,43,1,97.72,0.0
4056,1790,222,1,264.61,0.0
4057,1790,149,2,382.77,0.0
4058,1790,247,1,708.26,0.1
4059,1790,147,2,517.03,0.0
4060,1790,125,1,584.13,0.0
4061,1791,92,2,148.78,0.0
4062,1792,184,1,278.4,0.1
4063,1792,81,1,779.01,0.05
4064,1793,286,1,47.93,0.1
4065,1794,224,1,23.12,0.0
4066,1794,255,2,249.2,0.0
4067,1794,27,1,686.85,0.0
4068,1794,85,1,530.7,0.1
4069,1795,163,1,598.68,0.0
4070,1796,5,1,503.34,0.0
4071,1797,93,1,98.57,0.0
4072,1797,150,1,182.12,0.0
4073,1798,33,1,217.73,0.0
4074,1799,116,3,862.37,0.0
4075,1799,30,1,477.17,0.05
4076,1800,231,1,410.59,0.2
4077,1800,120,1,146.96,0.15
4078,1800,228,1,162.75,0.0
4079,1800,247,2,708.26,0.05
4080,1801,40,2,171.89,0.2
4081,1801,81,3,779.01,0.0
4082,1802,196,1,518.75,0.1
4083,1803,139,1,835.42,0.0
4084,1803,142,2,717.32,0.0
4085,1803,16,-1,245.66,0.0
4086,1803,27,1,686.85,0.0
4087,1804,209,1,797.01,0.2
4088,1804,98,2,71.96,0.05
4089,1804,254,-1,286.86,0.05
4090,1804,168,1,649.6,0.0
4091,1804,193,1,351.11,0.0
4092,1805,30,1,477.17,0.15
4093,1805,257,1,8.4,0.0
4094,1805,252,1,274.43,0.0
4095,1805,266,1,110.99,0.1
4096,1806,189,3,24.7,0.0
4097,1806,256,1,537.93,0.1
4098,1807,281,1,146.98,0.2
4099,1807,135,1,550.83,0.0
4100,1808,208,1,260.07,0.05
4101,1808,32,1,338.4,0.1
4102,1808,64,1,29.71,0.05
4103,1809,228,1,162.75,0.0
4104,1809,289,1,635.36,0.0
4105,1809,3,1,978.72,0.0
4106,1809,225,1,939.11,0.0
4107,1809,136,1,974.39,0.0
4108,1810,54,1,679.71,0.0
4109,1810,236,2,55.21,0.0
4110,1811,57,1,510.39,0.0
4112,1812,189,1,24.7,0.0
4113,1812,220,3,475.38,0.0
4114,1813,82,2,235.49,0.0
4115,1813,154,1,115.68,0.0
4116,1814,91,1,369.86,0.05
4117,1814,101,1,488.42,0.1
4118,1815,24,1,696.97,0.0
4119,1816,274,-1,528.78,0.0
4120,1816,85,1,530.7,0.0
4121,1817,277,1,437.32,0.0
4122,1817,20,2,548.49,0.1
4123,1817,87,1,564.0,0.05
4124,1817,124,1,640.23,0.0
4125,1818,201,1,567.68,0.0
4126,1819,204,3,578.66,0.05
4127,1819,28,1,749.19,0.0
4128,1820,76,1,938.11,0.15
4129,1820,282,-1,280.61,0.15
4130,1820,138,1,54.35,0.0
4131,1821,50,2,240.1,0.0
4132,1821,148,2,304.48,0.1
4133,1822,148,-1,304.48,0.2
4134,1823,32,1,338.4,0.1
4135,1824,197,1,538.79,0.1
4136,1824,241,1,306.12,0.1
4137,1824,240,2,555.47,0.2
4138,1824,162,1,126.53,0.1
4139,1825,82,2,235.49,0.0
4140,1825,97,1,628.48,0.15
4141,1826,169,1,458.05,0.0
4142,1826,1,1,433.54,0.0
4143,1826,196,1,518.75,0.0
4144,1826,2,1,807.37,0.0
4145,1827,190,2,707.42,0.0
4146,1828,243,1,746.93,0.2
4147,1828,186,1,290.81,0.2
4148,1829,184,1,278.4,0.1
4149,1829,12,3,156.75,0.15
4151,1830,220,1,475.38,0.15
4152,1831,196,1,518.75,0.15
4153,1832,291,3,19.78,0.05
4154,1833,211,2,943.9,0.0
4155,1833,64,1,29.71,0.0
4156,1834,36,1,749.87,0.15
4157,1834,148,2,304.48,0.0
4158,1834,219,1,211.99,0.05
4159,1834,157,3,701.5,0.2
4160,1834,144,1,299.76,0.0
4161,1835,151,1,625.19,0.0
4162,1835,56,1,186.07,0.05
4163,1835,211,2,943.9,0.0
4164,1835,24,1,696.97,0.0
4165,1835,108,1,378.75,0.0
4166,1836,167,1,39.88,0.05
4167,1836,254,1,286.86,0.0
4168,1836,126,2,240.49,0.0
4169,1837,256,1,537.93,0.0
4170,1838,219,1,211.99,0.0
4171,1838,249,1,682.27,0.0
4172,1839,16,1,245.66,0.1
4173,1839,87,1,564.0,0.0
4174,1840,2,1,807.37,0.05
4175,1841,90,1,219.22,0.05
4176,1841,279,3,226.81,0.0
4177,1841,205,2,367.74,0.0
4178,1841,33,2,217.73,0.0
4179,1841,160,1,150.1,0.0
4180,1842,39,1,412.64,0.0
4181,1842,147,1,517.03,0.05
4182,1843,32,1,338.4,0.0
4183,1844,283,1,680.49,0.15
4184,1844,140,2,500.02,0.0
4185,1844,214,3,304.46,0.0
4186,1844,235,3,370.09,0.05
4187,1844,94,1,514.73,0.0
4188,1845,164,3,446.58,0.05
4189,1846,285,1,667.54,0.05
4190,1846,89,3,247.06,0.05
4191,1847,270,1,1160.3575,0.0
4192,1847,42,1,328.75,0.2
4193,1847,51,1,863.34,0.05
4194,1848,199,-1,51.0,0.0
4195,1848,142,3,717.32,0.0
4196,1848,57,1,510.39,0.0
4197,1849,223,1,57.85,0.0
4198,1849,226,1,211.98,0.05
4199,1850,209,-1,797.01,0.0
4200,1850,249,1,682.27,0.0
4201,1851,172,1,104.56,0.0
4202,1852,83,1,243.1,0.05
4203,1852,139,1,835.42,0.05
4204,1852,134,1,541.79,0.0
4205,1852,120,1,146.96,0.05
4206,1852,122,1,607.34,0.1
4207,1853,130,1,454.11,0.0
4208,1853,289,1,635.36,0.0
4209,1854,284,1,228.9,0.15
4210,1855,75,1,299.66,0.05
4212,1856,220,1,475.38,0.0
4213,1857,19,1,727.02,0.1
4215,1857,55,1,395.52,0.0
4216,1858,50,1,240.1,0.0
4217,1859,81,2,779.01,0.0
4218,1859,93,2,98.57,0.0
4219,1859,282,1,280.61,0.15
4220,1860,211,-1,943.9,0.0
4221,1861,273,1,560.24,0.0
4222,1862,76,1,938.11,0.2
4223,1863,295,1,139.02,0.1
4224,1864,146,1,443.54,0.0
4225,1864,41,1,376.48,0.0
4226,1864,192,1,697.79,0.15
4227,1864,282,1,280.61,0.0
4228,1864,288,1,515.26,0.0
4229,1865,166,1,278.38,0.1
4230,1865,85,2,530.7,0.0
4231,1865,205,3,367.74,0.0
4232,1866,143,1,421.93,0.1
4233,1866,75,1,299.66,0.0
4234,1867,28,1,749.19,0.1
4235,1867,233,1,82.49,0.05
4236,1867,141,3,251.45,0.0
4237,1867,262,1,214.85,0.1
4238,1868,294,1,141.94,0.0
4239,1869,133,1,479.79,0.0
4240,1870,26,3,259.69,0.1
4241,1870,265,1,839.64,0.0
4242,1870,241,1,306.12,0.0
4243,1870,271,1,756.22,0.0
4244,1870,180,2,843.45,0.0
4245,1871,240,1,555.47,0.0
4246,1872,150,1,182.12,0.15
4247,1872,138,2,54.35,0.05
4248,1873,52,2,12.48,0.0
4249,1874,254,-1,286.86,0.0
4250,1875,15,1,536.46,0.05
4251,1875,11,1,216.27,0.15
4252,1876,104,1,957.31,0.0
4253,1876,254,1,286.86,0.0
4254,1876,21,1,614.24,0.05
4255,1876,124,1,640.23,0.15
4256,1876,169,1,458.05,0.2
4257,1877,266,1,110.99,0.0
4258,1877,280,1,121.8,0.2
4259,1877,232,-1,71.83,0.15
4260,1878,215,2,501.1,0.0
4261,1879,279,2,226.81,0.2
4262,1879,185,1,582.19,0.05
4263,1880,117,1,567.69,0.05
4264,1880,254,1,286.86,0.0
4265,1880,217,1,479.18,0.1
4266,1880,26,1,259.69,0.1
4267,1880,23,1,235.35,0.0
4268,1881,3,1,978.72,0.05
4269,1882,2,1,807.37,0.0
4270,1883,295,3,139.02,0.05
4271,1883,255,1,249.2,0.1
4272,1884,100,1,283.25,0.05
4273,1884,134,2,541.79,0.0
4274,1885,50,1,240.1,0.05
4275,1886,139,1,835.42,0.05
4276,1886,197,1,538.79,0.0
4277,1887,229,3,690.53,0.0
4278,1887,118,1,611.17,0.0
4279,1887,228,1,162.75,0.05
4280,1888,99,1,496.87,0.0
4281,1888,10,1,309.24,0.0
4282,1888,192,1,697.79,0.2
4283,1889,48,1,231.62,0.0
4284,1889,140,-1,500.02,0.1
4286,1889,95,1,711.68,0.0
4287,1890,235,2,370.09,0.05
4288,1890,245,1,1160.3575,0.0
4289,1891,78,1,213.82,0.0
4290,1891,219,2,211.99,0.0
4291,1892,172,1,104.56,0.1
4292,1892,7,1,357.42,0.1
4293,1892,85,1,530.7,0.0
4294,1892,271,1,756.22,0.15
4295,1893,29,1,103.82,0.1
4296,1894,236,1,55.21,0.0
4297,1895,241,1,306.12,0.0
4298,1895,295,-1,139.02,0.0
4299,1896,36,2,749.87,0.0
4300,1896,262,1,214.85,0.0
4301,1897,289,1,635.36,0.15
4302,1897,111,1,227.31,0.05
4303,1898,258,1,626.09,0.05
4304,1898,19,1,727.02,0.0
4305,1898,132,1,299.38,0.0
4306,1898,9,1,66.57,0.2
4307,1898,111,1,227.31,0.1
4308,1899,268,3,23.79,0.0
4309,1899,274,1,528.78,0.0
4310,1899,158,3,282.03,0.05
4311,1900,167,1,39.88,0.0
4312,1900,111,1,227.31,0.0
4313,1901,33,1,217.73,0.0
4314,1902,226,1,211.98,0.0
4315,1903,280,1,121.8,0.0
4316,1903,131,3,797.13,0.0
4317,1903,48,-1,231.62,0.05
4318,1904,257,2,8.4,0.0
4319,1905,42,1,328.75,0.05
4320,1906,143,1,421.93,0.0
4321,1906,241,1,306.12,0.2
4322,1906,266,1,110.99,0.0
4323,1907,166,1,278.38,0.0
4324,1907,18,1,35.67,0.0
4325,1908,223,1,57.85,0.0
4326,1908,156,1,372.8,0.0
4327,1909,109,1,59.23,0.0
4328,1909,20,1,548.49,0.0
4329,1909,207,1,518.71,0.0
4330,1909,69,-1,274.11,0.0
4331,1910,85,1,530.7,0.0
4332,1911,94,1,514.73,0.0
4334,1912,142,2,717.32,0.05
4335,1912,53,1,192.38,0.0
4336,1913,259,2,533.22,0.05
4337,1913,237,1,335.88,0.0
4338,1914,50,1,240.1,0.0
4339,1914,248,2,75.61,0.15
4340,1914,224,1,23.12,0.0
4341,1915,167,2,39.88,0.05
4342,1915,157,2,701.5,0.0
4343,1915,22,1,205.71,0.05
4344,1916,93,1,98.57,0.1
4345,1916,12,2,156.75,0.15
4346,1917,269,1,603.81,0.0
4347,1917,70,1,402.01,0.1
4348,1918,190,1,707.42,0.0
4349,1919,147,3,517.03,0.0
4350,1919,195,2,132.26,0.0
4351,1919,216,1,492.92,0.0
4352,1920,171,1,14.73,0.0
4353,1920,282,1,280.61,0.0
4354,1920,77,1,103.53,0.1
4355,1920,200,2,533.81,0.0
4356,1921,148,1,304.48,0.0
4357,1922,106,2,150.04,0.1
4358,1922,138,2,54.35,0.0
4359,1923,287,1,754.14,0.15
4360,1923,222,1,264.61,0.1
4361,1924,271,1,756.22,0.05
4362,1924,37,1,608.8,0.2
4363,1924,194,1,222.76,0.05
4364,1924,192,1,697.79,0.1
4365,1924,30,1,477.17,0.05
4366,1925,162,1,126.53,0.05
4367,1925,154,1,115.68,0.0
4368,1925,271,1,756.22,0.0
4369,1925,1,1,433.54,0.15
4370,1926,2,1,807.37,0.0
4371,1927,260,1,619.66,0.2
4372,1927,147,1,517.03,0.1
4373,1928,254,-1,286.86,0.1
4374,1929,259,1,533.22,0.0
4375,1930,292,3,425.68,0.0
4376,1930,263,1,222.36,0.0
4377,1930,63,1,430.39,0.2
4378,1930,270,2,1160.3575,0.0
4379,1930,47,1,513.39,0.05
4380,1931,159,1,818.3,0.0
4381,1931,109,1,59.23,0.0
4382,1931,230,2,829.69,0.0
4383,1932,283,1,680.49,0.0
4384,1932,86,1,443.6,0.0
4385,1933,203,1,431.09,0.15
4386,1934,36,1,749.87,0.05
4387,1935,279,1,226.81,0.0
4388,1936,287,2,754.14,0.0
4389,1936,3,1,978.72,0.15
4390,1936,199,1,51.0,0.05
4391,1937,145,1,61.15,0.05
4392,1938,180,1,843.45,0.2
4393,1938,58,3,87.55,0.05
4394,1938,167,-1,39.88,0.0
4395,1939,186,1,290.81,0.1
4396,1940,203,1,431.09,0.0
4397,1941,104,1,957.31,0.05
4398,1942,197,1,538.79,0.2
4399,1943,164,2,446.58,0.0
4400,1943,283,1,680.49,0.0
4401,1944,124,1,640.23,0.0
4402,1944,10,1,309.24,0.0
4403,1945,148,1,304.48,0.0
4404,1945,11,1,216.27,0.0
4405,1946,4,1,17.97,0.0
4406,1946,250,2,1160.3575,0.0
4407,1946,62,3,244.7,0.05
4408,1946,200,2,533.81,0.0
4409,1946,11,1,216.27,0.0
4410,1947,221,1,704.75,0.0
4411,1947,286,2,47.93,0.05
4412,1947,85,1,530.7,0.15
4413,1947,285,-1,667.54,0.0
4414,1947,117,1,567.69,0.05
4415,1948,74,1,171.2,0.05
4416,1949,33,2,217.73,0.0
4417,1950,219,1,211.99,0.0
4418,1950,162,1,126.53,0.15
4419,1950,230,1,829.69,0.0
4420,1950,48,1,231.62,0.1
4421,1951,60,1,148.68,0.0
4422,1951,22,1,205.71,0.0
4424,1952,89,1,247.06,0.0
4425,1953,96,-1,682.77,0.0
4426,1953,178,1,563.12,0.0
4427,1954,180,2,843.45,0.0
4428,1954,59,1,287.12,0.05
4429,1955,279,1,226.81,0.0
4430,1955,182,1,500.91,0.0
4431,1955,196,1,518.75,0.0
4432,1956,196,1,518.75,0.15
4433,1956,181,1,37.18,0.05
4434,1956,157,1,701.5,0.2
4435,1957,297,2,89.43,0.0
4436,1957,74,1,171.2,0.05
4437,1957,55,1,395.52,0.0
4438,1957,166,1,278.38,0.0
4439,1958,63,2,430.39,0.0
4440,1959,22,2,205.71,0.0
4441,1959,222,1,264.61,0.15
4442,1959,278,1,402.71,0.0
4443,1960,238,2,192.17,0.0
4444,1960,34,1,399.8,0.05
4445,1961,182,-1,500.91,0.0
4446,1961,157,1,701.5,0.05
4447,1962,223,1,57.85,0.0
4448,1962,60,2,148.68,0.15
4449,1963,237,1,335.88,0.0
4450,1964,136,3,974.39,0.0
4451,1965,56,3,186.07,0.0
4452,1965,158,1,282.03,0.15
4453,1965,119,1,519.85,0.0
4454,1966,182,2,500.91,0.05
4455,1967,122,1,607.34,0.0
4456,1968,39,1,412.64,0.0
4457,1969,288,1,515.26,0.0
4458,1969,147,1,517.03,0.15
4459,1969,228,1,162.75,0.0
4460,1970,166,3,278.38,0.1
4461,1970,157,1,701.5,0.15
4462,1970,51,2,863.34,0.0
4463,1971,10,1,309.24,0.1
4464,1971,138,1,54.35,0.0
4465,1972,54,1,679.71,0.15
4466,1972,272,3,5.69,0.15
4467,1972,136,2,974.39,0.0
4468,1973,88,1,275.21,0.0
4469,1973,194,1,222.76,0.15
4470,1974,48,1,231.62,0.0
4471,1974,78,1,213.82,0.0
4472,1975,269,2,603.81,0.0
4473,1976,95,1,711.68,0.0
4474,1977,244,1,263.25,0.15
4475,1977,250,2,1160.3575,0.1
4476,1977,39,1,412.64,0.15
4477,1977,95,1,711.68,0.0
4478,1978,27,1,686.85,0.0
4479,1979,262,1,214.85,0.0
4480,1980,174,1,864.84,0.0
4481,1981,228,1,162.75,0.0
4482,1981,169,3,458.05,0.0
4483,1981,30,2,477.17,0.15
4484,1982,293,1,709.48,0.0
4485,1983,86,1,443.6,0.1
4486,1984,27,2,686.85,0.0
4487,1985,142,1,717.32,0.0
4488,1985,1,1,433.54,0.0
4489,1985,82,1,235.49,0.0
4490,1985,66,1,447.18,0.0
4491,1985,207,1,518.71,0.1
4492,1986,67,2,355.8,0.0
4493,1986,213,-1,111.83,0.0
4494,1986,170,1,723.66,0.05
4495,1987,150,1,182.12,0.0
4496,1987,113,3,55.28,0.0
4497,1987,125,1,584.13,0.0
4498,1988,114,1,23.97,0.0
4499,1989,174,1,864.84,0.0
4500,1990,290,3,908.96,0.0
4501,1990,194,1,222.76,0.0
4502,1991,32,1,338.4,0.2
4503,1991,89,1,247.06,0.1
4504,1992,120,1,146.96,0.0
4505,1992,150,1,182.12,0.1
4506,1992,16,1,245.66,0.0
4507,1993,263,1,222.36,0.0
4508,1993,8,1,295.82,0.1
4509,1993,237,3,335.88,0.0
4510,1993,258,1,626.09,0.1
4511,1993,121,1,183.38,0.0
4512,1994,22,1,205.71,0.15
4513,1995,109,1,59.23,0.0
4514,1995,254,1,286.86,0.1
4515,1996,146,1,443.54,0.0
4517,1997,35,1,425.48,0.0
4518,1997,194,1,222.76,0.1
4519,1998,47,1,513.39,0.0
4520,1998,199,2,51.0,0.2
4521,1999,98,1,71.96,0.2
4522,1999,191,1,457.7,0.15
4523,2000,280,1,121.8,0.1
4524,2000,60,1,148.68,0.1
4525,2000,19,1,727.02,0.0
4526,2001,54,1,679.71,0.05
4527,2002,81,1,779.01,0.15
4528,2002,12,1,156.75,0.05
4529,2002,36,1,749.87,0.0
4530,2002,166,1,278.38,0.0
4531,2003,286,1,47.93,0.15
4532,2003,108,3,378.75,0.0
4533,2004,27,1,686.85,0.0
4534,2005,104,1,957.31,0.05
4535,2005,197,1,538.79,0.0
4536,2005,242,1,166.1,0.1
4537,2006,136,1,974.39,0.15
4538,2007,229,1,690.53,0.0
4539,2008,260,1,619.66,0.0
4540,2008,5,1,503.34,0.0
4541,2009,166,1,278.38,0.05
4542,2009,147,1,517.03,0.05
4543,2009,134,1,541.79,0.0
4544,2010,246,1,574.84,0.0
4545,2010,130,1,454.11,0.05
4546,2010,142,3,717.32,0.0
4547,2011,123,1,840.94,0.0
4548,2011,16,1,245.66,0.0
4549,2011,59,1,287.12,0.0
4550,2012,241,1,306.12,0.0
4551,2013,245,1,1160.3575,0.0
4552,2013,202,2,514.85,0.0
4553,2013,247,1,708.26,0.0
4554,2013,226,1,211.98,0.1
4555,2014,274,1,528.78,0.0
4556,2014,210,1,177.09,0.05
4557,2015,188,2,550.0,0.0
4558,2015,16,2,245.66,0.0
4559,2016,68,1,133.13,0.0
4560,2017,128,2,686.4,0.15
4561,2017,5,3,503.34,0.1
4562,2017,10,1,309.24,0.1
4563,2017,148,1,304.48,0.0
4564,2018,112,1,10.73,0.1
4565,2018,154,1,115.68,0.0
4566,2019,75,1,299.66,0.0
4567,2019,48,1,231.62,0.0
4568,2019,293,1,709.48,0.0
4569,2020,80,1,166.05,0.0
4570,2021,90,2,219.22,0.1
4571,2021,187,1,127.57,0.0
4572,2022,250,2,1160.3575,0.05
4573,2022,189,2,24.7,0.0
4574,2023,66,2,447.18,0.1
4575,2023,278,1,402.71,0.2
4576,2023,89,1,247.06,0.0
4577,2024,59,2,287.12,0.05
4578,2024,109,1,59.23,0.1
4579,2024,93,1,98.57,0.05
4580,2024,65,2,460.75,0.0
4581,2025,260,1,619.66,0.05
4582,2025,38,1,364.99,0.1
4583,2025,238,1,192.17,0.05
4584,2026,71,1,362.18,0.0
4585,2026,162,2,126.53,0.0
4586,2026,68,1,133.13,0.05
4587,2026,221,1,704.75,0.05
4588,2027,123,2,840.94,0.0
4589,2028,139,2,835.42,0.1
4590,2028,165,1,605.76,0.0
4591,2028,85,2,530.7,0.05
4592,2029,8,2,295.82,0.0
4593,2029,14,2,90.93,0.0
4594,2030,199,1,51.0,0.15
4595,2031,155,1,607.36,0.0
4596,2031,227,1,192.19,0.0
4597,2031,118,1,611.17,0.05
4598,2031,107,1,963.92,0.0
4599,2032,272,3,5.69,0.1
4600,2032,8,1,295.82,0.0
4601,2033,37,1,608.8,0.0
4602,2034,150,1,182.12,0.0
4603,2034,194,1,222.76,0.0
4604,2034,81,1,779.01,0.15
4605,2034,260,1,619.66,0.0
4606,2035,65,1,460.75,0.0
4607,2036,205,2,367.74,0.15
4608,2037,131,2,797.13,0.1
4609,2038,278,1,402.71,0.05
4611,2038,35,1,425.48,0.1
4612,2039,130,3,454.11,0.15
4613,2039,201,1,567.68,0.0
4614,2039,15,1,536.46,0.0
4615,2040,13,1,152.16,0.0
4616,2040,99,1,496.87,0.0
4617,2040,41,1,376.48,0.0
4618,2040,170,1,723.66,0.0
4619,2040,253,1,621.95,0.1
4620,2041,152,1,910.86,0.1
4621,2041,204,1,578.66,0.0
4622,2042,195,1,132.26,0.0
4623,2043,85,1,530.7,0.0
4624,2043,31,1,976.57,0.1
4625,2043,132,1,299.38,0.1
4626,2043,24,1,696.97,0.05
4627,2044,277,1,437.32,0.0
4628,2044,11,2,216.27,0.1
4629,2044,237,2,335.88,0.0
4630,2045,299,2,725.08,0.0
4631,2045,248,1,75.61,0.0
4632,2045,162,1,126.53,0.1
4633,2046,13,1,152.16,0.1
4634,2046,238,2,192.17,0.0
4635,2046,240,1,555.47,0.0
4636,2046,223,2,57.85,0.1
4637,2047,242,2,166.1,0.0
4638,2048,46,1,397.56,0.2
4639,2048,116,1,862.37,0.1
4640,2049,264,1,16.2,0.15
4641,2049,86,2,443.6,0.0
4642,2050,65,1,460.75,0.0
4643,2050,208,1,260.07,0.0
4644,2050,49,3,850.7,0.1
4645,2050,213,3,111.83,0.2
4646,2051,232,1,71.83,0.0
4647,2051,203,1,431.09,0.0
4648,2052,180,2,843.45,0.1
4649,2052,292,1,425.68,0.05
4650,2052,96,1,682.77,0.0
4651,2052,195,1,132.26,0.1
4652,2053,199,1,51.0,0.0
4653,2053,83,-1,243.1,0.05
4654,2054,181,1,37.18,0.2
4655,2054,40,1,171.89,0.2
4656,2054,195,1,132.26,0.05
4657,2054,115,1,251.88,0.0
4658,2055,186,1,290.81,0.05
4659,2055,177,1,156.12,0.05
4660,2055,259,2,533.22,0.0
4661,2056,261,1,429.63,0.05
4662,2056,204,1,578.66,0.1
4663,2056,14,-1,90.93,0.0
4664,2057,291,1,19.78,0.0
4665,2058,128,1,686.4,0.0
4666,2058,134,1,541.79,0.0
4667,2059,209,1,797.01,0.0
4668,2060,268,1,23.79,0.05
4669,2060,89,1,247.06,0.0
4670,2060,87,1,564.0,0.0
4671,2061,225,1,939.11,0.0
4672,2061,96,1,682.77,0.0
4673,2062,132,2,299.38,0.05
4674,2063,67,1,355.8,0.1
4675,2063,170,3,723.66,0.0
4676,2063,35,1,425.48,0.0
4677,2064,233,1,82.49,0.05
4678,2065,23,1,235.35,0.0
4679,2065,266,1,110.99,0.0
4680,2065,61,1,512.76,0.0
4681,2066,66,3,447.18,0.0
4682,2066,278,1,402.71,0.0
4683,2067,181,1,37.18,0.0
4684,2067,53,1,192.38,0.0
4685,2068,41,1,376.48,0.1
4686,2068,121,3,183.38,0.0
4687,2069,70,2,402.01,0.2
4688,2069,165,1,605.76,0.0
4689,2070,250,1,1160.3575,0.15
4690,2071,276,1,341.21,0.0
4691,2071,23,2,235.35,0.0
4692,2071,200,1,533.81,0.05
4693,2072,213,1,111.83,0.0
4694,2073,164,1,446.58,0.2
4695,2073,7,1,357.42,0.0
4696,2073,62,2,244.7,0.1
4697,2073,4,1,17.97,0.0
4698,2074,269,1,603.81,0.05
4699,2074,80,1,166.05,0.1
4700,2074,233,1,82.49,0.2
4701,2074,218,1,127.17,0.0
4702,2074,240,1,555.47,0.05
4703,2075,288,1,515.26,0.0
4704,2075,65,1,460.75,0.0
4705,2075,158,2,282.03,0.15
4706,2075,210,1,177.09,0.0
4707,2075,157,1,701.5,0.05
4708,2076,180,1,843.45,0.0
4709,2076,118,3,611.17,0.0
4710,2077,114,1,23.97,0.05
4711,2077,50,2,240.1,0.0
4712,2077,180,1,843.45,0.15
4713,2077,107,1,963.92,0.05
4714,2078,153,1,530.38,0.0
4715,2078,81,1,779.01,0.0
4716,2078,261,1,429.63,0.05
4717,2078,169,2,458.05,0.15
4718,2078,37,1,608.8,0.05
4719,2079,248,1,75.61,0.0
4720,2080,265,-1,839.64,0.0
4721,2080,12,-1,156.75,0.0
4722,2080,11,2,216.27,0.0
4723,2080,183,1,942.96,0.0
4724,2081,76,1,938.11,0.05
4725,2081,192,2,697.79,0.0
4726,2082,1,1,433.54,0.05
4727,2082,66,2,447.18,0.0
4728,2082,96,1,682.77,0.05
4729,2083,21,1,614.24,0.05
4730,2084,243,1,746.93,0.15
4731,2084,273,1,560.24,0.0
4732,2084,28,3,749.19,0.0
4733,2084,68,1,133.13,0.05
4734,2084,49,2,850.7,0.05
4735,2085,42,1,328.75,0.1
4736,2086,289,1,635.36,0.0
4737,2087,231,1,410.59,0.0
4738,2087,261,1,429.63,0.0
4739,2088,137,-1,316.92,0.0
4740,2088,206,1,612.54,0.2
4741,2088,115,1,251.88,0.0
4742,2089,123,1,840.94,0.05
4743,2089,300,1,133.29,0.05
4744,2089,148,1,304.48,0.0
4745,2089,160,1,150.1,0.0
4746,2090,172,1,104.56,0.1
4747,2090,202,1,514.85,0.0
4748,2091,295,1,139.02,0.0
4749,2092,237,1,335.88,0.0
4751,2092,56,1,186.07,0.0
4752,2093,280,1,121.8,0.0
4753,2093,170,1,723.66,0.0
4754,2093,115,1,251.88,0.0
4755,2094,200,1,533.81,0.0
4756,2094,259,1,533.22,0.0
4757,2094,270,1,1160.3575,0.1
4758,2095,213,1,111.83,0.0
4759,2096,100,1,283.25,0.0
4760,2096,190,1,707.42,0.1
4761,2096,72,3,286.08,0.2
4762,2096,155,3,607.36,0.05
4763,2097,49,1,850.7,0.0
4764,2097,18,1,35.67,0.0
4765,2098,56,1,186.07,0.0
4766,2098,134,1,541.79,0.05
4767,2098,190,1,707.42,0.0
4768,2098,148,1,304.48,0.1
4769,2099,107,1,963.92,0.15
4770,2100,29,1,103.82,0.0
4771,2100,18,1,35.67,0.05
4772,2101,152,1,910.86,0.0
4773,2101,2,1,807.37,0.2
4774,2102,38,1,364.99,0.05
4775,2102,281,1,146.98,0.0
4776,2103,117,3,567.69,0.1
4777,2104,160,1,150.1,0.0
4778,2105,87,1,564.0,0.15
4779,2106,60,-1,148.68,0.05
4781,2106,188,1,550.0,0.15
4782,2106,187,2,127.57,0.0
4783,2106,260,1,619.66,0.1
4784,2107,261,1,429.63,0.0
4785,2107,79,1,308.93,0.15
4786,2108,22,1,205.71,0.0
4787,2108,107,2,963.92,0.1
4788,2109,199,1,51.0,0.05
4789,2109,129,1,492.47,0.15
4790,2110,201,1,567.68,0.0
4791,2110,20,1,548.49,0.0
4792,2110,255,2,249.2,0.05
4793,2111,123,1,840.94,0.0
4794,2112,241,2,306.12,0.0
4795,2112,196,2,518.75,0.0
4796,2112,47,2,513.39,0.2
4797,2112,26,-1,259.69,0.0
4798,2113,62,1,244.7,0.05
4799,2113,148,3,304.48,0.0
4800,2114,119,1,519.85,0.1
4801,2115,88,1,275.21,0.05
4802,2115,121,1,183.38,0.05
4803,2116,166,-1,278.38,0.0
4804,2116,211,1,943.9,0.0
4805,2116,266,1,110.99,0.05
4806,2117,235,1,370.09,0.0
4807,2117,141,1,251.45,0.0
4808,2117,21,1,614.24,0.0
4809,2117,122,1,607.34,0.0
4810,2118,251,1,439.11,0.15
4811,2118,96,1,682.77,0.0
4812,2119,101,1,488.42,0.05
4813,2119,100,3,283.25,0.0
4814,2119,86,1,443.6,0.0
4815,2119,272,2,5.69,0.0
4816,2120,112,1,10.73,0.2
4817,2120,249,1,682.27,0.1
4818,2120,150,3,182.12,0.1
4819,2121,83,1,243.1,0.2
4820,2122,291,1,19.78,0.05
4821,2122,179,1,478.65,0.0
4822,2123,101,2,488.42,0.0
4823,2124,299,1,725.08,0.05
4824,2124,12,1,156.75,0.1
4825,2125,31,1,976.57,0.2
4826,2125,245,1,1160.3575,0.0
4827,2126,36,1,749.87,0.05
4828,2126,153,1,530.38,0.0
4829,2127,188,3,550.0,0.0
4830,2127,285,1,667.54,0.0
4831,2128,67,1,355.8,0.0
4832,2129,189,1,24.7,0.0
4833,2129,37,1,608.8,0.05
4834,2129,260,1,619.66,0.05
4835,2129,136,3,974.39,0.05
4836,2130,137,1,316.92,0.0
4837,2130,102,-1,396.98,0.0
4838,2131,113,1,55.28,0.0
4839,2132,137,1,316.92,0.0
4840,2132,172,1,104.56,0.15
4841,2132,16,1,245.66,0.15
4842,2132,40,1,171.89,0.0
4843,2133,282,1,280.61,0.0
4844,2134,120,1,146.96,0.2
4845,2134,236,1,55.21,0.05
4846,2135,5,1,503.34,0.05
4847,2135,66,1,447.18,0.05
4848,2136,36,2,749.87,0.05
4849,2137,151,3,625.19,0.0
4850,2137,292,1,425.68,0.0
4851,2137,149,1,382.77,0.0
4852,2138,106,1,150.04,0.1
4853,2138,5,1,503.34,0.0
4854,2138,234,1,486.72,0.0
4855,2139,136,1,974.39,0.0
4856,2140,68,3,133.13,0.0
4857,2141,172,1,104.56,0.0
4858,2142,190,1,707.42,0.0
4859,2143,256,1,537.93,0.0
4860,2143,19,1,727.02,0.0
4861,2143,75,1,299.66,0.0
4862,2143,280,1,121.8,0.0
4863,2143,91,1,369.86,0.0
4864,2144,118,2,611.17,0.0
4865,2144,8,3,295.82,0.0
4866,2144,295,1,139.02,0.0
4867,2145,259,1,533.22,0.1
4868,2145,232,3,71.83,0.0
4869,2146,157,1,701.5,0.0
4870,2146,132,1,299.38,0.1
4871,2147,219,1,211.99,0.0
4872,2148,143,1,421.93,0.15
4873,2148,36,3,749.87,0.0
4874,2148,70,1,402.01,0.0
4875,2148,97,1,628.48,0.0
4876,2149,6,1,531.19,0.0
4877,2149,129,3,492.47,0.0
4878,2150,233,1,82.49,0.0
4879,2150,128,2,686.4,0.0
4880,2150,199,1,51.0,0.0
4881,2150,78,1,213.82,0.2
4882,2150,72,1,286.08,0.1
4883,2151,11,1,216.27,0.0
4884,2151,14,1,90.93,0.0
4885,2151,245,1,1160.3575,0.0
4886,2151,11,2,216.27,0.0
4887,2151,106,1,150.04,0.0
4888,2152,253,1,621.95,0.1
4889,2152,11,1,216.27,0.0
4890,2153,214,1,304.46,0.0
4891,2154,190,2,707.42,0.15
4892,2154,40,1,171.89,0.05
4893,2155,191,1,457.7,0.0
4894,2155,300,1,133.29,0.0
4895,2156,159,1,818.3,0.0
4896,2156,268,1,23.79,0.0
4897,2156,48,1,231.62,0.0
4898,2157,12,3,156.75,0.2
4899,2158,54,1,679.71,0.0
4900,2158,68,2,133.13,0.05
4901,2158,276,1,341.21,0.0
4902,2159,220,1,475.38,0.0
4903,2160,162,1,126.53,0.05
4904,2160,253,1,621.95,0.0
4905,2160,1,1,433.54,0.0
4906,2160,23,2,235.35,0.05
4907,2160,277,1,437.32,0.0
4909,2161,50,2,240.1,0.0
4910,2162,182,1,500.91,0.0
4911,2162,10,1,309.24,0.0
4912,2163,205,1,367.74,0.0
4913,2164,54,1,679.71,0.0
4914,2165,155,2,607.36,0.0
4915,2165,300,1,133.29,0.0
4916,2166,295,2,139.02,0.1
4917,2166,231,-1,410.59,0.0
4918,2166,33,1,217.73,0.0
4919,2166,285,1,667.54,0.0
4920,2167,226,3,211.98,0.0
4921,2167,19,1,727.02,0.1
4922,2167,225,1,939.11,0.1
4923,2168,112,1,10.73,0.0
4924,2169,276,3,341.21,0.0
4925,2169,152,1,910.86,0.2
4926,2170,3,2,978.72,0.15
4927,2170,46,1,397.56,0.15
4928,2171,159,1,818.3,0.0
4929,2171,283,1,680.49,0.0
4930,2171,169,1,458.05,0.05
4931,2172,295,1,139.02,0.0
4932,2172,102,1,396.98,0.0
4933,2172,200,1,533.81,0.0
4934,2173,71,1,362.18,0.0
4935,2173,116,1,862.37,0.0
4936,2173,40,1,171.89,0.15
4937,2173,9,1,66.57,0.05
4938,2173,22,2,205.71,0.05
4939,2174,116,3,862.37,0.0
4940,2175,129,1,492.47,0.1
4941,2176,252,2,274.43,0.05
4942,2177,69,1,274.11,0.0
4943,2178,229,2,690.53,0.0
4944,2178,165,1,605.76,0.05
4945,2179,232,1,71.83,0.2
4946,2179,93,-1,98.57,0.0
4947,2180,162,1,126.53,0.05
4948,2181,214,1,304.46,0.0
4949,2181,83,1,243.1,0.05
4950,2181,243,1,746.93,0.1
4951,2182,194,1,222.76,0.15
4952,2182,80,1,166.05,0.05
4953,2182,169,3,458.05,0.05
4954,2183,246,1,574.84,0.0
4955,2183,153,3,530.38,0.0
4956,2184,4,2,17.97,0.0
4957,2184,215,2,501.1,0.1
4958,2184,221,3,704.75,0.0
4959,2185,129,1,492.47,0.1
4960,2185,157,1,701.5,0.2
4961,2186,169,1,458.05,0.05
4962,2186,87,1,564.0,0.0
4963,2187,204,1,578.66,0.15
4964,2187,6,1,531.19,0.0
4965,2188,262,1,214.85,0.15
4966,2188,266,1,110.99,0.1
4967,2188,266,1,110.99,0.05
4968,2188,137,1,316.92,0.0
4969,2189,91,2,369.86,0.0
4970,2190,198,1,266.02,0.15
4971,2190,286,1,47.93,0.0
4972,2191,158,1,282.03,0.0
4973,2191,229,1,690.53,0.0
4974,2192,207,1,518.71,0.05
4975,2192,243,2,746.93,0.0
4976,2192,254,1,286.86,0.0
4977,2192,111,3,227.31,0.0
4978,2193,160,1,150.1,0.05
4979,2193,280,1,121.8,0.0
4980,2194,93,1,98.57,0.0
4982,2195,227,1,192.19,0.0
4983,2196,190,1,707.42,0.0
4984,2196,78,1,213.82,0.0
4985,2197,175,1,600.57,0.2
4986,2198,93,3,98.57,0.0
4987,2198,171,1,14.73,0.0
4988,2198,1,1,433.54,0.0
4989,2198,219,-1,211.99,0.05
4990,2198,60,1,148.68,0.1
4991,2199,152,1,910.86,0.0
4992,2200,46,1,397.56,0.0
4993,2200,207,1,518.71,0.1
4994,2200,150,1,182.12,0.05
4995,2201,246,1,574.84,0.0
4996,2202,137,2,316.92,0.0
4997,2203,264,1,16.2,0.2
4998,2203,257,1,8.4,0.0
4999,2204,260,2,619.66,0.0
5000,2204,100,2,283.25,0.1
5001,2204,99,1,496.87,0.05
5002,2204,12,1,156.75,0.1
5003,2205,137,1,316.92,0.2
5004,2205,175,1,600.57,0.05
5005,2205,87,1,564.0,0.0
5006,2206,111,1,227.31,0.05
5007,2206,99,1,496.87,0.1
5008,2206,21,1,614.24,0.15
5009,2206,189,1,24.7,0.15
5010,2206,219,1,211.99,0.0
5011,2207,16,1,245.66,0.2
5012,2208,103,1,456.96,0.1
5013,2208,124,1,640.23,0.15
5014,2208,101,1,488.42,0.05
5015,2209,67,1,355.8,0.1
5016,2209,56,1,186.07,0.1
5017,2210,214,1,304.46,0.05
5018,2211,13,3,152.16,0.2
5019,2211,39,1,412.64,0.0
5020,2211,43,1,97.72,0.2
5021,2212,154,1,115.68,0.1
5022,2213,299,1,725.08,0.15
5023,2214,92,2,148.78,0.0
5024,2214,89,3,247.06,0.05
5025,2215,154,-1,115.68,0.0
5026,2216,50,1,240.1,0.0
5027,2216,145,1,61.15,0.0
5028,2216,231,2,410.59,0.05
5029,2216,52,1,12.48,0.05
5030,2216,102,1,396.98,0.05
5031,2217,14,1,90.93,0.05
5032,2217,38,-1,364.99,0.15
5033,2218,97,1,628.48,0.0
5034,2219,277,2,437.32,0.0
5035,2220,232,1,71.83,0.1
5036,2221,106,1,150.04,0.0
5037,2221,283,1,680.49,0.0
5038,2222,30,1,477.17,0.0
5039,2223,142,1,717.32,0.0
5040,2224,54,1,679.71,0.05
5041,2224,167,1,39.88,0.0
5042,2225,140,1,500.02,0.15
5043,2225,289,1,635.36,0.0
5044,2226,75,1,299.66,0.0
5045,2227,120,1,146.96,0.1
5046,2227,208,1,260.07,0.15
5047,2228,212,-1,445.65,0.0
5048,2228,31,1,976.57,0.0
5049,2228,113,-1,55.28,0.0
5050,2229,126,1,240.49,0.0
5051,2229,99,1,496.87,0.0
5052,2229,158,1,282.03,0.15
5053,2230,161,-1,68.77,0.0
5054,2230,293,2,709.48,0.0
5055,2231,36,1,749.87,0.0
5056,2232,252,1,274.43,0.0
5057,2232,26,2,259.69,0.0
5058,2232,180,1,843.45,0.15
5059,2233,183,1,942.96,0.1
5060,2233,218,1,127.17,0.05
5061,2234,136,2,974.39,0.0
5062,2235,80,1,166.05,0.05
5063,2236,125,1,584.13,0.0
5064,2236,172,2,104.56,0.0
5065,2236,126,1,240.49,0.0
5066,2237,71,1,362.18,0.0
5067,2238,158,1,282.03,0.0
5068,2238,245,1,1160.3575,0.15
5069,2239,243,1,746.93,0.05
5070,2239,157,1,701.5,0.0
5072,2239,231,1,410.59,0.0
5073,2240,8,2,295.82,0.05
5074,2241,98,1,71.96,0.0
5075,2241,21,1,614.24,0.15
5076,2241,145,1,61.15,0.0
5077,2242,248,2,75.61,0.2
5078,2243,71,1,362.18,0.0
5079,2244,208,1,260.07,0.05
5080,2244,158,1,282.03,0.15
5081,2245,270,2,1160.3575,0.0
5082,2245,57,1,510.39,0.0
5083,2246,165,1,605.76,0.15
5084,2246,6,1,531.19,0.0
5085,2247,147,1,517.03,0.05
5086,2247,229,1,690.53,0.0
5087,2248,236,1,55.21,0.0
5088,2248,255,1,249.2,0.05
5089,2249,131,1,797.13,0.0
5090,2249,105,1,375.87,0.0
5091,2249,159,1,818.3,0.0
5092,2250,35,1,425.48,0.05
5093,2251,225,-1,939.11,0.05
5094,2251,65,1,460.75,0.0
5095,2252,168,2,649.6,0.0
5096,2252,172,1,104.56,0.1
5097,2253,16,1,245.66,0.05
5098,2253,244,2,263.25,0.05
5099,2254,101,1,488.42,0.15
5100,2255,94,1,514.73,0.0
5101,2256,84,1,43.2,0.1
5102,2257,207,1,518.71,0.0
5103,2258,70,2,402.01,0.0
5104,2258,141,1,251.45,0.0
5105,2259,32,3,338.4,0.15
5106,2260,232,3,71.83,0.0
5107,2260,29,1,103.82,0.2
5108,2261,92,1,148.78,0.05
5109,2262,59,1,287.12,0.1
5110,2262,277,1,437.32,0.0
5111,2262,112,1,10.73,0.0
5112,2262,53,3,192.38,0.0
5113,2263,18,1,35.67,0.15
5114,2263,126,3,240.49,0.0
5115,2264,92,2,148.78,0.0
5116,2264,221,1,704.75,0.0
5117,2265,24,3,696.97,0.0
5119,2266,260,1,619.66,0.05
5120,2266,151,1,625.19,0.05
5121,2266,249,2,682.27,0.2
5122,2266,242,1,166.1,0.0
5123,2267,106,1,150.04,0.0
5124,2268,85,1,530.7,0.0
5125,2268,139,1,835.42,0.0
5126,2269,205,1,367.74,0.0
5127,2269,57,3,510.39,0.05
5128,2270,300,1,133.29,0.05
5129,2271,198,1,266.02,0.05
5130,2272,219,1,211.99,0.05
5131,2273,136,1,974.39,0.0
5132,2273,213,1,111.83,0.15
5133,2273,106,1,150.04,0.1
5134,2274,138,2,54.35,0.2
5135,2274,5,1,503.34,0.1
5136,2275,164,2,446.58,0.05
5137,2275,96,1,682.77,0.0
5138,2275,60,1,148.68,0.0
5139,2275,93,1,98.57,0.05
5140,2276,72,2,286.08,0.0
5141,2276,73,3,346.78,0.0
5142,2277,200,1,533.81,0.0
5143,2277,83,1,243.1,0.0
5144,2277,187,2,127.57,0.15
5145,2277,121,1,183.38,0.0
5146,2277,111,1,227.31,0.05
5147,2278,58,1,87.55,0.05
5148,2278,200,1,533.81,0.0
5149,2279,123,1,840.94,0.0
5150,2279,249,-1,682.27,0.0
5151,2280,287,1,754.14,0.15
5152,2280,45,1,511.39,0.05
5153,2281,292,1,425.68,0.0
5154,2281,209,-1,797.01,0.05
5155,2282,65,1,460.75,0.05
5156,2282,203,1,431.09,0.15
5157,2282,73,2,346.78,0.0
5158,2283,54,1,679.71,0.05
5159,2283,257,1,8.4,0.1
5160,2284,107,1,963.92,0.05
5161,2285,185,1,582.19,0.0
5162,2286,162,-1,126.53,0.0
5163,2287,96,1,682.77,0.15
5164,2288,280,1,121.8,0.1
5165,2288,167,2,39.88,0.0
5166,2289,77,1,103.53,0.0
5167,2290,69,1,274.11,0.0
5168,2291,205,1,367.74,0.0
5169,2291,211,3,943.9,0.0
5170,2292,216,1,492.92,0.0
5171,2292,298,1,238.39,0.2
5172,2292,212,1,445.65,0.0
5173,2292,71,1,362.18,0.0
5174,2293,3,1,978.72,0.0
5175,2294,102,1,396.98,0.0
5176,2295,155,1,607.36,0.05
5177,2295,246,1,574.84,0.0
5178,2295,296,1,361.73,0.0
5179,2295,54,1,679.71,0.0
5180,2296,260,1,619.66,0.0
5181,2297,112,1,10.73,0.0
5182,2298,34,2,399.8,0.0
5183,2298,101,2,488.42,0.0
5184,2298,184,2,278.4,0.1
5185,2298,260,3,619.66,0.0
5186,2298,249,2,682.27,0.0
5187,2299,131,1,797.13,0.0
5188,2299,263,3,222.36,0.0
5189,2300,264,-1,16.2,0.0
5190,2300,151,1,625.19,0.0
5191,2300,165,1,605.76,0.0
5192,2301,149,2,382.77,0.0
5193,2301,6,1,531.19,0.0
5194,2302,256,1,537.93,0.0
5195,2303,271,2,756.22,0.0
5196,2303,199,1,51.0,0.0
5197,2304,284,1,228.9,0.05
5198,2305,232,1,71.83,0.05
5199,2305,133,1,479.79,0.0
5200,2305,60,1,148.68,0.0
5201,2305,127,2,111.4,0.0
5202,2306,152,1,910.86,0.0
5203,2306,140,1,500.02,0.05
5204,2307,30,1,477.17,0.0
5205,2307,32,1,338.4,0.0
5206,2308,268,1,23.79,0.0
5207,2309,184,1,278.4,0.05
5208,2310,263,1,222.36,0.15
5209,2310,295,1,139.02,0.0
5210,2311,208,1,260.07,0.0
5211,2312,176,1,199.39,0.0
5212,2312,138,3,54.35,0.1
5213,2312,291,1,19.78,0.0
5214,2312,66,1,447.18,0.0
5215,2312,32,1,338.4,0.05
5216,2313,298,1,238.39,0.1
5217,2314,37,1,608.8,0.0
5218,2315,74,1,171.2,0.2
5219,2316,249,1,682.27,0.0
5220,2317,119,1,519.85,0.0
5221,2317,227,1,192.19,0.05
5222,2318,51,1,863.34,0.0
5223,2318,117,1,567.69,0.1
5224,2318,22,1,205.71,0.05
5225,2319,74,2,171.2,0.0
5226,2320,48,1,231.62,0.0
5227,2321,190,1,707.42,0.0
5228,2321,15,1,536.46,0.2
5229,2321,246,1,574.84,0.0
5230,2322,108,2,378.75,0.0
5231,2323,22,1,205.71,0.0
5232,2323,28,1,749.19,0.0
5233,2324,135,2,550.83,0.0
5234,2324,290,1,908.96,0.2
5235,2324,61,3,512.76,0.05
5236,2325,22,3,205.71,0.05
5237,2325,233,1,82.49,0.05
5238,2325,52,1,12.48,0.0
5239,2325,197,1,538.79,0.15
5240,2325,292,1,425.68,0.0
5241,2326,44,1,6.81,0.1
5242,2327,205,-1,367.74,0.05
5243,2328,184,1,278.4,0.0
5244,2329,268,1,23.79,0.0
5245,2329,201,1,567.68,0.1
5246,2329,119,1,519.85,0.0
5247,2330,134,1,541.79,0.05
5248,2330,13,1,152.16,0.05
5249,2331,175,1,600.57,0.2
5250,2332,110,3,52.92,0.0
5251,2333,154,1,115.68,0.0
5252,2333,88,1,275.21,0.0
5253,2333,170,1,723.66,0.0
5255,2333,58,-1,87.55,0.05
5256,2334,159,1,818.3,0.0
5257,2334,30,1,477.17,0.1
5258,2335,88,1,275.21,0.05
5259,2335,28,1,749.19,0.1
5260,2335,272,1,5.69,0.0
5261,2336,27,1,686.85,0.0
5262,2337,175,2,600.57,0.0
5263,2337,59,1,287.12,0.0
5264,2338,12,2,156.75,0.0
5265,2339,90,1,219.22,0.0
5266,2339,83,1,243.1,0.0
5267,2340,204,3,578.66,0.0
5268,2340,88,1,275.21,0.05
5269,2340,17,1,953.82,0.05
5270,2340,153,1,530.38,0.0
5271,2340,107,2,963.92,0.0
5272,2341,182,1,500.91,0.15
5273,2341,224,1,23.12,0.0
5274,2341,255,1,249.2,0.0
5275,2342,298,1,238.39,0.0
5276,2342,51,1,863.34,0.05
5277,2343,85,1,530.7,0.0
5278,2344,209,2,797.01,0.05
5279,2344,113,1,55.28,0.1
5280,2344,259,1,533.22,0.05
5281,2345,81,1,779.01,0.0
5282,2346,196,-1,518.75,0.15
5283,2347,151,1,625.19,0.0
5284,2347,47,1,513.39,0.0
5285,2347,169,1,458.05,0.1
5286,2347,124,1,640.23,0.0
5287,2348,35,1,425.48,0.0
5288,2348,174,1,864.84,0.0
5289,2349,34,1,399.8,0.0
5290,2349,295,1,139.02,0.1
5291,2349,148,2,304.48,0.0
5292,2350,165,1,605.76,0.0
5293,2351,186,1,290.81,0.0
5294,2352,87,1,564.0,0.05
5295,2352,261,3,429.63,0.1
5296,2352,96,1,682.77,0.15
5297,2353,169,1,458.05,0.0
5298,2354,230,2,829.69,0.2
5299,2354,227,2,192.19,0.0
5300,2355,58,1,87.55,0.0
5301,2355,278,1,402.71,0.1
5302,2356,82,1,235.49,0.05
5303,2356,299,1,725.08,0.0
5304,2357,129,1,492.47,0.0
5305,2357,269,1,603.81,0.0
5306,2357,6,1,531.19,0.0
5307,2358,197,1,538.79,0.0
5308,2358,106,1,150.04,0.05
5309,2359,245,1,1160.3575,0.1
5310,2360,271,1,756.22,0.0
5311,2360,46,1,397.56,0.05
5312,2360,45,1,511.39,0.0
5313,2361,121,1,183.38,0.0
5314,2362,258,1,626.09,0.05
5315,2363,36,1,749.87,0.15
5316,2363,26,2,259.69,0.15
5317,2363,28,1,749.19,0.0
5318,2363,123,2,840.94,0.0
5319,2364,58,2,87.55,0.0
5320,2364,73,1,346.78,0.0
5321,2365,69,1,274.11,0.0
5322,2366,49,1,850.7,0.0
5323,2366,132,1,299.38,0.2
5324,2366,175,1,600.57,0.0
5325,2366,47,1,513.39,0.0
5326,2367,84,1,43.2,0.05
5327,2368,148,1,304.48,0.0
5328,2368,232,1,71.83,0.0
5329,2369,235,2,370.09,0.05
5330,2370,126,2,240.49,0.0
5331,2371,194,1,222.76,0.05
5332,2371,297,1,89.43,0.0
5333,2371,43,2,97.72,0.0
5334,2371,300,3,133.29,0.0
5335,2372,239,2,517.8,0.05
5336,2372,148,1,304.48,0.1
5337,2373,292,1,425.68,0.0
5338,2373,197,1,538.79,0.15
5339,2374,150,1,182.12,0.0
5340,2374,262,2,214.85,0.0
5341,2375,118,2,611.17,0.0
5342,2375,244,3,263.25,0.0
5343,2375,51,1,863.34,0.0
5344,2375,256,1,537.93,0.0
5345,2376,186,1,290.81,0.0
5346,2376,85,-1,530.7,0.2
5347,2376,1,1,433.54,0.1
5348,2377,118,-1,611.17,0.1
5349,2378,111,2,227.31,0.0
5350,2378,220,1,475.38,0.0
5351,2379,82,1,235.49,0.0
5352,2379,272,1,5.69,0.05
5353,2379,280,2,121.8,0.1
5354,2379,116,1,862.37,0.0
5355,2379,190,2,707.42,0.05
5356,2380,48,1,231.62,0.15
5357,2380,139,1,835.42,0.0
5358,2381,98,1,71.96,0.15
5359,2381,164,1,446.58,0.1
5360,2382,7,1,357.42,0.1
5361,2382,111,1,227.31,0.0
5362,2383,236,1,55.21,0.0
5363,2383,151,1,625.19,0.0
5364,2383,255,2,249.2,0.0
5365,2384,61,2,512.76,0.0
5366,2384,188,1,550.0,0.1
5367,2384,222,3,264.61,0.2
5368,2384,156,2,372.8,0.0
5369,2385,185,1,582.19,0.0
5370,2385,299,1,725.08,0.0
5371,2385,277,1,437.32,0.0
5372,2386,208,1,260.07,0.15
5373,2387,11,2,216.27,0.0
5374,2388,242,1,166.1,0.0
5375,2389,160,1,150.1,0.1
5376,2390,280,1,121.8,0.15
5377,2390,199,1,51.0,0.0
5378,2390,90,1,219.22,0.0
5379,2391,48,1,231.62,0.05
5380,2391,106,3,150.04,0.05
5381,2391,195,1,132.26,0.0
5382,2392,90,1,219.22,0.0
5383,2392,295,1,139.02,0.0
5384,2393,40,1,171.89,0.0
5385,2394,145,1,61.15,0.15
5386,2395,65,1,460.75,0.15
5387,2395,38,1,364.99,0.05
5388,2395,143,2,421.93,0.2
5389,2396,185,1,582.19,0.0
5390,2396,76,1,938.11,0.05
5391,2396,193,1,351.11,0.0
5392,2397,262,1,214.85,0.15
5393,2397,56,1,186.07,0.0
5394,2397,176,1,199.39,0.15
5395,2397,95,3,711.68,0.0
5396,2398,12,1,156.75,0.0
5397,2399,263,1,222.36,0.0
5398,2400,135,1,550.83,0.0
5399,2401,179,1,478.65,0.15
5400,2402,245,1,1160.3575,0.0
5401,2403,221,3,704.75,0.0
5402,2403,163,1,598.68,0.1
5403,2404,268,1,23.79,0.15
5404,2404,192,1,697.79,0.1
5405,2404,114,1,23.97,0.1
5406,2404,212,1,445.65,0.05
5407,2404,80,1,166.05,0.0
5408,2405,189,2,24.7,0.05
5409,2405,38,2,364.99,0.0
5410,2405,232,1,71.83,0.0
5411,2406,11,1,216.27,0.0
5412,2407,148,1,304.48,0.0
5413,2407,168,1,649.6,0.0
5414,2407,114,1,23.97,0.05
5415,2407,269,2,603.81,0.0
5416,2408,128,3,686.4,0.0
5417,2408,52,1,12.48,0.0
5418,2408,30,1,477.17,0.0
5419,2408,244,1,263.25,0.05
5420,2409,159,1,818.3,0.0
5421,2410,237,1,335.88,0.0
5422,2411,2,1,807.37,0.0
5423,2411,233,1,82.49,0.0
5424,2412,60,1,148.68,0.0
5425,2413,40,2,171.89,0.15
5426,2414,196,3,518.75,0.0
5427,2415,157,1,701.5,0.1
5428,2416,186,1,290.81,0.0
5429,2416,169,1,458.05,0.0
5430,2416,75,1,299.66,0.15
5431,2417,200,1,533.81,0.0
5432,2417,142,3,717.32,0.0
5433,2417,266,1,110.99,0.1
5434,2418,177,1,156.12,0.2
5436,2418,88,1,275.21,0.2
5437,2418,71,1,362.18,0.0
5438,2419,227,1,192.19,0.0
5439,2420,106,1,150.04,0.05
5440,2420,55,2,395.52,0.0
5441,2421,251,1,439.11,0.0
5442,2422,297,3,89.43,0.0
5443,2423,223,3,57.85,0.0
5444,2423,36,3,749.87,0.05
5445,2424,132,-1,299.38,0.2
5446,2425,61,1,512.76,0.1
5447,2425,57,1,510.39,0.0
5448,2426,238,2,192.17,0.0
5449,2426,89,2,247.06,0.1
5450,2427,157,2,701.5,0.1
5451,2428,97,2,628.48,0.0
5452,2428,52,2,12.48,0.0
5453,2429,89,-1,247.06,0.0
5454,2429,157,2,701.5,0.0
5455,2429,179,1,478.65,0.0
5456,2429,68,2,133.13,0.0
5457,2429,213,2,111.83,0.1
5458,2430,114,2,23.97,0.05
5460,2430,104,1,957.31,0.05
5461,2430,38,2,364.99,0.0
5462,2430,234,1,486.72,0.0
5463,2430,46,1,397.56,0.0
5464,2431,182,1,500.91,0.0
5465,2432,296,2,361.73,0.0
5466,2433,71,1,362.18,0.1
5467,2433,286,2,47.93,0.0
5468,2433,136,1,974.39,0.0
5469,2434,172,1,104.56,0.0
5470,2434,212,1,445.65,0.0
5471,2434,270,1,1160.3575,0.1
5472,2435,52,1,12.48,0.0
5473,2435,235,1,370.09,0.1
5474,2435,244,-1,263.25,0.0
5475,2436,193,1,351.11,0.1
5476,2437,260,2,619.66,0.0
5477,2437,69,1,274.11,0.05
5478,2437,160,2,150.1,0.0
5479,2437,243,1,746.93,0.0
5480,2438,248,2,75.61,0.0
5481,2438,235,3,370.09,0.0
5482,2438,92,1,148.78,0.1
5483,2438,152,1,910.86,0.05
5484,2438,63,1,430.39,0.0
5485,2439,165,2,605.76,0.0
5486,2439,17,1,953.82,0.0
5487,2440,111,1,227.31,0.0
5488,2440,5,1,503.34,0.05
5489,2441,94,2,514.73,0.0
5490,2441,233,2,82.49,0.0
5491,2441,55,1,395.52,0.0
5492,2441,272,1,5.69,0.0
5493,2442,252,1,274.43,0.0
5494,2442,211,1,943.9,0.0
5495,2443,159,1,818.3,0.0
5496,2443,244,1,263.25,0.15
5497,2444,43,3,97.72,0.15
5498,2444,143,1,421.93,0.1
5499,2444,170,1,723.66,0.05
5500,2445,221,1,704.75,0.0
5501,2445,73,3,346.78,0.0
5502,2445,244,1,263.25,0.0
5503,2445,247,1,708.26,0.0
5504,2446,182,1,500.91,0.0
5505,2446,54,1,679.71,0.05
5506,2447,141,1,251.45,0.0
5507,2447,122,1,607.34,0.1
5508,2448,15,1,536.46,0.05
5509,2449,210,1,177.09,0.0
5510,2449,63,1,430.39,0.1
5511,2449,46,1,397.56,0.0
5512,2450,225,1,939.11,0.05
5513,2450,165,3,605.76,0.0
5514,2451,231,1,410.59,0.0
5515,2451,151,2,625.19,0.1
5516,2451,178,2,563.12,0.0
5517,2452,125,1,584.13,0.0
5518,2452,181,1,37.18,0.0
5519,2452,29,1,103.82,0.0
5520,2452,173,1,587.7,0.05
5521,2453,185,1,582.19,0.0
5522,2454,108,1,378.75,0.1
5523,2455,140,1,500.02,0.1
5524,2456,163,1,598.68,0.1
5525,2456,3,2,978.72,0.0
5526,2456,4,3,17.97,0.0
5527,2456,111,1,227.31,0.0
5528,2457,295,2,139.02,0.0
5529,2458,2,1,807.37,0.0
5530,2458,186,1,290.81,0.05
5531,2459,164,1,446.58,0.0
5532,2459,45,1,511.39,0.05
5533,2459,87,1,564.0,0.15
5534,2460,251,1,439.11,0.0
5535,2460,236,3,55.21,0.0
5536,2461,177,1,156.12,0.0
5537,2461,190,1,707.42,0.1
5538,2461,165,1,605.76,0.15
5539,2462,87,1,564.0,0.1
5540,2463,100,1,283.25,0.0
5541,2463,97,1,628.48,0.0
5542,2463,160,-1,150.1,0.0
5543,2463,259,1,533.22,0.0
5544,2464,59,1,287.12,0.15
5545,2464,112,1,10.73,0.0
5546,2465,242,1,166.1,0.0
5547,2465,30,1,477.17,0.0
5548,2465,159,2,818.3,0.0
5549,2465,213,1,111.83,0.0
5550,2465,220,1,475.38,0.0
5551,2466,45,1,511.39,0.05
5552,2467,189,2,24.7,0.1
5553,2468,22,2,205.71,0.1
5554,2468,121,2,183.38,0.0
5555,2468,226,2,211.98,0.0
5556,2469,63,1,430.39,0.1
5557,2469,29,3,103.82,0.0
5558,2470,262,1,214.85,0.05
5559,2471,6,1,531.19,0.0
5560,2472,261,1,429.63,0.15
5561,2472,270,1,1160.3575,0.2
5562,2473,298,1,238.39,0.0
5563,2473,45,1,511.39,0.2
5564,2474,193,1,351.11,0.15
5565,2475,276,2,341.21,0.2
5566,2476,201,1,567.68,0.0
5567,2476,293,1,709.48,0.0
5568,2476,96,3,682.77,0.15
5569,2476,117,-1,567.69,0.15
5570,2476,134,1,541.79,0.0
5571,2477,115,1,251.88,0.0
5572,2477,192,1,697.79,0.0
5573,2477,292,1,425.68,0.05
5574,2477,277,1,437.32,0.2
5575,2477,291,1,19.78,0.05
5576,2478,278,1,402.71,0.0
5577,2478,291,1,19.78,0.0
5578,2478,101,1,488.42,0.05
5579,2478,35,-1,425.48,0.05
5580,2478,62,1,244.7,0.0
5581,2479,186,1,290.81,0.15
5582,2479,26,1,259.69,0.1
5583,2479,22,1,205.71,0.2
5584,2479,90,1,219.22,0.2
5585,2480,128,1,686.4,0.0
5586,2480,77,1,103.53,0.0
5587,2480,64,2,29.71,0.0
5588,2481,241,1,306.12,0.15
5589,2481,151,1,625.19,0.2
5590,2481,91,1,369.86,0.1
5591,2482,175,2,600.57,0.15
5592,2483,42,1,328.75,0.0
5593,2483,141,1,251.45,0.1
5594,2484,247,1,708.26,0.0
5595,2484,218,1,127.17,0.05
5596,2485,191,1,457.7,0.0
5597,2485,238,1,192.17,0.0
5598,2486,251,1,439.11,0.0
5599,2487,94,1,514.73,0.2
5600,2488,257,1,8.4,0.0
5601,2488,147,1,517.03,0.2
5602,2489,156,1,372.8,0.0
5603,2489,100,1,283.25,0.0
5604,2490,14,1,90.93,0.0
5605,2490,252,1,274.43,0.1
5606,2491,134,1,541.79,0.0
5607,2491,259,1,533.22,0.0
5608,2492,216,1,492.92,0.1
5609,2493,162,1,126.53,0.05
5610,2493,119,1,519.85,0.1
5611,2493,218,1,127.17,0.0
5612,2493,252,1,274.43,0.0
5613,2494,74,1,171.2,0.0
5614,2495,123,1,840.94,0.1
5615,2495,126,1,240.49,0.1
5616,2496,270,1,1160.3575,0.0
5617,2496,283,1,680.49,0.0
5618,2496,272,1,5.69,0.0
5619,2497,73,1,346.78,0.0
5620,2498,185,1,582.19,0.0
5621,2499,101,3,488.42,0.15
5622,2500,79,1,308.93,0.05
5623,2501,228,2,162.75,0.0
5624,2501,227,1,192.19,0.0
5625,2502,296,1,361.73,0.15
5626,2502,294,2,141.94,0.0
5627,2503,132,1,299.38,0.0
5628,2504,200,1,533.81,0.0
5629,2504,57,1,510.39,0.1
5630,2505,122,3,607.34,0.2
5631,2506,76,2,938.11,0.05
5632,2507,154,2,115.68,0.0
5633,2507,182,1,500.91,0.15
5634,2507,297,1,89.43,0.0
5635,2507,223,2,57.85,0.15
5636,2508,15,1,536.46,0.1
5637,2508,177,1,156.12,0.0
5638,2508,147,3,517.03,0.0
5639,2508,151,1,625.19,0.0
5640,2509,77,1,103.53,0.05
5641,2509,194,1,222.76,0.0
5642,2510,70,1,402.01,0.0
5643,2510,244,2,263.25,0.1
5644,2511,164,1,446.58,0.0
5645,2511,194,1,222.76,0.05
5646,2511,223,1,57.85,0.15
5647,2512,207,1,518.71,0.1
5648,2513,113,2,55.28,0.15
5649,2513,74,2,171.2,0.0
5650,2513,224,1,23.12,0.0
5651,2513,156,1,372.8,0.0
5652,2514,44,3,6.81,0.0
5653,2514,107,3,963.92,0.0
5654,2515,223,1,57.85,0.05
5655,2516,266,2,110.99,0.0
5656,2516,258,1,626.09,0.0
5657,2516,13,1,152.16,0.0
5658,2517,226,2,211.98,0.1
5659,2518,121,1,183.38,0.05
5660,2518,29,1,103.82,0.0
5661,2518,165,1,605.76,0.0
5662,2518,55,1,395.52,0.0
5663,2518,135,1,550.83,0.0
5664,2519,283,1,680.49,0.2
5665,2519,8,1,295.82,0.0
5666,2520,96,3,682.77,0.05
5667,2520,191,1,457.7,0.0
5668,2521,25,2,282.92,0.0
5670,2522,50,1,240.1,0.15
5671,2522,114,3,23.97,0.0
5672,2523,185,1,582.19,0.0
5673,2523,262,2,214.85,0.05
5674,2523,220,1,475.38,0.0
5675,2523,244,1,263.25,0.2
5676,2524,291,2,19.78,0.0
5677,2524,79,1,308.93,0.1
5678,2525,217,3,479.18,0.0
5679,2526,52,1,12.48,0.05
5680,2527,231,1,410.59,0.05
5681,2528,135,1,550.83,0.0
5682,2529,93,1,98.57,0.0
5683,2529,187,1,127.57,0.0
5684,2529,283,1,680.49,0.1
5685,2530,295,1,139.02,0.15
5686,2530,111,1,227.31,0.0
5687,2530,28,3,749.19,0.1
5688,2530,279,-1,226.81,0.05
5689,2531,233,1,82.49,0.15
5690,2531,55,2,395.52,0.15
5691,2531,59,1,287.12,0.1
5692,2531,59,3,287.12,0.0
5693,2531,175,1,600.57,0.0
5694,2532,201,1,567.68,0.0
5695,2532,161,1,68.77,0.0
5696,2532,205,1,367.74,0.15
5697,2532,222,1,264.61,0.05
5698,2533,68,1,133.13,0.1
5699,2534,262,2,214.85,0.05
5700,2534,201,1,567.68,0.0
5701,2534,265,1,839.64,0.0
5702,2534,31,1,976.57,0.1
5703,2534,185,1,582.19,0.0
5704,2535,3,1,978.72,0.0
5705,2535,153,1,530.38,0.2
5706,2535,99,1,496.87,0.05
5707,2535,57,1,510.39,0.0
5708,2535,209,1,797.01,0.15
5709,2536,62,1,244.7,0.05
5710,2536,254,1,286.86,0.0
5711,2536,141,1,251.45,0.0
5712,2537,178,1,563.12,0.0
5713,2537,29,1,103.82,0.0
5714,2537,149,1,382.77,0.0
5715,2538,300,2,133.29,0.05
5716,2539,129,1,492.47,0.2
5717,2540,61,1,512.76,0.0
5718,2541,185,1,582.19,0.0
5719,2542,117,1,567.69,0.0
5720,2542,139,1,835.42,0.05
5721,2542,37,1,608.8,0.0
5722,2542,3,1,978.72,0.0
5723,2543,51,1,863.34,0.1
5724,2543,168,1,649.6,0.0
5725,2544,202,1,514.85,0.0
5726,2545,36,1,749.87,0.0
5727,2545,240,1,555.47,0.2
5728,2546,198,1,266.02,0.0
5729,2546,4,1,17.97,0.0
5730,2546,64,1,29.71,0.05
5731,2547,253,1,621.95,0.0
5732,2548,114,2,23.97,0.05
5733,2548,135,2,550.83,0.0
5734,2548,23,1,235.35,0.0
5735,2549,188,1,550.0,0.0
5736,2550,190,1,707.42,0.05
5737,2550,223,1,57.85,0.0
5738,2550,32,1,338.4,0.05
5739,2551,46,1,397.56,0.05
5740,2551,199,1,51.0,0.1
5741,2551,46,1,397.56,0.0
5742,2552,89,1,247.06,0.0
5743,2552,295,1,139.02,0.0
5744,2552,105,1,375.87,0.0
5745,2552,97,1,628.48,0.0
5746,2553,33,1,217.73,0.0
5747,2554,204,1,578.66,0.0
5748,2554,263,1,222.36,0.05
5749,2555,217,1,479.18,0.0
5750,2555,2,1,807.37,0.0
5751,2556,135,1,550.83,0.0
5752,2556,110,2,52.92,0.0
5753,2556,170,2,723.66,0.0
5754,2557,288,1,515.26,0.0
5755,2557,147,1,517.03,0.05
5756,2557,175,1,600.57,0.15
5757,2557,33,1,217.73,0.0
5758,2557,147,2,517.03,0.0
5759,2558,78,-1,213.82,0.0
5760,2558,184,1,278.4,0.0
5761,2558,9,1,66.57,0.05
5762,2559,72,1,286.08,0.0
5763,2559,92,1,148.78,0.1
5764,2559,115,1,251.88,0.0
5765,2559,133,1,479.79,0.2
5766,2560,66,1,447.18,0.0
5767,2560,244,1,263.25,0.05
5768,2560,64,2,29.71,0.0
5769,2561,41,1,376.48,0.05
5770,2561,52,1,12.48,0.0
5771,2561,101,3,488.42,0.05
5772,2562,107,1,963.92,0.0
5773,2562,97,1,628.48,0.15
5774,2562,228,1,162.75,0.0
5775,2563,233,3,82.49,0.15
5776,2564,111,1,227.31,0.0
5777,2564,299,1,725.08,0.05
5778,2564,274,1,528.78,0.05
5779,2564,192,1,697.79,0.05
5780,2565,269,3,603.81,0.2
5781,2565,64,2,29.71,0.05
5782,2566,43,1,97.72,0.05
5783,2567,168,1,649.6,0.0
5784,2567,232,1,71.83,0.0
5785,2568,210,3,177.09,0.0
5786,2568,273,1,560.24,0.0
5787,2569,31,1,976.57,0.05
5788,2569,44,1,6.81,0.05
5789,2569,106,2,150.04,0.15
5790,2569,149,1,382.77,0.0
5791,2570,29,-1,103.82,0.1
5792,2570,294,1,141.94,0.0
5793,2570,297,2,89.43,0.0
5794,2570,97,-1,628.48,0.1
5795,2570,131,3,797.13,0.0
5796,2571,281,1,146.98,0.0
5797,2572,25,1,282.92,0.15
5798,2572,300,1,133.29,0.0
5799,2572,54,1,679.71,0.0
5800,2573,246,1,574.84,0.05
5801,2573,206,3,612.54,0.1
5802,2573,94,1,514.73,0.0
5803,2574,92,1,148.78,0.0
5804,2574,204,1,578.66,0.0
5805,2574,275,3,82.62,0.0
5806,2575,205,1,367.74,0.0
5807,2575,232,2,71.83,0.15
5808,2575,91,1,369.86,0.0
5809,2575,53,1,192.38,0.0
5810,2576,275,1,82.62,0.1
5812,2576,5,1,503.34,0.1
5813,2576,8,1,295.82,0.05
5814,2577,110,1,52.92,0.0
5815,2577,180,2,843.45,0.0
5816,2578,121,1,183.38,0.0
5817,2578,236,1,55.21,0.0
5818,2578,253,1,621.95,0.05
5819,2578,123,1,840.94,0.0
5820,2579,129,3,492.47,0.0
5821,2580,258,1,626.09,0.0
5822,2580,155,1,607.36,0.0
5823,2581,16,-1,245.66,0.05
5824,2581,160,1,150.1,0.0
5825,2582,46,1,397.56,0.0
5826,2582,101,1,488.42,0.05
5827,2583,167,1,39.88,0.1
5828,2584,131,1,797.13,0.0
5829,2584,234,1,486.72,0.0
5830,2585,199,1,51.0,0.2
5831,2585,74,1,171.2,0.05
5832,2586,236,1,55.21,0.0
5833,2587,11,3,216.27,0.05
5834,2588,204,1,578.66,0.15
5835,2589,208,3,260.07,0.0
5836,2590,247,1,708.26,0.0
5837,2590,200,1,533.81,0.1
5838,2591,46,1,397.56,0.0
5839,2592,1,1,433.54,0.15
5840,2592,248,1,75.61,0.0
5841,2592,145,1,61.15,0.1
5842,2593,22,2,205.71,0.0
5843,2593,168,-1,649.6,0.0
5844,2593,215,1,501.1,0.0
5845,2593,257,1,8.4,0.0
5846,2593,158,2,282.03,0.1
5847,2594,98,1,71.96,0.0
5848,2594,271,1,756.22,0.15
5849,2595,114,1,23.97,0.05
5850,2596,13,2,152.16,0.05
5851,2596,271,1,756.22,0.2
5852,2597,79,-1,308.93,0.0
5853,2597,101,1,488.42,0.0
5854,2598,184,1,278.4,0.05
5855,2598,299,1,725.08,0.05
5856,2599,240,1,555.47,0.0
5857,2599,81,1,779.01,0.0
5858,2600,209,1,797.01,0.0
5859,2600,261,1,429.63,0.0
5860,2600,207,1,518.71,0.0
5861,2601,225,1,939.11,0.0
5862,2601,41,1,376.48,0.0
5864,2602,149,2,382.77,0.0
5865,2603,11,1,216.27,0.2
5866,2603,144,1,299.76,0.0
5867,2603,145,1,61.15,0.15
5868,2603,86,1,443.6,0.15
5869,2604,58,2,87.55,0.0
5870,2604,110,-1,52.92,0.2
5871,2604,140,2,500.02,0.0
5872,2605,124,1,640.23,0.0
5873,2606,211,3,943.9,0.0
5874,2607,274,1,528.78,0.0
5875,2608,61,1,512.76,0.1
5876,2608,223,1,57.85,0.0
5877,2608,55,2,395.52,0.0
5878,2608,31,2,976.57,0.0
5879,2608,92,2,148.78,0.05
5880,2609,270,1,1160.3575,0.0
5881,2609,49,1,850.7,0.0
5882,2610,261,1,429.63,0.0
5883,2610,139,3,835.42,0.0
5884,2610,125,1,584.13,0.0
5885,2610,254,2,286.86,0.0
5886,2610,49,1,850.7,0.0
5887,2611,236,3,55.21,0.0
5888,2611,102,2,396.98,0.0
5889,2612,131,1,797.13,0.2
5890,2612,285,1,667.54,0.2
5891,2613,262,1,214.85,0.05
5892,2613,155,1,607.36,0.0
5893,2613,159,1,818.3,0.0
5894,2614,297,3,89.43,0.1
5895,2615,142,1,717.32,0.0
5896,2616,227,2,192.19,0.1
5897,2617,138,2,54.35,0.0
5898,2617,70,2,402.01,0.2
5899,2618,37,1,608.8,0.0
5900,2618,72,1,286.08,0.0
5901,2618,29,1,103.82,0.0
5902,2619,293,1,709.48,0.0
5903,2619,79,1,308.93,0.2
5904,2619,4,3,17.97,0.2
5905,2620,35,2,425.48,0.0
5906,2620,200,1,533.81,0.1
5907,2620,125,2,584.13,0.0
5908,2620,186,2,290.81,0.0
5909,2621,188,1,550.0,0.0
5910,2621,82,2,235.49,0.0
5911,2622,200,1,533.81,0.0
5912,2623,10,1,309.24,0.05
5913,2623,173,1,587.7,0.1
5914,2623,189,1,24.7,0.0
5915,2623,96,2,682.77,0.15
5916,2623,174,1,864.84,0.0
5917,2624,263,1,222.36,0.0
5918,2624,214,1,304.46,0.0
5919,2624,265,1,839.64,0.0
5920,2625,254,1,286.86,0.0
5921,2625,64,1,29.71,0.0
5922,2626,25,1,282.92,0.15
5923,2627,156,1,372.8,0.0
5924,2628,24,1,696.97,0.05
5925,2628,237,1,335.88,0.0
5926,2629,295,3,139.02,0.0
5927,2629,268,1,23.79,0.0
5928,2629,97,1,628.48,0.0
5929,2630,228,1,162.75,0.0
5930,2630,235,1,370.09,0.0
5931,2631,184,2,278.4,0.05
5932,2631,237,3,335.88,0.0
5933,2632,228,2,162.75,0.0
5934,2632,274,2,528.78,0.0
5935,2632,21,1,614.24,0.0
5936,2632,274,1,528.78,0.05
5937,2633,189,2,24.7,0.0
5938,2633,58,3,87.55,0.0
5939,2633,225,3,939.11,0.1
5940,2633,87,1,564.0,0.0
5941,2633,276,2,341.21,0.0
5942,2634,91,1,369.86,0.0
5943,2635,95,1,711.68,0.05
5944,2635,117,1,567.69,0.0
5945,2635,124,1,640.23,0.1
5946,2635,257,1,8.4,0.15
5947,2636,199,1,51.0,0.0
5948,2637,39,1,412.64,0.05
5949,2637,257,2,8.4,0.1
5950,2638,295,1,139.02,0.0
5951,2639,69,1,274.11,0.2
5952,2639,18,1,35.67,0.0
5953,2639,176,1,199.39,0.0
5954,2640,196,1,518.75,0.0
5955,2640,230,2,829.69,0.0
5956,2641,291,1,19.78,0.15
5957,2642,117,1,567.69,0.05
5958,2643,143,1,421.93,0.05
5959,2644,216,1,492.92,0.05
5960,2644,193,1,351.11,0.0
5961,2644,96,1,682.77,0.2
5962,2644,145,1,61.15,0.05
5963,2645,147,1,517.03,0.0
5964,2645,225,1,939.11,0.0
5965,2646,136,1,974.39,0.05
5966,2646,287,3,754.14,0.0
5967,2647,282,1,280.61,0.0
5968,2648,226,1,211.98,0.15
5969,2648,300,1,133.29,0.05
5970,2648,10,1,309.24,0.0
5971,2649,29,2,103.82,0.05
5972,2649,268,1,23.79,0.0
5973,2649,145,1,61.15,0.0
5974,2649,16,1,245.66,0.1
5975,2649,152,1,910.86,0.0
5976,2650,208,2,260.07,0.1
5977,2650,44,1,6.81,0.0
5978,2651,248,1,75.61,0.0
5979,2651,221,1,704.75,0.0
5980,2652,53,1,192.38,0.1
5981,2652,291,1,19.78,0.0
5982,2652,172,1,104.56,0.1
5983,2653,192,1,697.79,0.05
5984,2653,185,1,582.19,0.0
5985,2653,101,3,488.42,0.0
5986,2653,72,1,286.08,0.1
5987,2653,238,1,192.17,0.0
5988,2654,266,1,110.99,0.05
5989,2654,131,1,797.13,0.05
5990,2654,171,1,14.73,0.05
5991,2655,35,1,425.48,0.2
5992,2655,34,1,399.8,0.1
5993,2655,200,1,533.81,0.05
5994,2655,265,1,839.64,0.0
5995,2656,255,1,249.2,0.0
5996,2656,162,1,126.53,0.1
5997,2656,243,1,746.93,0.05
5998,2657,179,1,478.65,0.2
5999,2657,32,1,338.4,0.15
6000,2658,76,3,938.11,0.0
6001,2658,170,1,723.66,0.0
6002,2658,284,1,228.9,0.2
6003,2659,144,2,299.76,0.05
6004,2659,89,1,247.06,0.0
6005,2659,23,1,235.35,0.0
6006,2660,50,-1,240.1,0.05
6007,2661,149,2,382.77,0.05
6008,2662,232,1,71.83,0.0
6009,2662,24,1,696.97,0.0
6010,2662,14,1,90.93,0.0
6011,2663,132,2,299.38,0.0
6012,2663,113,1,55.28,0.0
6013,2664,182,2,500.91,0.0
6014,2664,247,1,708.26,0.05
6015,2664,276,1,341.21,0.05
6016,2664,143,2,421.93,0.05
6017,2664,280,1,121.8,0.0
6018,2665,188,3,550.0,0.0
6019,2665,87,1,564.0,0.0
6020,2665,137,1,316.92,0.15
6021,2665,240,1,555.47,0.0
6022,2665,235,1,370.09,0.05
6023,2666,241,1,306.12,0.05
6024,2667,250,1,1160.3575,0.05
6025,2667,81,1,779.01,0.0
6026,2667,220,2,475.38,0.0
6027,2668,51,2,863.34,0.1
6028,2669,98,1,71.96,0.05
6029,2670,200,1,533.81,0.0
6031,2670,121,1,183.38,0.0
6032,2671,158,1,282.03,0.0
6033,2671,161,1,68.77,0.05
6034,2671,60,1,148.68,0.0
6035,2671,137,1,316.92,0.05
6036,2671,177,1,156.12,0.0
6037,2672,261,1,429.63,0.05
6038,2672,21,1,614.24,0.0
6039,2672,29,1,103.82,0.0
6040,2672,278,1,402.71,0.0
6041,2673,197,1,538.79,0.0
6042,2674,239,2,517.8,0.15
6043,2675,201,1,567.68,0.0
6044,2676,94,1,514.73,0.15
6045,2676,11,1,216.27,0.2
6046,2676,157,2,701.5,0.0
6047,2677,179,1,478.65,0.15
6048,2677,219,1,211.99,0.0
6049,2677,161,1,68.77,0.0
6050,2677,194,1,222.76,0.1
6051,2677,131,1,797.13,0.1
6052,2678,7,2,357.42,0.0
6053,2679,50,1,240.1,0.0
6054,2680,278,1,402.71,0.0
6055,2680,85,1,530.7,0.0
6056,2680,121,1,183.38,0.0
6057,2680,61,1,512.76,0.0
6058,2681,180,1,843.45,0.1
6059,2682,123,1,840.94,0.05
6060,2682,155,1,607.36,0.0
6061,2683,116,1,862.37,0.0
6062,2683,180,1,843.45,0.0
6063,2683,247,1,708.26,0.1
6064,2683,51,3,863.34,0.0
6065,2683,115,1,251.88,0.0
6066,2684,275,3,82.62,0.0
6067,2685,153,2,530.38,0.0
6068,2685,116,1,862.37,0.0
6069,2685,166,1,278.38,0.0
6070,2686,35,1,425.48,0.0
6071,2686,178,1,563.12,0.05
6072,2686,43,1,97.72,0.0
6073,2687,247,1,708.26,0.0
6074,2687,1,1,433.54,0.0
6075,2688,52,1,12.48,0.05
6076,2688,282,1,280.61,0.1
6077,2689,288,2,515.26,0.0
6078,2690,297,2,89.43,0.15
6079,2690,209,-1,797.01,0.0
6080,2690,62,1,244.7,0.0
6081,2690,222,1,264.61,0.15
6082,2690,196,3,518.75,0.05
6083,2691,174,2,864.84,0.0
6084,2691,6,1,531.19,0.1
6085,2691,283,2,680.49,0.0
6086,2692,21,1,614.24,0.0
6087,2692,286,3,47.93,0.0
6088,2692,96,1,682.77,0.2
6089,2693,97,1,628.48,0.2
6090,2693,286,1,47.93,0.05
6091,2694,23,1,235.35,0.2
6092,2695,134,1,541.79,0.05
6093,2696,8,2,295.82,0.0
6094,2697,131,3,797.13,0.0
6095,2697,127,2,111.4,0.1
6096,2698,239,2,517.8,0.15
6097,2698,128,1,686.4,0.05
6098,2699,294,2,141.94,0.0
6099,2699,280,1,121.8,0.0
6100,2700,54,1,679.71,0.0
6101,2700,61,1,512.76,0.05
6102,2700,8,2,295.82,0.1
6103,2700,268,2,23.79,0.1
6104,2701,298,1,238.39,0.15
6105,2701,207,1,518.71,0.05
6106,2702,258,2,626.09,0.0
6107,2702,182,1,500.91,0.15
6108,2702,276,1,341.21,0.0
6109,2703,110,1,52.92,0.1
6110,2703,9,1,66.57,0.0
6111,2704,121,2,183.38,0.0
6112,2704,240,2,555.47,0.05
6113,2704,90,1,219.22,0.0
6114,2705,279,3,226.81,0.0
6115,2705,2,1,807.37,0.1
6116,2706,171,1,14.73,0.0
6117,2707,81,1,779.01,0.1
6118,2707,256,1,537.93,0.1
6119,2707,268,1,23.79,0.0
6120,2707,225,1,939.11,0.0
6121,2707,6,1,531.19,0.0
6122,2708,41,1,376.48,0.0
6123,2709,204,1,578.66,0.0
6124,2709,82,1,235.49,0.0
6125,2710,25,3,282.92,0.0
6126,2710,73,1,346.78,0.1
6127,2711,84,1,43.2,0.0
6128,2711,127,1,111.4,0.0
6129,2712,40,1,171.89,0.0
6130,2712,138,2,54.35,0.05
6131,2712,82,1,235.49,0.0
6132,2713,285,1,667.54,0.0
6133,2714,152,1,910.86,0.2
6134,2714,132,3,299.38,0.0
6135,2715,94,3,514.73,0.1
6136,2715,175,1,600.57,0.0
6137,2715,155,1,607.36,0.0
6138,2716,120,1,146.96,0.05
6139,2716,171,1,14.73,0.0
6140,2717,1,1,433.54,0.0
6141,2717,119,1,519.85,0.0
6142,2717,223,1,57.85,0.1
6143,2717,246,1,574.84,0.05
6144,2718,142,1,717.32,0.0
6145,2719,293,1,709.48,0.0
6146,2719,39,2,412.64,0.0
6147,2719,194,3,222.76,0.0
6148,2719,132,1,299.38,0.0
6149,2720,299,1,725.08,0.0
6150,2721,288,1,515.26,0.1
6151,2721,186,1,290.81,0.05
6152,2721,109,1,59.23,0.05
6153,2722,69,2,274.11,0.0
6154,2722,62,1,244.7,0.05
6155,2722,87,1,564.0,0.2
6156,2722,72,1,286.08,0.05
6157,2722,2,2,807.37,0.0
6158,2723,187,1,127.57,0.0
6159,2724,252,1,274.43,0.0
6160,2724,77,1,103.53,0.15
6161,2725,43,3,97.72,0.0
6162,2725,279,2,226.81,0.05
6163,2726,15,1,536.46,0.0
6164,2726,255,1,249.2,0.1
6165,2726,273,1,560.24,0.0
6166,2727,50,1,240.1,0.0
6167,2728,225,2,939.11,0.0
6168,2728,112,3,10.73,0.2
6169,2729,202,1,514.85,0.0
6170,2729,54,1,679.71,0.2
6171,2729,249,3,682.27,0.0
6172,2730,227,1,192.19,0.0
6173,2730,2,1,807.37,0.0
6174,2730,18,1,35.67,0.0
6175,2731,138,1,54.35,0.1
6176,2732,3,2,978.72,0.05
6177,2733,62,1,244.7,0.05
6178,2733,220,1,475.38,0.0
6179,2733,54,1,679.71,0.15
6180,2734,147,1,517.03,0.0
6181,2735,266,2,110.99,0.05
6182,2736,287,2,754.14,0.0
6183,2736,243,1,746.93,0.1
6184,2736,264,2,16.2,0.0
6185,2737,141,2,251.45,0.0
6186,2738,81,1,779.01,0.1
6187,2739,86,1,443.6,0.0
6188,2740,293,2,709.48,0.15
6189,2740,129,3,492.47,0.0
6190,2741,240,1,555.47,0.0
6191,2741,274,1,528.78,0.0
6192,2742,260,1,619.66,0.2
6193,2742,190,2,707.42,0.0
6194,2743,72,1,286.08,0.0
6195,2743,24,1,696.97,0.0
6196,2743,234,3,486.72,0.0
6197,2744,32,1,338.4,0.0
6198,2744,251,1,439.11,0.0
6199,2744,11,2,216.27,0.0
6200,2744,219,1,211.99,0.0
6201,2744,118,1,611.17,0.2
6202,2745,160,-1,150.1,0.2
6203,2746,42,2,328.75,0.0
6204,2746,255,1,249.2,0.0
6205,2746,43,1,97.72,0.05
6206,2747,179,1,478.65,0.0
6207,2747,92,1,148.78,0.0
6208,2747,45,1,511.39,0.0
6209,2748,140,1,500.02,0.0
6210,2748,57,1,510.39,0.0
6211,2748,60,1,148.68,0.15
6212,2748,257,1,8.4,0.0
6213,2748,59,1,287.12,0.05
6214,2749,200,1,533.81,0.0
6215,2750,1,1,433.54,0.0
6216,2750,60,2,148.68,0.0
6217,2750,285,1,667.54,0.0
6218,2750,82,1,235.49,0.1
6219,2750,292,2,425.68,0.0
6220,2751,250,1,1160.3575,0.05
6221,2751,34,-1,399.8,0.0
6222,2752,110,1,52.92,0.05
6223,2752,105,1,375.87,0.2
6224,2752,26,1,259.69,0.05
6225,2752,3,1,978.72,0.0
6226,2753,241,1,306.12,0.1
6227,2754,229,1,690.53,0.0
6228,2754,291,1,19.78,0.15
6229,2754,265,1,839.64,0.0
6230,2755,10,2,309.24,0.2
6231,2755,14,1,90.93,0.0
6232,2756,101,1,488.42,0.0
6233,2756,223,1,57.85,0.05
6234,2756,290,3,908.96,0.0
6235,2757,264,1,16.2,0.0
6236,2757,286,2,47.93,0.2
6237,2758,112,1,10.73,0.05
6238,2758,238,1,192.17,0.0
6239,2759,60,1,148.68,0.0
6240,2760,258,2,626.09,0.0
6241,2760,240,1,555.47,0.05
6242,2761,211,1,943.9,0.0
6243,2761,153,2,530.38,0.0
6244,2762,294,2,141.94,0.05
6245,2763,172,1,104.56,0.05
6246,2763,293,1,709.48,0.05
6247,2763,75,2,299.66,0.0
6248,2763,234,2,486.72,0.2
6249,2763,299,-1,725.08,0.1
6250,2764,78,2,213.82,0.05
6251,2764,124,1,640.23,0.2
6252,2765,34,1,399.8,0.0
6253,2765,30,2,477.17,0.0
6254,2765,115,1,251.88,0.05
6255,2766,236,1,55.21,0.1
6256,2766,106,2,150.04,0.05
6257,2766,93,3,98.57,0.0
6258,2766,230,1,829.69,0.0
6259,2766,35,2,425.48,0.0
6260,2767,232,3,71.83,0.15
6261,2767,283,1,680.49,0.0
6262,2767,68,1,133.13,0.15
6263,2767,167,2,39.88,0.05
6264,2767,205,1,367.74,0.0
6265,2768,40,1,171.89,0.0
6266,2769,174,1,864.84,0.0
6267,2769,278,3,402.71,0.1
6268,2769,148,1,304.48,0.0
6269,2769,213,1,111.83,0.2
6270,2770,25,1,282.92,0.0
6271,2771,263,1,222.36,0.2
6272,2772,189,1,24.7,0.0
6273,2772,100,1,283.25,0.1
6274,2772,295,1,139.02,0.0
6275,2772,176,1,199.39,0.15
6276,2773,53,1,192.38,0.0
6277,2773,117,1,567.69,0.0
6278,2774,89,1,247.06,0.0
6279,2774,95,1,711.68,0.0
6280,2775,112,1,10.73,0.0
6281,2776,82,3,235.49,0.0
6282,2776,83,1,243.1,0.1
6283,2777,132,1,299.38,0.05
6284,2777,60,1,148.68,0.0
6285,2778,59,1,287.12,0.05
6286,2778,19,1,727.02,0.0
6287,2779,274,2,528.78,0.05
6288,2779,103,1,456.96,0.0
6289,2779,93,1,98.57,0.1
6290,2779,118,2,611.17,0.15
6291,2780,138,1,54.35,0.0
6292,2781,243,2,746.93,0.0
6293,2781,181,3,37.18,0.2
6294,2782,152,1,910.86,0.0
6295,2783,261,1,429.63,0.1
6296,2784,137,1,316.92,0.05
6297,2784,143,1,421.93,0.1
6298,2785,159,1,818.3,0.0
6299,2785,91,1,369.86,0.0
6300,2785,48,1,231.62,0.0
6301,2786,120,3,146.96,0.0
6302,2787,181,1,37.18,0.0
6303,2788,227,1,192.19,0.2
6304,2788,240,1,555.47,0.1
6305,2788,236,1,55.21,0.0
6306,2788,110,1,52.92,0.0
6307,2789,45,2,511.39,0.1
6308,2789,98,1,71.96,0.0
6309,2789,289,2,635.36,0.0
6310,2790,273,1,560.24,0.0
6311,2790,19,1,727.02,0.0
6312,2791,171,1,14.73,0.2
6313,2791,37,1,608.8,0.15
6314,2791,83,1,243.1,0.15
6315,2791,118,2,611.17,0.1
6316,2791,157,1,701.5,0.0
6317,2792,105,1,375.87,0.0
6318,2792,109,1,59.23,0.0
6319,2793,267,1,253.7,0.0
6320,2794,126,1,240.49,0.0
6321,2794,120,1,146.96,0.0
6322,2794,95,1,711.68,0.0
6323,2794,159,2,818.3,0.1
6324,2795,104,1,957.31,0.0
6325,2795,210,1,177.09,0.0
6326,2795,4,1,17.97,0.2
6327,2795,114,1,23.97,0.1
6328,2796,10,1,309.24,0.0
6329,2796,171,3,14.73,0.0
6330,2797,298,1,238.39,0.0
6331,2797,169,3,458.05,0.0
6332,2798,134,3,541.79,0.0
6333,2799,117,1,567.69,0.0
6334,2799,283,2,680.49,0.15
6335,2800,189,1,24.7,0.2
6336,2801,258,1,626.09,0.0
6337,2801,297,1,89.43,0.05
6338,2801,287,1,754.14,0.05
6339,2801,259,1,533.22,0.0
6340,2801,175,3,600.57,0.15
6341,2802,90,1,219.22,0.05
6342,2803,10,1,309.24,0.0
6343,2803,72,2,286.08,0.0
6344,2803,179,1,478.65,0.05
6345,2804,227,1,192.19,0.0
6346,2804,25,3,282.92,0.0
6347,2805,152,1,910.86,0.0
6348,2806,54,1,679.71,0.05
6349,2806,266,1,110.99,0.1
6350,2807,69,1,274.11,0.15
6351,2807,299,1,725.08,0.0
6352,2807,145,1,61.15,0.0
6353,2807,207,1,518.71,0.0
6354,2808,53,3,192.38,0.05
6355,2809,195,1,132.26,0.1
6356,2809,222,1,264.61,0.1
6357,2809,209,1,797.01,0.1
6358,2809,176,2,199.39,0.0
6359,2810,59,1,287.12,0.0
6360,2810,191,-1,457.7,0.0
6361,2810,254,1,286.86,0.0
6362,2811,105,1,375.87,0.0
6363,2812,61,2,512.76,0.0
6364,2812,139,1,835.42,0.0
6365,2813,287,1,754.14,0.0
6366,2813,224,1,23.12,0.0
6367,2814,89,1,247.06,0.1
6368,2814,135,2,550.83,0.0
6369,2814,13,1,152.16,0.0
6370,2815,210,1,177.09,0.0
6371,2815,159,1,818.3,0.0
6372,2815,56,1,186.07,0.1
6373,2816,1,1,433.54,0.05
6374,2816,77,1,103.53,0.1
6375,2816,60,1,148.68,0.0
6376,2816,14,1,90.93,0.0
6377,2817,185,2,582.19,0.0
6378,2817,11,1,216.27,0.2
6379,2818,286,1,47.93,0.0
6380,2818,231,1,410.59,0.0
6381,2818,194,1,222.76,0.15
6382,2818,152,1,910.86,0.15
6383,2818,235,1,370.09,0.0
6384,2819,10,2,309.24,0.0
6385,2820,9,1,66.57,0.05
6386,2820,275,1,82.62,0.05
6387,2820,283,1,680.49,0.0
6388,2820,161,1,68.77,0.05
6389,2820,88,1,275.21,0.0
6390,2821,90,1,219.22,0.0
6391,2821,74,1,171.2,0.0
6392,2821,201,2,567.68,0.0
6393,2822,86,-1,443.6,0.0
6394,2823,203,1,431.09,0.0
6395,2823,24,1,696.97,0.0
6396,2824,163,1,598.68,0.05
6397,2824,134,1,541.79,0.0
6398,2825,136,-1,974.39,0.15
6399,2825,253,2,621.95,0.1
6400,2825,90,1,219.22,0.05
6401,2826,187,1,127.57,0.0
6402,2826,225,2,939.11,0.1
6403,2827,282,1,280.61,0.05
6404,2827,125,3,584.13,0.05
6405,2827,187,3,127.57,0.0
6406,2827,250,3,1160.3575,0.05
6407,2828,114,1,23.97,0.0
6408,2829,150,2,182.12,0.0
6409,2829,149,1,382.77,0.0
6410,2829,87,1,564.0,0.05
6411,2829,79,1,308.93,0.15
6412,2830,181,1,37.18,0.0
6413,2830,233,1,82.49,0.0
6414,2830,126,2,240.49,0.0
6415,2830,244,2,263.25,0.05
6416,2831,201,1,567.68,0.15
6417,2832,153,1,530.38,0.05
6418,2832,261,1,429.63,0.0
6419,2832,64,1,29.71,0.0
6420,2833,295,2,139.02,0.0
6421,2833,1,-1,433.54,0.0
6422,2833,155,1,607.36,0.0
6423,2833,62,2,244.7,0.05
6424,2833,10,-1,309.24,0.0
6425,2834,190,1,707.42,0.0
6426,2835,15,2,536.46,0.0
6427,2835,280,1,121.8,0.05
6428,2836,69,2,274.11,0.0
6429,2836,74,3,171.2,0.0
6430,2837,20,1,548.49,0.0
6431,2838,199,1,51.0,0.15
6432,2838,280,1,121.8,0.0
6433,2839,62,1,244.7,0.0
6434,2839,135,1,550.83,0.0
6435,2840,259,1,533.22,0.0
6436,2840,258,1,626.09,0.1
6437,2840,83,1,243.1,0.0
6438,2841,87,1,564.0,0.2
6439,2841,76,1,938.11,0.1
6440,2841,114,1,23.97,0.05
6441,2842,188,2,550.0,0.0
6442,2842,239,1,517.8,0.0
6443,2843,170,1,723.66,0.0
6444,2843,32,1,338.4,0.1
6445,2843,274,3,528.78,0.1
6446,2843,251,1,439.11,0.05
6447,2843,206,2,612.54,0.05
6448,2844,2,3,807.37,0.2
6449,2845,242,1,166.1,0.2
6450,2845,266,2,110.99,0.0
6451,2845,245,1,1160.3575,0.0
6452,2845,25,1,282.92,0.0
6453,2846,77,1,103.53,0.2
6454,2846,150,2,182.12,0.0
6455,2847,254,1,286.86,0.1
6456,2847,225,2,939.11,0.05
6457,2848,286,1,47.93,0.0
6458,2848,134,1,541.79,0.0
6459,2848,62,1,244.7,0.0
6460,2848,85,1,530.7,0.0
6461,2849,279,1,226.81,0.1
6462,2849,15,1,536.46,0.0
6463,2849,91,3,369.86,0.15
6464,2849,112,1,10.73,0.15
6465,2850,89,3,247.06,0.0
6466,2851,67,2,355.8,0.1
6467,2852,95,2,711.68,0.0
6468,2852,51,2,863.34,0.0
6469,2852,30,1,477.17,0.0
6470,2853,247,3,708.26,0.0
6471,2854,251,1,439.11,0.05
6472,2854,111,2,227.31,0.0
6473,2854,250,1,1160.3575,0.15
6474,2854,133,1,479.79,0.0
6475,2854,195,1,132.26,0.05
6476,2855,79,1,308.93,0.05
6477,2856,292,1,425.68,0.0
6478,2857,130,1,454.11,0.15
6479,2857,237,1,335.88,0.0
6480,2857,243,1,746.93,0.1
6481,2857,242,2,166.1,0.05
6482,2858,61,1,512.76,0.15
6483,2858,244,1,263.25,0.0
6484,2858,292,2,425.68,0.15
6485,2858,127,1,111.4,0.0
6486,2859,226,1,211.98,0.05
6487,2859,249,1,682.27,0.0
6488,2860,219,1,211.99,0.1
6489,2861,20,1,548.49,0.0
6490,2861,58,1,87.55,0.0
6491,2861,205,1,367.74,0.05
6492,2861,156,1,372.8,0.05
6493,2862,167,1,39.88,0.0
6494,2862,139,1,835.42,0.1
6495,2862,168,1,649.6,0.0
6496,2863,154,2,115.68,0.2
6497,2863,97,1,628.48,0.0
6498,2863,24,1,696.97,0.0
6499,2864,54,1,679.71,0.05
6500,2864,83,1,243.1,0.1
6501,2864,18,1,35.67,0.1
6502,2865,54,2,679.71,0.0
6503,2865,275,1,82.62,0.05
6504,2865,172,1,104.56,0.0
6505,2865,245,-1,1160.3575,0.15
6506,2865,219,1,211.99,0.0
6507,2866,260,1,619.66,0.0
6508,2866,244,1,263.25,0.0
6509,2867,245,3,1160.3575,0.0
6510,2867,267,2,253.7,0.1
6511,2868,192,2,697.79,0.0
6512,2869,37,1,608.8,0.0
6513,2870,197,1,538.79,0.0
6514,2870,290,1,908.96,0.0
6515,2870,65,1,460.75,0.1
6516,2871,217,1,479.18,0.1
6517,2871,210,1,177.09,0.2
6518,2871,159,1,818.3,0.0
6519,2872,267,1,253.7,0.1
6520,2873,147,1,517.03,0.15
6521,2873,257,2,8.4,0.2
6522,2874,133,1,479.79,0.0
6523,2875,275,3,82.62,0.0
6524,2876,7,1,357.42,0.0
6525,2876,132,1,299.38,0.05
6526,2877,177,1,156.12,0.1
6527,2877,152,3,910.86,0.0
6528,2877,44,1,6.81,0.1
6529,2878,300,-1,133.29,0.0
6530,2879,193,1,351.11,0.0
6531,2879,98,1,71.96,0.0
6532,2879,25,2,282.92,0.0
6533,2879,60,1,148.68,0.1
6534,2880,287,3,754.14,0.0
6535,2881,68,3,133.13,0.0
6536,2882,251,1,439.11,0.05
6537,2883,144,1,299.76,0.05
6538,2884,98,1,71.96,0.0
6539,2884,99,3,496.87,0.0
6540,2884,17,1,953.82,0.0
6541,2884,212,1,445.65,0.0
6542,2885,291,2,19.78,0.0
6543,2885,179,1,478.65,0.0
6544,2885,296,1,361.73,0.15
6545,2886,30,1,477.17,0.2
6546,2886,132,1,299.38,0.05
6547,2886,134,1,541.79,0.1
6548,2887,244,1,263.25,0.0
6549,2887,220,1,475.38,0.0
6550,2888,249,1,682.27,0.0
6551,2888,31,1,976.57,0.0
6552,2889,265,1,839.64,0.0
6553,2889,29,3,103.82,0.05
6554,2889,146,2,443.54,0.0
6555,2889,196,1,518.75,0.05
6556,2889,111,1,227.31,0.1
6557,2890,265,1,839.64,0.0
6558,2891,171,1,14.73,0.15
6559,2891,28,1,749.19,0.0
6560,2891,267,1,253.7,0.0
6561,2892,110,1,52.92,0.0
6562,2892,111,1,227.31,0.0
6563,2893,107,1,963.92,0.0
6564,2893,71,2,362.18,0.0
6566,2893,134,2,541.79,0.0
6567,2893,187,3,127.57,0.15
6568,2894,85,1,530.7,0.0
6569,2895,19,1,727.02,0.0
6570,2896,11,1,216.27,0.0
6571,2896,207,1,518.71,0.05
6572,2896,168,1,649.6,0.0
6573,2896,95,2,711.68,0.0
6574,2897,151,1,625.19,0.0
6575,2897,253,1,621.95,0.0
6576,2897,185,1,582.19,0.0
6577,2897,144,1,299.76,0.0
6578,2898,182,1,500.91,0.0
6579,2898,141,1,251.45,0.0
6580,2898,93,1,98.57,0.05
6581,2898,163,1,598.68,0.0
6582,2898,62,1,244.7,0.0
6583,2899,35,3,425.48,0.0
6584,2899,112,1,10.73,0.0
6585,2899,248,-1,75.61,0.05
6586,2900,221,-1,704.75,0.0
6587,2901,113,1,55.28,0.05
6588,2901,262,3,214.85,0.2
6589,2902,269,2,603.81,0.0
6590,2902,210,1,177.09,0.0
6591,2902,163,1,598.68,0.0
6592,2902,181,1,37.18,0.0
6593,2902,154,2,115.68,0.05
6594,2903,45,1,511.39,0.0
6595,2903,250,1,1160.3575,0.0
6596,2903,234,3,486.72,0.1
6597,2903,213,1,111.83,0.05
6598,2904,200,1,533.81,0.05
6599,2905,6,1,531.19,0.0
6600,2905,208,2,260.07,0.1
6601,2906,68,1,133.13,0.0
6602,2906,17,3,953.82,0.05
6603,2906,65,1,460.75,0.0
6604,2907,104,2,957.31,0.0
6605,2907,32,1,338.4,0.05
6606,2907,105,-1,375.87,0.15
6607,2908,203,1,431.09,0.1
6608,2908,269,1,603.81,0.1
6609,2908,9,1,66.57,0.0
6610,2908,108,1,378.75,0.05
6611,2909,114,-1,23.97,0.0
6612,2909,227,1,192.19,0.15
6613,2910,11,3,216.27,0.0
6615,2910,211,1,943.9,0.15
6616,2910,285,2,667.54,0.0
6617,2911,98,1,71.96,0.15
6618,2911,120,2,146.96,0.0
6619,2911,240,2,555.47,0.1
6620,2912,275,1,82.62,0.0
6621,2913,28,1,749.19,0.0
6622,2913,172,1,104.56,0.0
6623,2914,20,1,548.49,0.0
6624,2914,34,1,399.8,0.0
6625,2914,286,1,47.93,0.0
6626,2915,266,1,110.99,0.0
6627,2915,178,-1,563.12,0.0
6628,2915,123,1,840.94,0.05
6629,2916,261,2,429.63,0.05
6630,2916,100,1,283.25,0.15
6631,2917,229,1,690.53,0.0
6632,2917,99,1,496.87,0.0
6633,2918,252,1,274.43,0.0
6634,2918,43,2,97.72,0.15
6635,2918,24,1,696.97,0.0
6636,2918,110,1,52.92,0.0
6637,2919,108,1,378.75,0.0
6639,2920,194,1,222.76,0.0
6640,2921,37,1,608.8,0.0
6641,2921,165,2,605.76,0.0
6642,2921,159,1,818.3,0.0
6643,2921,83,1,243.1,0.0
6644,2922,279,1,226.81,0.0
6645,2923,263,2,222.36,0.05
6646,2924,238,1,192.17,0.1
6647,2925,220,1,475.38,0.0
6648,2925,181,1,37.18,0.0
6649,2925,248,1,75.61,0.1
6650,2925,9,1,66.57,0.1
6651,2926,290,1,908.96,0.0
6652,2926,217,2,479.18,0.0
6653,2927,154,1,115.68,0.0
6654,2927,230,1,829.69,0.05
6655,2928,112,1,10.73,0.15
6656,2928,160,1,150.1,0.1
6657,2928,298,1,238.39,0.1
6658,2928,77,1,103.53,0.0
6659,2929,82,1,235.49,0.0
6660,2929,42,1,328.75,0.05
6661,2930,224,2,23.12,0.15
6662,2930,2,1,807.37,0.0
6663,2931,74,1,171.2,0.05
6664,2931,43,1,97.72,0.1
6665,2931,59,1,287.12,0.05
6666,2932,34,1,399.8,0.1
6667,2933,63,2,430.39,0.15
6668,2933,200,1,533.81,0.0
6669,2933,159,1,818.3,0.0
6670,2934,112,1,10.73,0.0
6671,2934,121,1,183.38,0.05
6672,2935,299,3,725.08,0.0
6673,2936,292,1,425.68,0.1
6674,2937,37,1,608.8,0.0
6675,2938,230,1,829.69,0.2
6676,2938,24,2,696.97,0.0
6677,2939,257,1,8.4,0.0
6678,2939,204,3,578.66,0.05
6679,2940,90,1,219.22,0.0
6680,2941,22,1,205.71,0.0
6681,2941,172,1,104.56,0.0
6682,2941,108,1,378.75,0.0
6683,2942,222,1,264.61,0.05
6684,2942,192,3,697.79,0.0
6685,2943,193,1,351.11,0.0
6686,2944,217,1,479.18,0.0
6687,2945,71,1,362.18,0.0
6688,2946,293,1,709.48,0.0
6689,2946,127,2,111.4,0.15
6690,2946,204,-1,578.66,0.05
6691,2946,147,-1,517.03,0.1
6692,2946,97,2,628.48,0.0
6693,2947,282,1,280.61,0.0
6694,2947,234,1,486.72,0.0
6695,2948,168,1,649.6,0.0
6696,2949,59,1,287.12,0.05
6697,2949,72,2,286.08,0.0
6698,2949,146,3,443.54,0.0
6699,2950,155,1,607.36,0.0
6700,2950,111,1,227.31,0.0
6701,2950,90,1,219.22,0.0
6702,2950,292,2,425.68,0.05
6703,2951,67,1,355.8,0.05
6704,2952,147,1,517.03,0.0
6705,2952,4,1,17.97,0.15
6706,2953,42,-1,328.75,0.05
6707,2953,101,2,488.42,0.0
6708,2953,160,1,150.1,0.0
6709,2953,222,1,264.61,0.0
6710,2954,121,3,183.38,0.05
6711,2955,212,1,445.65,0.0
6712,2956,39,1,412.64,0.05
6713,2956,148,1,304.48,0.0
6714,2957,252,1,274.43,0.0
6715,2957,176,1,199.39,0.0
6716,2957,76,1,938.11,0.15
6717,2958,76,1,938.11,0.0
6718,2959,47,1,513.39,0.1
6719,2959,4,1,17.97,0.0
6720,2959,138,1,54.35,0.0
6721,2960,254,1,286.86,0.0
6722,2961,98,1,71.96,0.05
6723,2962,228,2,162.75,0.05
6724,2962,123,3,840.94,0.15
6725,2963,200,1,533.81,0.0
6726,2964,281,1,146.98,0.1
6727,2964,277,1,437.32,0.0
6728,2964,219,1,211.99,0.0
6729,2964,214,1,304.46,0.1
6730,2965,30,3,477.17,0.05
6731,2965,33,1,217.73,0.0
6732,2966,199,1,51.0,0.0
6733,2967,259,1,533.22,0.2
6734,2967,214,3,304.46,0.1
6735,2967,289,1,635.36,0.1
6736,2967,172,1,104.56,0.0
6737,2968,246,1,574.84,0.0
6738,2968,226,1,211.98,0.1
6739,2968,65,1,460.75,0.0
6740,2969,99,1,496.87,0.05
6741,2970,73,1,346.78,0.0
6742,2971,43,1,97.72,0.1
6743,2971,28,2,749.19,0.15
6744,2972,136,1,974.39,0.0
6745,2972,144,1,299.76,0.05
6746,2972,58,1,87.55,0.05
6747,2972,78,2,213.82,0.1
6748,2973,101,-1,488.42,0.0
6749,2973,112,3,10.73,0.0
6750,2973,174,1,864.84,0.0
6751,2974,221,1,704.75,0.0
6752,2974,275,1,82.62,0.05
6753,2974,142,1,717.32,0.2
6754,2974,129,2,492.47,0.0
6755,2975,272,1,5.69,0.1
6756,2975,207,2,518.71,0.0
6757,2975,81,2,779.01,0.0
6758,2975,192,1,697.79,0.05
6759,2976,109,2,59.23,0.2
6760,2976,203,1,431.09,0.0
6761,2977,23,1,235.35,0.0
6762,2977,260,3,619.66,0.0
6764,2978,16,1,245.66,0.1
6765,2979,221,1,704.75,0.0
6766,2979,124,2,640.23,0.1
6767,2979,165,1,605.76,0.0
6768,2980,82,1,235.49,0.0
6769,2980,25,1,282.92,0.0
6770,2980,172,2,104.56,0.0
6771,2980,20,1,548.49,0.0
6772,2980,137,1,316.92,0.05
6773,2981,70,3,402.01,0.0
6774,2981,20,1,548.49,0.0
6775,2981,93,1,98.57,0.0
6776,2982,143,2,421.93,0.0
6777,2982,96,1,682.77,0.05
6778,2982,102,1,396.98,0.1
6779,2983,239,1,517.8,0.0
6780,2983,97,1,628.48,0.0
6781,2983,129,1,492.47,0.0
6782,2984,265,1,839.64,0.0
6783,2984,253,3,621.95,0.0
6784,2984,6,1,531.19,0.0
6785,2985,60,1,148.68,0.0
6786,2986,214,3,304.46,0.0
6787,2987,134,3,541.79,0.05
6788,2988,118,1,611.17,0.0
6789,2989,298,2,238.39,0.05
6790,2989,15,1,536.46,0.1
6791,2989,249,1,682.27,0.0
6792,2990,213,1,111.83,0.15
6793,2990,279,1,226.81,0.0
6794,2990,86,1,443.6,0.0
6795,2991,72,1,286.08,0.05
6796,2992,135,1,550.83,0.15
6797,2992,127,1,111.4,0.0
6798,2993,265,1,839.64,0.0
6799,2994,255,-1,249.2,0.0
6800,2994,34,1,399.8,0.1
6801,2994,20,1,548.49,0.15
6802,2995,97,2,628.48,0.0
6803,2996,282,1,280.61,0.0
6804,2997,29,1,103.82,0.15
6805,2997,74,2,171.2,0.05
6806,2997,97,1,628.48,0.0
6807,2997,273,1,560.24,0.05
6808,2997,55,1,395.52,0.0
6809,2998,211,1,943.9,0.15
6810,2999,98,-1,71.96,0.0
6811,2999,119,1,519.85,0.1
6812,3000,125,1,584.13,0.0
6813,3001,277,3,437.32,0.0
6814,3002,255,1,249.2,0.0
6815,3002,103,1,456.96,0.0
6816,3002,74,1,171.2,0.0
6817,3003,2,1,807.37,0.1
6818,3003,105,1,375.87,0.15
6819,3003,201,1,567.68,0.1
6820,3004,84,2,43.2,0.05
6821,3004,214,1,304.46,0.0
6822,3004,270,1,1160.3575,0.1
6823,3004,210,1,177.09,0.0
6824,3005,73,1,346.78,0.05
6825,3006,250,1,1160.3575,0.0
6826,3007,234,1,486.72,0.05
6827,3007,205,1,367.74,0.1
6828,3008,20,-1,548.49,0.0
6829,3009,40,1,171.89,0.0
6830,3009,187,2,127.57,0.0
6831,3010,73,1,346.78,0.2
6832,3010,245,1,1160.3575,0.0
6833,3010,25,1,282.92,0.05
6834,3011,2,1,807.37,0.0
6835,3011,134,1,541.79,0.05
6836,3012,211,2,943.9,0.15
6837,3012,21,1,614.24,0.0
6838,3013,219,1,211.99,0.0
6839,3013,119,1,519.85,0.0
6840,3014,232,1,71.83,0.0
6841,3015,119,2,519.85,0.0
6842,3015,236,1,55.21,0.0
6843,3015,68,1,133.13,0.2
6844,3015,7,-1,357.42,0.0
6845,3015,298,1,238.39,0.05
6846,3016,36,1,749.87,0.0
6847,3016,283,1,680.49,0.0
6848,3017,199,1,51.0,0.2
6849,3018,94,2,514.73,0.0
6850,3018,27,1,686.85,0.0
6851,3019,268,1,23.79,0.05
6852,3019,96,2,682.77,0.15
6853,3019,208,2,260.07,0.0
6854,3019,228,-1,162.75,0.0
6855,3019,162,1,126.53,0.2
6856,3020,69,1,274.11,0.1
6857,3021,129,3,492.47,0.0
6858,3021,40,1,171.89,0.0
6859,3021,119,2,519.85,0.0
6860,3022,197,3,538.79,0.0
6861,3022,8,1,295.82,0.15
6862,3023,128,1,686.4,0.0
6863,3024,206,1,612.54,0.05
6864,3024,12,1,156.75,0.0
6865,3024,14,1,90.93,0.0
6866,3025,161,1,68.77,0.1
6867,3026,14,2,90.93,0.05
6868,3026,76,1,938.11,0.05
6869,3026,252,1,274.43,0.2
6870,3026,99,1,496.87,0.0
6871,3026,6,1,531.19,0.0
6872,3027,232,1,71.83,0.05
6873,3027,11,1,216.27,0.0
6874,3028,133,1,479.79,0.0
6875,3029,28,2,749.19,0.0
6876,3029,271,1,756.22,0.0
6877,3030,248,1,75.61,0.0
6878,3030,278,1,402.71,0.0
6879,3030,260,1,619.66,0.05
6880,3031,237,1,335.88,0.1
6881,3032,100,1,283.25,0.15
6882,3033,64,2,29.71,0.1
6883,3033,106,2,150.04,0.15
6884,3034,98,3,71.96,0.0
6885,3035,33,2,217.73,0.0
6886,3035,240,1,555.47,0.15
6887,3035,163,1,598.68,0.05
6888,3035,215,1,501.1,0.15
6889,3036,235,1,370.09,0.0
6890,3036,205,-1,367.74,0.0
6891,3036,168,1,649.6,0.0
6892,3037,80,1,166.05,0.0
6893,3037,252,2,274.43,0.0
6894,3037,94,1,514.73,0.05
6896,3037,53,2,192.38,0.1
6897,3038,78,1,213.82,0.1
6898,3039,22,1,205.71,0.2
6899,3039,9,1,66.57,0.05
6900,3039,211,1,943.9,0.0
6901,3040,227,1,192.19,0.2
6902,3040,172,1,104.56,0.0
6903,3040,124,1,640.23,0.15
6904,3041,152,1,910.86,0.0
6905,3041,186,1,290.81,0.2
6906,3041,69,1,274.11,0.0
6907,3041,210,1,177.09,0.15
6908,3041,81,2,779.01,0.0
6909,3042,57,1,510.39,0.1
6910,3042,284,1,228.9,0.05
6911,3043,275,1,82.62,0.0
6912,3043,87,2,564.0,0.0
6913,3044,184,1,278.4,0.0
6914,3045,264,2,16.2,0.2
6915,3045,23,1,235.35,0.0
6916,3045,281,1,146.98,0.0
6917,3045,297,1,89.43,0.05
6918,3046,199,1,51.0,0.15
6919,3047,68,1,133.13,0.0
6920,3047,10,1,309.24,0.0
6921,3047,239,1,517.8,0.0
6922,3048,297,1,89.43,0.0
6923,3049,297,1,89.43,0.0
6924,3049,74,3,171.2,0.05
6925,3050,72,1,286.08,0.0
6926,3050,134,2,541.79,0.1
6927,3050,156,2,372.8,0.0
6928,3050,91,1,369.86,0.0
6929,3051,264,2,16.2,0.0
6930,3052,274,1,528.78,0.0
6931,3052,247,1,708.26,0.0
6932,3053,156,1,372.8,0.1
6933,3053,98,2,71.96,0.0
6934,3053,125,1,584.13,0.15
6935,3053,5,1,503.34,0.15
6936,3053,39,1,412.64,0.0
6937,3054,187,2,127.57,0.0
6938,3055,275,2,82.62,0.0
6939,3055,197,1,538.79,0.15
6940,3055,257,2,8.4,0.0
6941,3055,78,1,213.82,0.0
6942,3055,209,1,797.01,0.0
6943,3056,156,1,372.8,0.15
6944,3057,67,1,355.8,0.0
6945,3057,119,1,519.85,0.2
6946,3057,144,1,299.76,0.1
6947,3057,265,1,839.64,0.0
6948,3058,230,1,829.69,0.0
6949,3058,128,1,686.4,0.0
6950,3058,85,1,530.7,0.05
6951,3058,71,1,362.18,0.0
6952,3058,265,1,839.64,0.05
6953,3059,130,3,454.11,0.0
6954,3059,209,1,797.01,0.05
6955,3059,43,3,97.72,0.15
6956,3059,49,1,850.7,0.2
6957,3060,25,1,282.92,0.1
6958,3060,227,1,192.19,0.0
6959,3061,75,1,299.66,0.0
6960,3062,127,1,111.4,0.05
6961,3062,157,1,701.5,0.0
6962,3063,247,2,708.26,0.0
6963,3063,193,1,351.11,0.05
6964,3064,91,2,369.86,0.0
6965,3065,55,1,395.52,0.05
6966,3065,55,1,395.52,0.1
6967,3066,147,1,517.03,0.1
6968,3066,299,1,725.08,0.1
6969,3067,47,1,513.39,0.0
6970,3068,202,1,514.85,0.0
6971,3068,194,2,222.76,0.0
6972,3068,199,1,51.0,0.0
6973,3069,135,1,550.83,0.1
6974,3070,248,1,75.61,0.0
6975,3070,71,3,362.18,0.15
6976,3071,205,1,367.74,0.0
6977,3071,107,2,963.92,0.0
6978,3071,199,1,51.0,0.15
6979,3071,116,1,862.37,0.15
6980,3071,10,1,309.24,0.0
6981,3072,71,1,362.18,0.1
6982,3072,21,1,614.24,0.1
6983,3072,12,1,156.75,0.05
6984,3072,7,1,357.42,0.0
6985,3073,258,1,626.09,0.2
6986,3073,127,1,111.4,0.15
6987,3074,200,1,533.81,0.05
6988,3074,276,1,341.21,0.15
6989,3075,180,2,843.45,0.1
6990,3075,49,2,850.7,0.0
6991,3076,45,1,511.39,0.0
6992,3076,113,1,55.28,0.0
6993,3076,157,1,701.5,0.0
6994,3076,145,1,61.15,0.0
6995,3076,221,3,704.75,0.0
6996,3077,169,3,458.05,0.0
6997,3078,190,1,707.42,0.0
6998,3078,15,2,536.46,0.05
6999,3078,279,1,226.81,0.2
7000,3079,150,3,182.12,0.05
7001,3080,219,1,211.99,0.1
7002,3081,191,1,457.7,0.0
7003,3082,152,2,910.86,0.1
7004,3082,12,1,156.75,0.15
7005,3083,233,1,82.49,0.1
7006,3083,218,1,127.17,0.0
7007,3083,241,1,306.12,0.0
7008,3083,218,1,127.17,0.05
7009,3083,117,2,567.69,0.1
7010,3084,146,2,443.54,0.0
7011,3084,296,1,361.73,0.0
7012,3084,197,1,538.79,0.15
7013,3085,247,1,708.26,0.0
7014,3085,222,1,264.61,0.05
7015,3085,226,2,211.98,0.1
7016,3086,30,1,477.17,0.0
7017,3086,52,2,12.48,0.1
7018,3086,222,1,264.61,0.05
7019,3087,123,1,840.94,0.1
7020,3087,107,-1,963.92,0.0
7021,3087,265,1,839.64,0.0
7022,3088,230,1,829.69,0.0
7023,3088,217,1,479.18,0.05
7024,3089,279,1,226.81,0.05
7025,3089,131,1,797.13,0.0
7026,3089,196,1,518.75,0.0
7027,3090,85,1,530.7,0.15
7028,3091,274,2,528.78,0.0
7029,3091,78,2,213.82,0.1
7030,3091,10,2,309.24,0.15
7031,3091,245,1,1160.3575,0.0
7032,3092,2,1,807.37,0.0
7033,3092,194,-1,222.76,0.15
7034,3093,220,1,475.38,0.2
7035,3093,15,3,536.46,0.1
7036,3093,286,1,47.93,0.0
7037,3093,64,1,29.71,0.0
7038,3094,204,2,578.66,0.05
7039,3094,50,1,240.1,0.0
7040,3095,86,2,443.6,0.0
7041,3095,20,1,548.49,0.1
7042,3095,72,1,286.08,0.1
7043,3096,134,1,541.79,0.0
7044,3096,281,1,146.98,0.0
7046,3097,240,1,555.47,0.1
7047,3098,240,2,555.47,0.0
7048,3098,46,2,397.56,0.05
7049,3098,114,1,23.97,0.2
7050,3099,197,1,538.79,0.1
7051,3099,53,1,192.38,0.1
7052,3100,18,2,35.67,0.0
7053,3100,59,1,287.12,0.1
7054,3100,32,1,338.4,0.0
7055,3101,43,1,97.72,0.0
7056,3101,17,1,953.82,0.0
7057,3102,282,1,280.61,0.0
7058,3103,200,3,533.81,0.05
7059,3104,291,1,19.78,0.15
7060,3104,96,1,682.77,0.0
7061,3104,139,1,835.42,0.1
7062,3104,205,1,367.74,0.15
7063,3104,177,1,156.12,0.0
7064,3105,143,2,421.93,0.0
7065,3105,288,1,515.26,0.1
7066,3105,61,1,512.76,0.0
7067,3106,32,2,338.4,0.0
7068,3106,270,1,1160.3575,0.0
7069,3107,103,1,456.96,0.2
7070,3107,227,2,192.19,0.0
7071,3107,31,2,976.57,0.05
7072,3107,31,1,976.57,0.0
7073,3108,96,2,682.77,0.0
7074,3109,295,3,139.02,0.05
7075,3109,37,2,608.8,0.15
7076,3109,225,1,939.11,0.0
7077,3110,197,1,538.79,0.0
7078,3110,93,2,98.57,0.0
7079,3110,150,1,182.12,0.1
7080,3111,96,1,682.77,0.1
7081,3111,45,1,511.39,0.0
7082,3112,169,2,458.05,0.0
7083,3112,36,1,749.87,0.0
7084,3112,28,1,749.19,0.0
7085,3112,237,1,335.88,0.0
7086,3113,21,1,614.24,0.1
7087,3114,248,2,75.61,0.05
7088,3115,237,1,335.88,0.0
7089,3115,34,1,399.8,0.0
7090,3116,134,1,541.79,0.05
7091,3116,63,2,430.39,0.0
7092,3117,191,1,457.7,0.05
7093,3118,53,1,192.38,0.2
7094,3118,232,1,71.83,0.0
7095,3119,287,1,754.14,0.05
7096,3119,174,1,864.84,0.1
7097,3119,170,1,723.66,0.0
7098,3120,67,1,355.8,0.0
7099,3120,58,1,87.55,0.15
7100,3121,246,1,574.84,0.2
7101,3121,104,1,957.31,0.0
7102,3122,10,1,309.24,0.05
7103,3123,295,2,139.02,0.0
7104,3124,140,2,500.02,0.2
7105,3124,151,1,625.19,0.0
7106,3125,152,2,910.86,0.0
7107,3126,274,1,528.78,0.0
7108,3127,185,3,582.19,0.2
7109,3127,98,1,71.96,0.15
7110,3127,191,3,457.7,0.0
7111,3127,142,1,717.32,0.0
7112,3128,255,2,249.2,0.0
7113,3128,28,1,749.19,0.15
7114,3128,62,1,244.7,0.0
7115,3129,218,1,127.17,0.0
7116,3129,112,2,10.73,0.1
7117,3129,134,1,541.79,0.0
7118,3130,157,1,701.5,0.0
7119,3130,154,1,115.68,0.0
7120,3130,204,1,578.66,0.0
7121,3131,59,1,287.12,0.0
7122,3131,9,3,66.57,0.0
7123,3132,85,1,530.7,0.0
7124,3132,209,1,797.01,0.0
7125,3133,31,1,976.57,0.0
7126,3133,17,2,953.82,0.0
7127,3133,263,2,222.36,0.0
7128,3134,263,2,222.36,0.0
7129,3134,151,1,625.19,0.0
7130,3134,270,1,1160.3575,0.0
7131,3135,95,1,711.68,0.0
7132,3135,48,1,231.62,0.0
7133,3135,55,1,395.52,0.0
7134,3135,294,1,141.94,0.0
7135,3135,38,1,364.99,0.0
7136,3136,295,1,139.02,0.0
7137,3136,72,1,286.08,0.15
7138,3136,131,1,797.13,0.05
7139,3136,231,1,410.59,0.0
7140,3136,137,1,316.92,0.1
7141,3137,207,2,518.71,0.2
7142,3138,4,1,17.97,0.0
7143,3139,24,-1,696.97,0.15
7144,3139,46,1,397.56,0.0
7146,3140,258,1,626.09,0.0
7147,3141,122,1,607.34,0.0
7148,3141,121,1,183.38,0.0
7149,3141,234,1,486.72,0.0
7150,3142,85,1,530.7,0.05
7151,3142,154,1,115.68,0.15
7152,3143,47,1,513.39,0.0
7153,3144,279,2,226.81,0.0
7154,3145,206,1,612.54,0.0
7155,3145,289,1,635.36,0.05
7156,3145,161,3,68.77,0.05
7157,3145,240,3,555.47,0.0
7158,3145,35,1,425.48,0.0
7159,3146,151,1,625.19,0.0
7160,3147,51,1,863.34,0.0
7161,3148,96,1,682.77,0.15
7162,3149,148,1,304.48,0.05
7163,3149,77,1,103.53,0.05
7164,3150,36,1,749.87,0.0
7165,3150,264,3,16.2,0.0
7166,3151,164,1,446.58,0.05
7167,3151,62,1,244.7,0.0
7168,3151,216,3,492.92,0.0
7169,3151,66,2,447.18,0.0
7170,3152,219,2,211.99,0.05
7171,3152,153,1,530.38,0.0
7172,3152,26,1,259.69,0.05
7173,3153,25,1,282.92,0.2
7174,3153,271,1,756.22,0.1
7175,3154,165,2,605.76,0.05
7176,3155,131,1,797.13,0.05
7177,3156,28,1,749.19,0.1
7178,3156,158,-1,282.03,0.0
7179,3156,135,1,550.83,0.05
7180,3156,142,1,717.32,0.15
7181,3157,116,1,862.37,0.0
7182,3157,15,1,536.46,0.0
7183,3158,203,1,431.09,0.15
7184,3158,110,1,52.92,0.0
7185,3159,28,1,749.19,0.0
7186,3159,98,2,71.96,0.0
7187,3160,114,1,23.97,0.05
7188,3160,109,1,59.23,0.0
7189,3160,24,1,696.97,0.0
7190,3160,21,1,614.24,0.0
7191,3160,281,1,146.98,0.0
7192,3161,283,2,680.49,0.0
7193,3161,214,2,304.46,0.15
7194,3161,260,1,619.66,0.0
7195,3162,116,2,862.37,0.0
7196,3162,72,2,286.08,0.05
7197,3163,118,1,611.17,0.2
7198,3163,267,1,253.7,0.05
7199,3163,145,1,61.15,0.0
7200,3163,250,1,1160.3575,0.0
7201,3163,47,2,513.39,0.0
7202,3164,10,1,309.24,0.0
7203,3165,275,3,82.62,0.1
7204,3166,187,1,127.57,0.0
7205,3167,47,1,513.39,0.0
7206,3167,152,1,910.86,0.0
7207,3167,2,2,807.37,0.05
7208,3167,45,1,511.39,0.0
7209,3167,92,1,148.78,0.0
7210,3168,270,1,1160.3575,0.15
7211,3168,191,1,457.7,0.0
7212,3169,119,1,519.85,0.2
7213,3169,198,1,266.02,0.0
7214,3170,31,1,976.57,0.1
7215,3170,13,1,152.16,0.0
7216,3171,200,3,533.81,0.2
7217,3171,299,1,725.08,0.1
7218,3171,152,1,910.86,0.0
7219,3172,90,-1,219.22,0.0
7220,3172,77,1,103.53,0.05
7221,3173,45,1,511.39,0.0
7222,3173,214,1,304.46,0.0
7223,3173,258,1,626.09,0.15
7224,3173,39,1,412.64,0.0
7225,3174,180,1,843.45,0.1
7227,3175,267,1,253.7,0.0
7228,3175,83,1,243.1,0.1
7229,3176,229,1,690.53,0.0
7230,3177,247,1,708.26,0.0
7231,3177,63,1,430.39,0.0
7232,3178,272,1,5.69,0.15
7233,3178,277,1,437.32,0.0
7234,3178,288,1,515.26,0.0
7235,3178,283,-1,680.49,0.0
7236,3178,191,1,457.7,0.0
7237,3179,147,1,517.03,0.0
7238,3179,206,1,612.54,0.0
7239,3180,28,2,749.19,0.0
7240,3181,225,3,939.11,0.05
7241,3181,192,2,697.79,0.0
7242,3182,135,2,550.83,0.0
7243,3183,201,3,567.68,0.2
7244,3184,79,1,308.93,0.0
7245,3184,59,1,287.12,0.0
7246,3185,51,1,863.34,0.05
7247,3186,8,2,295.82,0.0
7248,3186,266,1,110.99,0.0
7249,3187,239,2,517.8,0.0
7250,3188,219,1,211.99,0.0
7251,3188,52,1,12.48,0.15
7252,3189,134,1,541.79,0.15
7253,3190,295,1,139.02,0.0
7254,3190,280,1,121.8,0.0
7255,3191,265,1,839.64,0.05
7256,3192,10,1,309.24,0.1
7257,3192,46,1,397.56,0.0
7258,3192,195,1,132.26,0.1
7259,3193,287,2,754.14,0.0
7260,3193,207,2,518.71,0.0
7261,3193,52,1,12.48,0.0
7262,3193,13,1,152.16,0.0
7263,3193,103,2,456.96,0.0
7264,3194,177,1,156.12,0.2
7265,3194,181,1,37.18,0.0
7266,3195,139,2,835.42,0.15
7267,3196,276,1,341.21,0.0
7268,3197,95,1,711.68,0.0
7269,3197,83,1,243.1,0.1
7270,3197,183,1,942.96,0.0
7271,3197,3,1,978.72,0.0
7272,3198,21,1,614.24,0.0
7273,3198,298,1,238.39,0.0
7274,3198,110,3,52.92,0.0
7275,3199,265,1,839.64,0.05
7276,3199,72,1,286.08,0.0
7277,3199,27,1,686.85,0.0
7278,3199,77,1,103.53,0.0
7279,3199,44,3,6.81,0.15
7280,3200,230,1,829.69,0.0
7281,3201,250,1,1160.3575,0.0
7282,3201,244,1,263.25,0.0
7283,3202,65,1,460.75,0.0
7284,3203,19,1,727.02,0.2
7285,3203,135,1,550.83,0.0
7286,3203,111,1,227.31,0.1
7287,3204,234,1,486.72,0.1
7288,3205,282,1,280.61,0.0
7289,3206,253,1,621.95,0.0
7290,3207,80,1,166.05,0.0
7291,3207,131,1,797.13,0.0
7292,3208,199,1,51.0,0.1
7293,3209,139,1,835.42,0.0
7294,3209,20,2,548.49,0.0
7295,3209,59,2,287.12,0.0
7296,3209,28,1,749.19,0.0
7297,3210,93,1,98.57,0.0
7298,3210,10,1,309.24,0.0
7299,3211,110,1,52.92,0.0
7300,3212,200,1,533.81,0.15
7301,3212,64,1,29.71,0.0
7302,3212,235,3,370.09,0.0
7303,3212,107,1,963.92,0.1
7304,3213,9,1,66.57,0.0
7305,3213,182,1,500.91,0.0
7306,3214,38,1,364.99,0.2
7307,3214,13,1,152.16,0.0
7308,3214,119,3,519.85,0.05
7309,3214,68,2,133.13,0.0
7310,3215,113,1,55.28,0.0
7311,3215,214,1,304.46,0.0
7312,3216,50,1,240.1,0.15
7313,3216,15,1,536.46,0.0
7314,3216,293,1,709.48,0.0
7315,3217,203,1,431.09,0.0
7316,3217,22,2,205.71,0.0
7317,3218,297,1,89.43,0.0
7318,3218,240,1,555.47,0.0
7319,3219,226,2,211.98,0.2
7320,3219,113,1,55.28,0.0
7321,3220,73,1,346.78,0.0
7322,3221,147,1,517.03,0.0
7323,3221,49,1,850.7,0.0
7324,3221,162,3,126.53,0.0
7325,3222,39,2,412.64,0.0
7326,3222,44,1,6.81,0.0
7327,3223,235,-1,370.09,0.0
7328,3224,170,1,723.66,0.15
7329,3224,166,1,278.38,0.2
7330,3224,221,-1,704.75,0.0
7331,3224,153,1,530.38,0.05
7332,3224,23,1,235.35,0.0
7333,3225,294,1,141.94,0.05
7334,3225,189,1,24.7,0.0
7335,3226,111,1,227.31,0.0
7336,3227,281,1,146.98,0.0
7337,3228,63,1,430.39,0.0
7338,3229,33,1,217.73,0.15
7339,3230,121,1,183.38,0.0
7340,3231,300,1,133.29,0.15
7341,3231,102,1,396.98,0.0
7342,3232,196,1,518.75,0.0
7343,3232,57,3,510.39,0.15
7344,3232,92,1,148.78,0.0
7345,3233,150,1,182.12,0.0
7346,3233,176,1,199.39,0.0
7347,3233,145,1,61.15,0.0
7348,3233,103,1,456.96,0.0
7349,3234,109,3,59.23,0.0
7350,3234,141,1,251.45,0.0
7351,3235,275,1,82.62,0.2
7352,3235,123,1,840.94,0.0
7353,3236,250,1,1160.3575,0.15
7355,3236,106,1,150.04,0.05
7356,3236,66,1,447.18,0.2
7357,3237,100,1,283.25,0.15
7358,3237,208,1,260.07,0.05
7359,3238,41,1,376.48,0.0
7360,3239,228,-1,162.75,0.0
7361,3240,189,1,24.7,0.1
7362,3240,151,1,625.19,0.0
7363,3240,157,1,701.5,0.15
7364,3240,278,1,402.71,0.0
7365,3241,146,3,443.54,0.0
7366,3242,127,1,111.4,0.0
7367,3243,101,1,488.42,0.0
7368,3243,71,1,362.18,0.0
7369,3243,258,1,626.09,0.0
7370,3243,132,2,299.38,0.0
7371,3244,198,1,266.02,0.0
7372,3244,160,3,150.1,0.0
7373,3245,67,1,355.8,0.0
7374,3245,178,1,563.12,0.2
7375,3246,159,1,818.3,0.0
7376,3246,62,1,244.7,0.2
7377,3247,1,1,433.54,0.2
7378,3247,194,1,222.76,0.05
7379,3248,88,3,275.21,0.2
7380,3248,260,2,619.66,0.0
7381,3248,47,-1,513.39,0.15
7382,3248,290,1,908.96,0.0
7383,3249,217,2,479.18,0.05
7384,3249,64,2,29.71,0.0
7385,3249,13,1,152.16,0.0
7386,3249,233,2,82.49,0.05
7387,3250,71,1,362.18,0.15
7388,3250,189,1,24.7,0.1
7389,3250,228,-1,162.75,0.05
7390,3251,188,1,550.0,0.0
7391,3252,263,2,222.36,0.2
7392,3252,184,1,278.4,0.0
7393,3252,225,1,939.11,0.0
7394,3252,300,2,133.29,0.0
7395,3252,164,3,446.58,0.1
7396,3253,232,3,71.83,0.1
7397,3253,296,1,361.73,0.05
7398,3253,289,1,635.36,0.0
7399,3254,75,1,299.66,0.0
7400,3254,44,1,6.81,0.1
7401,3254,183,2,942.96,0.0
7402,3255,212,1,445.65,0.15
7403,3255,243,1,746.93,0.0
7404,3256,109,1,59.23,0.0
7405,3256,219,1,211.99,0.0
7406,3257,258,1,626.09,0.2
7407,3258,167,1,39.88,0.0
7408,3259,214,1,304.46,0.0
7409,3259,1,2,433.54,0.1
7410,3260,191,1,457.7,0.0
7411,3260,290,1,908.96,0.0
7412,3260,11,1,216.27,0.0
7413,3260,133,1,479.79,0.2
7414,3261,55,1,395.52,0.1
7415,3261,172,1,104.56,0.15
7416,3261,71,3,362.18,0.0
7417,3261,95,1,711.68,0.0
7418,3261,118,3,611.17,0.15
7419,3262,223,1,57.85,0.0
7420,3263,29,2,103.82,0.0
7421,3264,240,1,555.47,0.15
7422,3264,197,2,538.79,0.0
7423,3265,46,1,397.56,0.0
7424,3265,12,2,156.75,0.05
7425,3266,265,-1,839.64,0.15
7426,3267,149,1,382.77,0.0
7427,3267,81,1,779.01,0.05
7428,3267,128,3,686.4,0.0
7429,3268,197,1,538.79,0.05
7430,3268,90,1,219.22,0.0
7431,3269,210,3,177.09,0.2
7432,3269,208,1,260.07,0.1
7433,3270,220,1,475.38,0.0
7434,3270,125,1,584.13,0.0
7435,3271,284,1,228.9,0.0
7436,3271,135,1,550.83,0.05
7437,3272,243,1,746.93,0.2
7438,3272,198,2,266.02,0.15
7439,3272,77,1,103.53,0.0
7440,3273,35,1,425.48,0.0
7441,3273,280,1,121.8,0.0
7442,3273,113,1,55.28,0.0
7443,3273,146,1,443.54,0.0
7444,3274,69,1,274.11,0.0
7445,3274,33,1,217.73,0.1
7446,3274,45,1,511.39,0.0
7447,3275,68,1,133.13,0.0
7448,3275,223,1,57.85,0.15
7449,3276,242,1,166.1,0.0
7450,3276,158,1,282.03,0.15
7451,3276,92,1,148.78,0.0
7452,3277,182,1,500.91,0.0
7453,3277,253,1,621.95,0.0
7454,3278,46,1,397.56,0.1
7455,3278,164,1,446.58,0.0
7456,3279,178,1,563.12,0.05
7457,3280,221,2,704.75,0.0
7458,3280,235,2,370.09,0.1
7459,3280,268,1,23.79,0.0
7460,3280,259,1,533.22,0.1
7461,3281,296,3,361.73,0.15
7462,3282,225,3,939.11,0.0
7463,3283,201,1,567.68,0.15
7464,3283,4,1,17.97,0.05
7465,3283,254,2,286.86,0.0
7466,3283,234,1,486.72,0.0
7467,3284,93,1,98.57,0.0
7468,3284,31,1,976.57,0.0
7469,3285,207,-1,518.71,0.0
7470,3285,260,-1,619.66,0.05
7471,3286,17,3,953.82,0.0
7472,3287,214,1,304.46,0.0
7473,3287,160,1,150.1,0.0
7474,3287,159,1,818.3,0.1
7475,3288,198,2,266.02,0.0
7476,3288,29,1,103.82,0.0
7477,3288,9,1,66.57,0.1
7478,3289,203,1,431.09,0.15
7479,3289,14,1,90.93,0.0
7480,3290,50,1,240.1,0.0
7481,3290,258,1,626.09,0.1
7482,3290,32,1,338.4,0.0
7483,3291,217,2,479.18,0.15
7484,3291,116,1,862.37,0.0
7485,3292,23,1,235.35,0.1
7486,3292,139,1,835.42,0.05
7487,3292,180,1,843.45,0.15
7488,3293,164,1,446.58,0.0
7489,3294,124,2,640.23,0.05
7490,3294,72,2,286.08,0.2
7491,3295,69,1,274.11,0.0
7492,3296,19,1,727.02,0.2
7493,3297,171,1,14.73,0.05
7494,3297,123,1,840.94,0.0
7495,3298,220,1,475.38,0.0
7496,3299,193,1,351.11,0.05
7497,3299,294,1,141.94,0.0
7498,3299,220,-1,475.38,0.1
7499,3299,9,1,66.57,0.0
7500,3300,104,1,957.31,0.0
7501,3301,41,1,376.48,0.0
7502,3301,82,1,235.49,0.0
7503,3301,123,2,840.94,0.0
7504,3301,9,1,66.57,0.0
7505,3301,82,2,235.49,0.1
7506,3302,237,1,335.88,0.15
7507,3302,152,1,910.86,0.0
7508,3302,158,1,282.03,0.0
7509,3303,300,1,133.29,0.0
7510,3303,12,3,156.75,0.0
7511,3304,166,1,278.38,0.1
7512,3304,65,1,460.75,0.0
7513,3304,37,1,608.8,0.15
7514,3305,56,1,186.07,0.05
7515,3305,110,1,52.92,0.0
7516,3305,117,1,567.69,0.0
7517,3306,28,1,749.19,0.05
7518,3306,109,1,59.23,0.0
7519,3307,16,3,245.66,0.0
7520,3307,26,1,259.69,0.0
7521,3308,43,1,97.72,0.05
7522,3309,289,1,635.36,0.15
7523,3310,266,1,110.99,0.2
7524,3310,190,1,707.42,0.0
7525,3310,278,1,402.71,0.1
7526,3311,254,1,286.86,0.0
7527,3311,134,1,541.79,0.15
7528,3312,140,1,500.02,0.05
7529,3313,249,3,682.27,0.0
7530,3314,47,1,513.39,0.0
7531,3314,107,2,963.92,0.0
7532,3315,193,1,351.11,0.0
7533,3315,140,1,500.02,0.0
7534,3315,130,2,454.11,0.2
7535,3316,89,3,247.06,0.0
7536,3316,228,1,162.75,0.05
7537,3316,243,1,746.93,0.1
7538,3317,266,1,110.99,0.15
7539,3317,180,1,843.45,0.0
7540,3318,86,1,443.6,0.1
7541,3318,214,1,304.46,0.15
7542,3318,181,1,37.18,0.15
7543,3318,186,1,290.81,0.05
7544,3318,223,1,57.85,0.05
7545,3319,34,1,399.8,0.0
7546,3319,162,1,126.53,0.0
7547,3319,110,2,52.92,0.0
7548,3320,120,1,146.96,0.0
7549,3320,18,1,35.67,0.0
7550,3320,129,1,492.47,0.0
7552,3320,234,1,486.72,0.0
7553,3320,57,1,510.39,0.05
7554,3321,241,1,306.12,0.2
7555,3321,148,1,304.48,0.0
7556,3321,257,-1,8.4,0.0
7557,3321,11,2,216.27,0.0
7558,3321,25,1,282.92,0.05
7559,3322,24,1,696.97,0.2
7560,3322,173,1,587.7,0.0
7561,3322,215,1,501.1,0.0
7562,3322,69,1,274.11,0.05
7563,3323,117,1,567.69,0.0
7564,3324,226,1,211.98,0.0
7565,3324,258,1,626.09,0.0
7566,3324,183,3,942.96,0.1
7567,3325,276,1,341.21,0.0
7568,3326,120,1,146.96,0.05
7569,3327,144,1,299.76,0.0
7570,3328,136,3,974.39,0.05
7571,3329,227,1,192.19,0.0
7572,3329,263,1,222.36,0.0
7573,3330,232,1,71.83,0.05
7574,3330,53,1,192.38,0.05
7575,3331,100,1,283.25,0.0
7576,3331,17,1,953.82,0.0
7577,3332,8,1,295.82,0.0
7579,3333,236,1,55.21,0.0
7580,3333,208,1,260.07,0.15
7581,3334,276,1,341.21,0.0
7582,3334,17,2,953.82,0.05
7583,3335,274,3,528.78,0.05
7584,3335,256,1,537.93,0.05
7585,3336,97,1,628.48,0.0
7587,3337,194,1,222.76,0.0
7588,3337,130,3,454.11,0.0
7589,3337,92,1,148.78,0.05
7590,3338,268,2,23.79,0.1
7591,3338,285,2,667.54,0.1
7592,3339,15,1,536.46,0.2
7593,3340,49,3,850.7,0.1
7594,3340,146,1,443.54,0.0
7595,3340,63,1,430.39,0.05
7596,3340,92,1,148.78,0.05
7597,3341,163,1,598.68,0.0
7598,3341,120,1,146.96,0.0
7599,3341,91,3,369.86,0.0
7600,3342,25,1,282.92,0.0
7601,3342,77,1,103.53,0.05
7602,3343,9,1,66.57,0.0
7603,3343,210,1,177.09,0.2
7604,3343,119,1,519.85,0.1
7605,3343,21,1,614.24,0.0
7606,3344,154,1,115.68,0.1
7607,3344,113,1,55.28,0.0
7608,3344,263,1,222.36,0.05
7609,3345,196,1,518.75,0.0
7610,3346,115,1,251.88,0.1
7611,3347,92,1,148.78,0.05
7612,3348,277,1,437.32,0.15
7613,3348,62,1,244.7,0.0
7614,3348,19,1,727.02,0.0
7615,3348,44,1,6.81,0.0
7616,3349,1,1,433.54,0.0
7617,3349,92,2,148.78,0.1
7618,3349,46,2,397.56,0.15
7619,3349,166,2,278.38,0.05
7620,3349,156,1,372.8,0.0
7621,3350,55,1,395.52,0.05
7622,3351,223,1,57.85,0.2
7623,3351,150,1,182.12,0.15
7624,3351,155,1,607.36,0.15
7625,3352,75,1,299.66,0.0
7626,3352,281,1,146.98,0.0
7627,3353,234,1,486.72,0.2
7628,3353,65,1,460.75,0.2
7629,3353,180,1,843.45,0.05
7630,3353,49,2,850.7,0.0
7631,3353,37,2,608.8,0.0
7632,3354,296,1,361.73,0.0
7633,3355,235,1,370.09,0.0
7634,3355,281,1,146.98,0.2
7635,3355,60,1,148.68,0.15
7636,3356,138,1,54.35,0.0
7637,3357,32,1,338.4,0.1
7638,3358,59,1,287.12,0.0
7639,3359,243,-1,746.93,0.0
7640,3360,75,1,299.66,0.0
7641,3360,49,1,850.7,0.0
7642,3360,184,1,278.4,0.0
7643,3360,11,1,216.27,0.0
7644,3361,91,3,369.86,0.15
7645,3362,269,1,603.81,0.0
7646,3363,187,1,127.57,0.1
7647,3363,125,2,584.13,0.1
7648,3363,129,-1,492.47,0.0
7649,3364,9,1,66.57,0.0
7650,3364,45,1,511.39,0.0
7651,3364,51,2,863.34,0.15
7652,3365,263,1,222.36,0.05
7653,3366,211,1,943.9,0.0
7654,3366,165,2,605.76,0.0
7655,3366,156,-1,372.8,0.0
7656,3366,146,1,443.54,0.0
7657,3366,87,1,564.0,0.15
7658,3367,259,1,533.22,0.15
7659,3368,189,1,24.7,0.15
7660,3368,114,1,23.97,0.15
7661,3369,203,2,431.09,0.0
7662,3370,136,3,974.39,0.2
7663,3370,108,1,378.75,0.2
7664,3370,259,1,533.22,0.05
7665,3370,77,1,103.53,0.0
7666,3371,187,1,127.57,0.0
7667,3371,238,1,192.17,0.0
7668,3371,197,1,538.79,0.0
7669,3371,60,1,148.68,0.0
7670,3372,95,1,711.68,0.0
7671,3372,80,1,166.05,0.0
7672,3372,89,1,247.06,0.0
7673,3372,96,1,682.77,0.0
7674,3373,111,1,227.31,0.0
7675,3374,245,1,1160.3575,0.05
7676,3374,145,1,61.15,0.0
7677,3374,281,2,146.98,0.1
7678,3374,186,3,290.81,0.05
7679,3374,29,1,103.82,0.0
7680,3375,268,1,23.79,0.0
7681,3375,201,1,567.68,0.1
7682,3376,221,1,704.75,0.0
7683,3376,73,1,346.78,0.0
7684,3377,29,1,103.82,0.05
7685,3377,251,3,439.11,0.0
7686,3377,84,3,43.2,0.05
7687,3377,229,1,690.53,0.15
7688,3377,222,1,264.61,0.05
7689,3378,81,1,779.01,0.15
7690,3378,66,2,447.18,0.0
7691,3378,131,2,797.13,0.0
7692,3378,137,1,316.92,0.0
7693,3379,155,2,607.36,0.05
7694,3379,175,3,600.57,0.0
7695,3380,7,1,357.42,0.0
7696,3380,202,2,514.85,0.2
7697,3381,169,1,458.05,0.0
7698,3381,198,1,266.02,0.0
7699,3382,293,1,709.48,0.0
7700,3382,278,2,402.71,0.0
7701,3383,29,2,103.82,0.1
7702,3383,200,1,533.81,0.0
7703,3383,51,1,863.34,0.0
7704,3383,146,1,443.54,0.0
7705,3383,46,1,397.56,0.1
7706,3384,4,1,17.97,0.05
7707,3384,299,1,725.08,0.05
7708,3385,125,1,584.13,0.0
7709,3385,73,1,346.78,0.05
7710,3385,145,2,61.15,0.1
7711,3386,225,3,939.11,0.0
7712,3387,181,2,37.18,0.0
7713,3387,152,1,910.86,0.05
7714,3387,223,1,57.85,0.0
7715,3388,223,1,57.85,0.0
7716,3388,101,2,488.42,0.0
7717,3389,171,1,14.73,0.05
7718,3389,31,2,976.57,0.0
7719,3390,91,1,369.86,0.0
7720,3391,46,2,397.56,0.0
7721,3391,166,1,278.38,0.05
7722,3391,113,1,55.28,0.0
7723,3391,96,1,682.77,0.0
7724,3391,262,1,214.85,0.0
7725,3392,26,1,259.69,0.05
7726,3392,245,1,1160.3575,0.1
7727,3392,198,1,266.02,0.0
7728,3392,136,1,974.39,0.15
7729,3393,209,1,797.01,0.0
7730,3393,218,1,127.17,0.0
7731,3393,42,1,328.75,0.05
7732,3393,125,1,584.13,0.0
7733,3394,145,1,61.15,0.2
7734,3394,45,1,511.39,0.2
7735,3395,260,1,619.66,0.0
7736,3395,5,1,503.34,0.0
7737,3396,270,1,1160.3575,0.05
7738,3396,38,2,364.99,0.15
7739,3396,194,1,222.76,0.0
7740,3397,205,1,367.74,0.05
7741,3397,14,1,90.93,0.0
7742,3398,138,1,54.35,0.05
7743,3398,266,2,110.99,0.0
7744,3398,145,1,61.15,0.05
7745,3398,179,1,478.65,0.0
7746,3399,25,1,282.92,0.0
7747,3400,136,1,974.39,0.0
7748,3400,62,1,244.7,0.1
7749,3401,118,1,611.17,0.05
7750,3401,185,2,582.19,0.0
7751,3401,217,2,479.18,0.2
7752,3401,130,1,454.11,0.0
7753,3401,211,2,943.9,0.0
7754,3402,111,2,227.31,0.0
7755,3402,188,1,550.0,0.15
7756,3402,228,2,162.75,0.05
7757,3403,228,1,162.75,0.1
7758,3403,177,1,156.12,0.1
7759,3403,179,2,478.65,0.0
7760,3404,286,1,47.93,0.0
7761,3404,260,1,619.66,0.0
7762,3405,132,2,299.38,0.0
7763,3405,43,1,97.72,0.05
7764,3406,61,1,512.76,0.0
7765,3406,67,1,355.8,0.0
7766,3406,112,3,10.73,0.0
7767,3407,120,1,146.96,0.0
7768,3408,75,2,299.66,0.0
7769,3409,141,1,251.45,0.0
7770,3410,211,1,943.9,0.05
7771,3411,113,1,55.28,0.0
7772,3411,6,-1,531.19,0.0
7773,3412,252,2,274.43,0.0
7774,3413,69,1,274.11,0.0
7775,3414,227,1,192.19,0.1
7776,3415,206,1,612.54,0.05
7777,3416,85,1,530.7,0.05
7778,3417,116,1,862.37,0.0
7779,3417,291,1,19.78,0.05
7780,3417,157,1,701.5,0.15
7781,3418,186,1,290.81,0.15
7782,3419,162,1,126.53,0.0
7783,3419,265,1,839.64,0.2
7784,3420,45,-1,511.39,0.2
7785,3420,104,1,957.31,0.0
7786,3420,203,1,431.09,0.1
7787,3421,31,2,976.57,0.0
7788,3421,72,2,286.08,0.0
7789,3422,260,1,619.66,0.15
7790,3422,272,2,5.69,0.0
7791,3423,262,1,214.85,0.0
7792,3424,34,1,399.8,0.1
7793,3425,213,2,111.83,0.1
7794,3426,213,2,111.83,0.15
7795,3426,254,1,286.86,0.0
7796,3427,192,-1,697.79,0.15
7797,3427,181,1,37.18,0.0
7798,3428,235,1,370.09,0.0
7799,3428,37,2,608.8,0.05
7800,3428,180,2,843.45,0.05
7801,3429,287,1,754.14,0.0
7802,3430,220,1,475.38,0.05
7803,3430,137,1,316.92,0.05
7804,3431,91,2,369.86,0.0
7805,3431,10,1,309.24,0.0
7806,3431,293,2,709.48,0.0
7807,3431,222,1,264.61,0.1
7808,3431,29,1,103.82,0.0
7810,3432,43,1,97.72,0.1
7811,3432,151,1,625.19,0.0
7812,3432,100,1,283.25,0.05
7813,3432,122,1,607.34,0.1
7814,3433,209,3,797.01,0.05
7815,3433,66,1,447.18,0.0
7816,3433,199,1,51.0,0.2
7817,3434,261,2,429.63,0.0
7818,3435,283,1,680.49,0.0
7819,3436,179,3,478.65,0.0
7820,3437,272,3,5.69,0.0
7821,3437,64,1,29.71,0.0
7822,3437,111,1,227.31,0.0
7823,3437,102,2,396.98,0.0
7824,3438,105,2,375.87,0.0
7825,3439,249,1,682.27,0.0
7826,3439,58,3,87.55,0.0
7827,3439,21,2,614.24,0.0
7828,3440,241,2,306.12,0.0
7829,3441,196,3,518.75,0.0
7830,3441,161,2,68.77,0.0
7831,3441,145,1,61.15,0.1
7832,3442,295,2,139.02,0.0
7833,3442,160,1,150.1,0.15
7834,3442,62,1,244.7,0.0
7835,3442,162,3,126.53,0.0
7836,3443,50,2,240.1,0.2
7837,3444,27,1,686.85,0.0
7838,3444,295,1,139.02,0.0
7839,3444,242,1,166.1,0.0
7840,3445,256,1,537.93,0.0
7841,3445,252,1,274.43,0.0
7842,3446,58,1,87.55,0.0
7843,3446,249,1,682.27,0.2
7844,3447,210,2,177.09,0.0
7845,3447,83,1,243.1,0.0
7846,3448,51,1,863.34,0.0
7847,3448,187,1,127.57,0.0
7848,3448,237,1,335.88,0.05
7850,3448,286,1,47.93,0.0
7851,3448,109,1,59.23,0.05
7852,3449,125,1,584.13,0.0
7853,3450,21,1,614.24,0.0
7854,3450,283,1,680.49,0.0
7855,3450,283,1,680.49,0.05
7856,3450,181,1,37.18,0.0
7857,3450,278,1,402.71,0.1
7858,3451,282,1,280.61,0.05
7859,3451,284,1,228.9,0.05
7860,3451,4,1,17.97,0.1
7861,3451,83,1,243.1,0.0
7862,3452,257,1,8.4,0.1
7863,3453,91,1,369.86,0.0
7864,3453,3,1,978.72,0.0
7865,3453,79,2,308.93,0.1
7866,3454,221,1,704.75,0.1
7867,3455,272,1,5.69,0.0
7868,3456,77,2,103.53,0.0
7869,3456,36,1,749.87,0.0
7870,3456,95,3,711.68,0.0
7871,3457,40,1,171.89,0.0
7872,3457,102,1,396.98,0.1
7873,3457,213,1,111.83,0.0
7874,3458,25,1,282.92,0.05
7875,3459,259,1,533.22,0.1
7876,3460,83,1,243.1,0.0
7877,3461,267,1,253.7,0.0
7878,3462,225,1,939.11,0.0
7879,3462,124,1,640.23,0.15
7880,3463,131,1,797.13,0.0
7881,3464,290,1,908.96,0.0
7882,3465,82,1,235.49,0.15
7883,3466,182,1,500.91,0.0
7884,3466,158,1,282.03,0.0
7885,3466,296,2,361.73,0.15
7886,3467,139,2,835.42,0.2
7887,3467,189,1,24.7,0.0
7888,3467,52,1,12.48,0.0
7889,3467,242,-1,166.1,0.0
7890,3467,242,1,166.1,0.15
7891,3468,18,1,35.67,0.1
7892,3469,200,1,533.81,0.1
7893,3470,288,1,515.26,0.0
7894,3470,1,1,433.54,0.0
7895,3470,239,1,517.8,0.0
7896,3470,269,1,603.81,0.0
7897,3470,135,1,550.83,0.05
7898,3471,177,1,156.12,0.2
7899,3471,117,1,567.69,0.15
7900,3472,82,1,235.49,0.0
7901,3472,46,1,397.56,0.0
7902,3473,54,1,679.71,0.1
7903,3474,237,1,335.88,0.0
7904,3474,85,1,530.7,0.0
7905,3475,25,2,282.92,0.0
7906,3475,213,3,111.83,0.05
7907,3476,1,1,433.54,0.0
7908,3477,267,2,253.7,0.0
7909,3477,287,1,754.14,0.0
7910,3477,59,1,287.12,0.0
7911,3477,62,1,244.7,0.05
7912,3478,226,2,211.98,0.0
7913,3478,169,3,458.05,0.1
7914,3479,270,-1,1160.3575,0.0
7915,3480,128,2,686.4,0.2
7916,3481,184,1,278.4,0.1
7917,3481,16,1,245.66,0.0
7918,3481,262,1,214.85,0.0
7919,3481,42,1,328.75,0.0
7920,3482,218,1,127.17,0.0
7921,3483,230,1,829.69,0.0
7922,3483,239,1,517.8,0.0
7923,3484,108,1,378.75,0.0
7924,3484,286,1,47.93,0.0
7925,3484,117,1,567.69,0.0
7926,3485,57,1,510.39,0.0
7927,3485,260,1,619.66,0.1
7928,3486,231,1,410.59,0.2
7929,3487,60,2,148.68,0.0
7930,3487,215,1,501.1,0.0
7931,3488,94,2,514.73,0.0
7932,3489,251,1,439.11,0.0
7933,3489,127,1,111.4,0.0
7934,3490,32,1,338.4,0.2
7935,3491,63,1,430.39,0.0
7936,3492,293,3,709.48,0.0
7937,3493,196,1,518.75,0.0
7938,3493,274,3,528.78,0.0
7939,3494,72,2,286.08,0.0
7940,3495,217,2,479.18,0.15
7941,3496,297,1,89.43,0.0
7942,3497,254,-1,286.86,0.0
7943,3497,83,1,243.1,0.0
7944,3498,70,1,402.01,0.0
7945,3498,34,1,399.8,0.05
7946,3499,25,1,282.92,0.1
7947,3499,232,1,71.83,0.05
7948,3499,9,1,66.57,0.2
7949,3499,40,1,171.89,0.0
7950,3500,148,2,304.48,0.0
7951,3500,287,1,754.14,0.0
7952,3500,252,1,274.43,0.2
7953,3501,223,1,57.85,0.0
7954,3502,48,1,231.62,0.0
7955,3502,300,1,133.29,0.1
7956,3502,159,1,818.3,0.15
7957,3502,194,1,222.76,0.1
7958,3503,191,3,457.7,0.15
7959,3503,139,-1,835.42,0.0
7960,3503,26,1,259.69,0.0
7961,3504,288,1,515.26,0.0
7962,3504,243,1,746.93,0.0
7963,3505,114,1,23.97,0.0
7964,3505,175,1,600.57,0.0
7965,3506,142,1,717.32,0.0
7966,3506,60,1,148.68,0.0
7968,3507,217,1,479.18,0.0
7969,3507,136,1,974.39,0.0
7970,3507,203,1,431.09,0.1
7971,3508,66,1,447.18,0.0
7972,3509,168,-1,649.6,0.05
7973,3509,244,1,263.25,0.0
7974,3510,122,1,607.34,0.0
7975,3511,185,1,582.19,0.2
7976,3511,70,1,402.01,0.0
7977,3511,64,3,29.71,0.1
7978,3511,64,1,29.71,0.0
7979,3512,254,1,286.86,0.1
7980,3513,115,1,251.88,0.0
7981,3514,141,3,251.45,0.0
7982,3514,71,1,362.18,0.0
7983,3515,121,1,183.38,0.0
7984,3516,52,1,12.48,0.15
7985,3517,37,2,608.8,0.0
7986,3517,260,2,619.66,0.05
7987,3517,264,2,16.2,0.05
7988,3518,88,1,275.21,0.2
7989,3518,253,1,621.95,0.0
7990,3518,117,1,567.69,0.1
7991,3519,91,1,369.86,0.0
7992,3519,189,2,24.7,0.0
7993,3519,139,2,835.42,0.0
7994,3520,251,1,439.11,0.0
7995,3520,119,1,519.85,0.1
7996,3520,104,1,957.31,0.0
7997,3520,230,1,829.69,0.1
7998,3521,40,1,171.89,0.15
7999,3522,196,1,518.75,0.05
8000,3523,246,1,574.84,0.05
8001,3524,203,1,431.09,0.05
8002,3525,157,1,701.5,0.1
8003,3525,125,1,584.13,0.0
8004,3525,226,1,211.98,0.05
8005,3526,277,-1,437.32,0.1
8006,3527,285,1,667.54,0.05
8007,3527,1,2,433.54,0.0
8008,3528,261,2,429.63,0.0
8009,3528,51,1,863.34,0.05
8010,3528,294,2,141.94,0.0
8011,3529,270,2,1160.3575,0.0
8012,3529,126,1,240.49,0.0
8013,3530,65,1,460.75,0.15
8014,3531,122,1,607.34,0.2
8015,3532,159,2,818.3,0.1
8016,3532,174,1,864.84,0.05
8017,3533,213,2,111.83,0.15
8018,3534,8,1,295.82,0.0
8019,3535,259,2,533.22,0.0
8020,3535,98,3,71.96,0.0
8021,3535,137,1,316.92,0.0
8022,3536,114,1,23.97,0.0
8023,3536,160,2,150.1,0.05
8024,3537,44,1,6.81,0.2
8025,3538,49,1,850.7,0.2
8026,3539,264,1,16.2,0.0
8027,3539,80,1,166.05,0.0
8028,3540,124,1,640.23,0.0
8029,3540,159,1,818.3,0.0
8030,3540,143,1,421.93,0.15
8031,3541,247,2,708.26,0.0
8032,3541,7,1,357.42,0.0
8033,3541,117,2,567.69,0.2
8034,3541,191,1,457.7,0.05
8035,3542,147,1,517.03,0.15
8036,3542,213,1,111.83,0.2
8037,3542,224,1,23.12,0.0
8038,3542,197,1,538.79,0.0
8039,3542,239,1,517.8,0.1
8040,3543,107,1,963.92,0.0
8041,3544,74,1,171.2,0.1
8042,3545,70,1,402.01,0.2
8043,3545,68,1,133.13,0.0
8044,3546,141,3,251.45,0.0
8045,3547,232,1,71.83,0.05
8046,3547,78,1,213.82,0.0
8047,3547,155,1,607.36,0.0
8048,3548,52,1,12.48,0.0
8049,3549,285,1,667.54,0.05
8050,3549,53,1,192.38,0.15
8051,3549,219,1,211.99,0.0
8052,3550,220,1,475.38,0.15
8053,3550,21,1,614.24,0.2
8054,3551,279,1,226.81,0.05
8055,3551,240,1,555.47,0.0
8056,3551,286,-1,47.93,0.0
8057,3551,252,1,274.43,0.0
8058,3551,82,-1,235.49,0.05
8059,3552,24,3,696.97,0.0
8060,3553,173,2,587.7,0.1
8061,3553,254,1,286.86,0.0
8062,3554,103,1,456.96,0.1
8063,3555,185,2,582.19,0.0
8064,3555,159,1,818.3,0.0
8065,3555,174,1,864.84,0.1
8066,3555,249,1,682.27,0.0
8067,3556,28,1,749.19,0.0
8068,3556,139,1,835.42,0.0
8069,3556,17,1,953.82,0.2
8070,3557,206,1,612.54,0.1
8071,3558,34,2,399.8,0.0
8072,3558,285,1,667.54,0.15
8073,3558,253,2,621.95,0.1
8075,3559,106,2,150.04,0.05
8076,3559,106,1,150.04,0.05
8077,3560,202,1,514.85,0.0
8078,3560,29,1,103.82,0.1
8079,3561,215,2,501.1,0.0
8080,3561,227,1,192.19,0.0
8081,3561,138,2,54.35,0.05
8082,3561,173,1,587.7,0.1
8083,3562,35,1,425.48,0.0
8084,3563,78,1,213.82,0.0
8085,3563,173,3,587.7,0.0
8086,3563,55,1,395.52,0.0
8087,3564,13,1,152.16,0.0
8088,3564,46,1,397.56,0.0
8089,3565,103,1,456.96,0.1
8090,3566,198,1,266.02,0.0
8091,3566,262,1,214.85,0.0
8092,3566,213,3,111.83,0.1
8093,3567,56,1,186.07,0.0
8094,3567,10,1,309.24,0.05
8095,3567,293,1,709.48,0.05
8096,3567,15,1,536.46,0.05
8097,3567,51,1,863.34,0.0
8098,3568,136,3,974.39,0.0
8099,3568,35,1,425.48,0.0
8100,3568,179,1,478.65,0.1
8101,3568,10,2,309.24,0.05
8102,3568,58,1,87.55,0.05
8103,3569,286,1,47.93,0.0
8104,3569,204,1,578.66,0.0
8105,3569,171,1,14.73,0.0
8106,3570,16,1,245.66,0.15
8107,3570,141,1,251.45,0.0
8108,3571,177,2,156.12,0.0
8109,3571,38,1,364.99,0.15
8110,3572,20,2,548.49,0.05
8111,3572,231,3,410.59,0.0
8112,3572,53,1,192.38,0.0
8113,3573,258,1,626.09,0.0
8114,3573,201,1,567.68,0.05
8115,3573,108,1,378.75,0.0
8116,3573,300,1,133.29,0.0
8117,3573,262,1,214.85,0.0
8118,3574,176,1,199.39,0.0
8119,3574,63,3,430.39,0.0
8120,3575,298,1,238.39,0.05
8121,3575,5,1,503.34,0.05
8122,3576,90,1,219.22,0.05
8123,3577,142,1,717.32,0.05
8124,3577,289,1,635.36,0.0
8125,3577,262,1,214.85,0.0
8126,3577,293,2,709.48,0.0
8127,3578,4,1,17.97,0.0
8128,3579,279,1,226.81,0.1
8129,3579,140,1,500.02,0.0
8130,3580,18,3,35.67,0.0
8131,3580,266,1,110.99,0.0
8132,3581,285,1,667.54,0.0
8133,3581,180,1,843.45,0.05
8134,3582,223,1,57.85,0.0
8135,3582,233,1,82.49,0.0
8136,3582,290,3,908.96,0.0
8137,3583,265,1,839.64,0.0
8138,3583,89,1,247.06,0.0
8139,3584,141,1,251.45,0.0
8140,3584,212,2,445.65,0.0
8141,3584,53,1,192.38,0.0
8142,3585,11,2,216.27,0.0
8143,3586,184,1,278.4,0.1
8144,3586,173,-1,587.7,0.0
8145,3587,161,1,68.77,0.0
8146,3587,118,1,611.17,0.0
8147,3588,113,1,55.28,0.1
8148,3588,39,1,412.64,0.0
8149,3589,140,1,500.02,0.2
8150,3589,43,1,97.72,0.0
8151,3590,48,1,231.62,0.15
8152,3591,193,1,351.11,0.05
8153,3591,167,1,39.88,0.1
8154,3592,25,1,282.92,0.1
8155,3592,101,1,488.42,0.15
8156,3592,177,1,156.12,0.1
8157,3592,36,1,749.87,0.05
8158,3593,219,1,211.99,0.0
8159,3594,230,1,829.69,0.0
8160,3594,23,3,235.35,0.2
8161,3594,287,1,754.14,0.0
8162,3594,94,1,514.73,0.0
8163,3594,268,1,23.79,0.0
8164,3595,254,1,286.86,0.0
8165,3596,214,1,304.46,0.1
8166,3596,88,1,275.21,0.0
8167,3596,87,2,564.0,0.0
8168,3597,267,1,253.7,0.15
8169,3598,54,-1,679.71,0.2
8170,3598,55,1,395.52,0.1
8171,3599,29,1,103.82,0.0
8172,3599,227,2,192.19,0.1
8173,3599,50,1,240.1,0.15
8174,3600,219,2,211.99,0.1
8175,3601,296,2,361.73,0.0
8176,3601,235,1,370.09,0.1
8177,3601,74,1,171.2,0.0
8178,3602,237,1,335.88,0.15
8179,3602,249,2,682.27,0.0
8180,3602,70,1,402.01,0.1
8181,3603,202,1,514.85,0.0
8182,3603,155,1,607.36,0.0
8183,3603,188,1,550.0,0.05
8184,3603,45,1,511.39,0.0
8185,3603,93,1,98.57,0.0
8186,3604,275,1,82.62,0.05
8187,3605,121,-1,183.38,0.05
8188,3606,198,1,266.02,0.05
8189,3606,18,1,35.67,0.0
8190,3606,24,2,696.97,0.0
8191,3606,248,1,75.61,0.15
8192,3606,12,1,156.75,0.0
8193,3607,84,1,43.2,0.05
8194,3608,156,1,372.8,0.15
8195,3609,260,-1,619.66,0.05
8196,3610,41,2,376.48,0.1
8197,3610,244,1,263.25,0.0
8198,3610,208,1,260.07,0.0
8199,3610,221,2,704.75,0.0
8200,3610,195,1,132.26,0.0
8201,3611,187,1,127.57,0.0
8202,3612,72,1,286.08,0.0
8203,3612,228,2,162.75,0.2
8204,3612,207,2,518.71,0.0
8205,3613,77,1,103.53,0.0
8206,3613,267,1,253.7,0.0
8207,3613,144,1,299.76,0.0
8208,3613,58,1,87.55,0.0
8209,3613,194,1,222.76,0.0
8210,3614,258,1,626.09,0.0
8211,3614,188,1,550.0,0.1
8212,3614,65,2,460.75,0.15
8213,3615,260,1,619.66,0.05
8214,3615,289,1,635.36,0.0
8215,3615,297,1,89.43,0.0
8216,3616,69,1,274.11,0.0
8217,3617,162,1,126.53,0.15
8218,3617,291,2,19.78,0.05
8219,3618,158,-1,282.03,0.0
8220,3618,231,1,410.59,0.0
8221,3619,138,1,54.35,0.0
8222,3619,38,1,364.99,0.15
8223,3620,158,1,282.03,0.0
8224,3620,129,-1,492.47,0.0
8225,3621,254,1,286.86,0.0
8226,3621,182,2,500.91,0.0
8227,3621,39,1,412.64,0.1
8228,3622,187,1,127.57,0.2
8229,3622,112,1,10.73,0.0
8230,3622,117,1,567.69,0.0
8231,3622,151,1,625.19,0.2
8232,3623,94,1,514.73,0.0
8233,3623,265,1,839.64,0.0
8234,3623,133,1,479.79,0.0
8235,3623,28,2,749.19,0.0
8236,3624,12,1,156.75,0.15
8237,3625,147,1,517.03,0.05
8238,3625,140,2,500.02,0.0
8239,3625,190,-1,707.42,0.0
8240,3626,294,1,141.94,0.0
8241,3626,292,1,425.68,0.0
8242,3627,166,1,278.38,0.2
8243,3628,78,1,213.82,0.2
8244,3628,217,1,479.18,0.0
8245,3628,193,1,351.11,0.0
8246,3629,268,1,23.79,0.0
8247,3629,200,1,533.81,0.05
8248,3629,196,1,518.75,0.0
8249,3629,60,1,148.68,0.1
8250,3630,88,3,275.21,0.05
8251,3630,249,1,682.27,0.0
8252,3630,243,2,746.93,0.0
8253,3630,33,1,217.73,0.05
8254,3630,277,1,437.32,0.15
8255,3631,52,1,12.48,0.0
8256,3631,43,1,97.72,0.05
8257,3632,118,3,611.17,0.0
8258,3632,148,1,304.48,0.1
8259,3632,92,3,148.78,0.0
8260,3633,2,1,807.37,0.0
8261,3633,156,1,372.8,0.1
8262,3633,68,1,133.13,0.0
8263,3633,193,2,351.11,0.1
8264,3634,47,1,513.39,0.0
8265,3634,184,1,278.4,0.0
8266,3634,149,1,382.77,0.0
8267,3635,15,1,536.46,0.15
8268,3636,49,2,850.7,0.0
8269,3637,156,1,372.8,0.0
8270,3638,189,1,24.7,0.0
8271,3638,289,1,635.36,0.05
8272,3639,178,2,563.12,0.1
8273,3639,30,1,477.17,0.0
8274,3639,146,2,443.54,0.0
8275,3639,75,1,299.66,0.0
8276,3640,211,1,943.9,0.05
8277,3640,168,1,649.6,0.15
8278,3640,47,1,513.39,0.0
8279,3641,293,1,709.48,0.0
8280,3642,255,1,249.2,0.05
8281,3643,97,1,628.48,0.0
8282,3643,210,2,177.09,0.05
8283,3644,4,1,17.97,0.0
8284,3644,15,1,536.46,0.0
8285,3645,200,2,533.81,0.1
8286,3645,69,1,274.11,0.0
8287,3645,120,1,146.96,0.1
8288,3646,84,1,43.2,0.0
8289,3647,261,1,429.63,0.2
8290,3648,223,1,57.85,0.0
8291,3648,270,1,1160.3575,0.0
8292,3648,230,1,829.69,0.0
8293,3648,145,2,61.15,0.0
8294,3649,21,1,614.24,0.0
8295,3649,158,2,282.03,0.2
8296,3649,250,1,1160.3575,0.0
8297,3650,95,1,711.68,0.05
8298,3650,299,1,725.08,0.15
8299,3650,41,-1,376.48,0.1
8300,3650,215,1,501.1,0.0
8301,3651,14,1,90.93,0.0
8302,3651,292,1,425.68,0.0
8303,3651,198,2,266.02,0.0
8304,3651,174,1,864.84,0.2
8305,3652,80,1,166.05,0.1
8306,3652,243,1,746.93,0.0
8307,3652,252,1,274.43,0.05
8308,3652,81,2,779.01,0.0
8309,3653,215,1,501.1,0.0
8310,3653,98,2,71.96,0.05
8311,3653,120,1,146.96,0.1
8312,3653,292,1,425.68,0.1
8313,3654,116,1,862.37,0.1
8314,3655,251,1,439.11,0.0
8315,3655,70,1,402.01,0.0
8316,3656,42,1,328.75,0.0
8317,3657,71,1,362.18,0.0
8318,3658,72,2,286.08,0.0
8319,3658,94,-1,514.73,0.0
8320,3659,250,1,1160.3575,0.0
8321,3659,259,2,533.22,0.0
8322,3660,30,2,477.17,0.05
8323,3660,15,1,536.46,0.0
8324,3661,189,1,24.7,0.0
8325,3662,163,1,598.68,0.2
8326,3663,96,1,682.77,0.0
8327,3664,107,1,963.92,0.0
8328,3664,300,1,133.29,0.05
8329,3665,81,1,779.01,0.1
8330,3665,148,1,304.48,0.0
8331,3665,147,1,517.03,0.0
8332,3666,186,2,290.81,0.0
8333,3667,32,1,338.4,0.0
8334,3667,130,1,454.11,0.05
8335,3667,285,1,667.54,0.05
8336,3668,107,1,963.92,0.1
8337,3668,96,1,682.77,0.1
8338,3668,232,1,71.83,0.0
8339,3669,76,2,938.11,0.05
8340,3669,128,1,686.4,0.0
8341,3670,146,2,443.54,0.1
8342,3670,281,1,146.98,0.0
8343,3670,5,1,503.34,0.0
8344,3670,126,2,240.49,0.1
8345,3671,40,1,171.89,0.0
8346,3671,194,1,222.76,0.15
8347,3672,220,1,475.38,0.0
8348,3673,154,1,115.68,0.0
8349,3674,95,1,711.68,0.05
8350,3675,96,1,682.77,0.0
8351,3676,18,1,35.67,0.0
8352,3677,266,1,110.99,0.0
8353,3677,160,1,150.1,0.0
8354,3678,248,1,75.61,0.0
8355,3678,277,1,437.32,0.0
8356,3679,98,1,71.96,0.1
8357,3679,73,1,346.78,0.0
8358,3679,63,1,430.39,0.0
8359,3679,129,1,492.47,0.05
8360,3680,90,1,219.22,0.05
8361,3680,237,3,335.88,0.15
8362,3681,119,1,519.85,0.0
8363,3681,243,2,746.93,0.0
8364,3682,117,1,567.69,0.1
8366,3682,298,2,238.39,0.15
8367,3683,146,1,443.54,0.0
8368,3683,244,2,263.25,0.2
8369,3684,180,1,843.45,0.15
8370,3684,15,2,536.46,0.0
8371,3685,90,1,219.22,0.0
8372,3686,174,2,864.84,0.0
8373,3686,207,1,518.71,0.0
8374,3686,65,1,460.75,0.0
8375,3686,220,1,475.38,0.0
8376,3687,121,1,183.38,0.0
8377,3687,59,3,287.12,0.0
8378,3688,238,-1,192.17,0.0
8379,3689,177,1,156.12,0.2
8380,3689,63,2,430.39,0.0
8381,3690,281,1,146.98,0.05
8382,3690,194,1,222.76,0.1
8383,3691,132,1,299.38,0.0
8384,3691,164,3,446.58,0.15
8385,3691,67,1,355.8,0.0
8386,3691,75,1,299.66,0.0
8387,3692,106,1,150.04,0.15
8388,3693,232,1,71.83,0.1
8389,3694,184,-1,278.4,0.0
8390,3695,102,1,396.98,0.1
8391,3695,188,3,550.0,0.05
8392,3696,80,1,166.05,0.1
8394,3696,106,1,150.04,0.0
8395,3696,255,1,249.2,0.05
8396,3697,181,1,37.18,0.0
8397,3698,15,2,536.46,0.0
8398,3698,95,1,711.68,0.05
8399,3698,41,-1,376.48,0.0
8400,3699,261,2,429.63,0.1
8401,3699,236,2,55.21,0.0
8402,3699,280,3,121.8,0.0
8403,3699,263,1,222.36,0.0
8404,3699,192,1,697.79,0.05
8405,3700,199,1,51.0,0.0
8406,3700,82,1,235.49,0.0
8407,3701,131,2,797.13,0.0
8408,3702,12,1,156.75,0.0
8409,3703,258,1,626.09,0.0
8410,3704,64,1,29.71,0.2
8411,3705,78,1,213.82,0.0
8412,3706,125,1,584.13,0.2
8413,3707,182,1,500.91,0.0
8414,3707,99,2,496.87,0.0
8415,3707,47,1,513.39,0.0
8416,3707,180,-1,843.45,0.0
8417,3707,128,2,686.4,0.15
8418,3708,285,1,667.54,0.0
8419,3708,36,1,749.87,0.2
8420,3709,3,1,978.72,0.0
8421,3709,71,1,362.18,0.1
8422,3710,100,1,283.25,0.1
8423,3710,120,1,146.96,0.2
8424,3711,296,1,361.73,0.0
8425,3711,250,1,1160.3575,0.0
8426,3712,79,1,308.93,0.0
8427,3713,52,1,12.48,0.0
8428,3713,1,1,433.54,0.0
8429,3713,82,1,235.49,0.0
8430,3713,77,1,103.53,0.0
8431,3713,70,1,402.01,0.0
8432,3714,26,1,259.69,0.0
8433,3714,228,1,162.75,0.0
8434,3715,175,1,600.57,0.15
8435,3715,205,2,367.74,0.15
8436,3715,31,1,976.57,0.1
8437,3716,262,1,214.85,0.1
8438,3716,235,1,370.09,0.1
8439,3716,293,1,709.48,0.15
8440,3717,265,2,839.64,0.0
8441,3718,147,3,517.03,0.15
8442,3718,253,1,621.95,0.2
8443,3718,189,1,24.7,0.0
8444,3719,213,2,111.83,0.1
8445,3719,27,1,686.85,0.0
8446,3719,126,2,240.49,0.0
8447,3720,293,1,709.48,0.05
8448,3721,56,1,186.07,0.0
8449,3721,228,1,162.75,0.0
8450,3721,210,1,177.09,0.1
8451,3721,65,1,460.75,0.15
8452,3721,7,2,357.42,0.0
8453,3722,222,1,264.61,0.0
8454,3722,183,1,942.96,0.05
8455,3723,209,2,797.01,0.0
8456,3723,4,1,17.97,0.0
8457,3723,163,1,598.68,0.0
8458,3723,130,1,454.11,0.1
8459,3723,105,1,375.87,0.0
8460,3724,117,1,567.69,0.05
8461,3724,86,1,443.6,0.0
8462,3724,67,1,355.8,0.0
8463,3725,269,3,603.81,0.05
8464,3726,279,1,226.81,0.05
8465,3726,176,2,199.39,0.0
8466,3726,256,1,537.93,0.0
8467,3727,32,2,338.4,0.0
8468,3728,59,1,287.12,0.0
8469,3728,99,1,496.87,0.0
8470,3729,14,1,90.93,0.2
8471,3730,125,3,584.13,0.0
8472,3730,250,1,1160.3575,0.05
8473,3731,300,3,133.29,0.05
8474,3732,172,1,104.56,0.0
8475,3733,27,1,686.85,0.0
8476,3733,20,1,548.49,0.0
8477,3734,277,2,437.32,0.05
8478,3734,150,3,182.12,0.0
8479,3734,101,1,488.42,0.0
8480,3734,294,2,141.94,0.0
8481,3735,233,1,82.49,0.0
8482,3736,240,1,555.47,0.0
8483,3736,230,1,829.69,0.0
8484,3737,94,3,514.73,0.0
8485,3738,60,1,148.68,0.05
8486,3739,8,1,295.82,0.0
8487,3739,298,1,238.39,0.2
8488,3739,130,1,454.11,0.0
8489,3739,260,3,619.66,0.05
8490,3740,179,1,478.65,0.15
8491,3740,114,1,23.97,0.1
8492,3741,299,3,725.08,0.1
8493,3741,208,1,260.07,0.1
8494,3742,166,2,278.38,0.05
8495,3742,68,1,133.13,0.0
8496,3742,226,2,211.98,0.1
8497,3742,94,1,514.73,0.0
8498,3743,212,1,445.65,0.1
8499,3743,217,1,479.18,0.2
8500,3743,288,1,515.26,0.1
8501,3744,15,2,536.46,0.0
8502,3744,165,1,605.76,0.0
8503,3745,60,3,148.68,0.15
8504,3746,135,1,550.83,0.0
8505,3747,175,1,600.57,0.0
8506,3748,180,1,843.45,0.0
8507,3749,276,1,341.21,0.1
8508,3750,148,1,304.48,0.15
8509,3750,5,1,503.34,0.0
8510,3750,152,1,910.86,0.0
8511,3750,103,1,456.96,0.0
8512,3751,271,1,756.22,0.05
8513,3751,227,1,192.19,0.0
8514,3751,82,1,235.49,0.0
8515,3751,157,1,701.5,0.0
8516,3752,267,1,253.7,0.0
8517,3752,241,2,306.12,0.1
8519,3753,130,1,454.11,0.0
8520,3754,49,1,850.7,0.0
8521,3754,179,1,478.65,0.05
8522,3755,160,1,150.1,0.05
8523,3755,214,1,304.46,0.0
8524,3756,236,1,55.21,0.05
8525,3756,174,3,864.84,0.0
8526,3756,148,2,304.48,0.0
8527,3757,294,1,141.94,0.0
8528,3758,209,1,797.01,0.05
8529,3759,72,1,286.08,0.0
8530,3760,258,1,626.09,0.0
8531,3760,260,1,619.66,0.1
8532,3761,167,2,39.88,0.0
8533,3761,271,1,756.22,0.0
8534,3762,242,1,166.1,0.0
8535,3762,66,1,447.18,0.0
8536,3762,2,1,807.37,0.1
8537,3763,5,1,503.34,0.0
8538,3763,71,1,362.18,0.2
8539,3763,243,2,746.93,0.05
8540,3763,223,1,57.85,0.05
8541,3764,13,2,152.16,0.0
8542,3765,72,1,286.08,0.0
8543,3766,227,1,192.19,0.05
8544,3767,137,1,316.92,0.0
8545,3767,225,3,939.11,0.0
8546,3767,109,1,59.23,0.0
8547,3768,268,1,23.79,0.15
8548,3768,243,1,746.93,0.0
8549,3768,231,2,410.59,0.05
8550,3768,5,2,503.34,0.0
8551,3768,18,1,35.67,0.0
8552,3769,65,1,460.75,0.05
8553,3770,219,1,211.99,0.0
8554,3770,222,1,264.61,0.0
8555,3770,266,1,110.99,0.0
8556,3770,37,1,608.8,0.0
8557,3770,278,1,402.71,0.0
8558,3771,113,2,55.28,0.0
8559,3771,50,1,240.1,0.0
8560,3771,12,2,156.75,0.1
8561,3771,125,1,584.13,0.0
8562,3772,170,2,723.66,0.0
8563,3773,125,1,584.13,0.0
8564,3773,257,2,8.4,0.0
8565,3773,52,3,12.48,0.0
8566,3774,276,1,341.21,0.0
8567,3775,73,1,346.78,0.1
8568,3775,210,1,177.09,0.15
8569,3775,288,1,515.26,0.0
8570,3776,6,1,531.19,0.0
8571,3776,87,1,564.0,0.2
8572,3777,174,1,864.84,0.05
8573,3778,210,-1,177.09,0.0
8574,3778,219,1,211.99,0.0
8575,3779,24,1,696.97,0.15
8576,3779,250,1,1160.3575,0.2
8577,3779,179,1,478.65,0.05
8578,3780,195,1,132.26,0.0
8579,3780,292,1,425.68,0.05
8580,3780,219,1,211.99,0.2
8582,3780,134,3,541.79,0.2
8583,3781,179,3,478.65,0.0
8584,3782,64,1,29.71,0.05
8585,3782,91,1,369.86,0.0
8586,3782,64,1,29.71,0.0
8587,3783,113,3,55.28,0.0
8588,3783,28,1,749.19,0.15
8589,3784,46,1,397.56,0.05
8590,3785,37,1,608.8,0.1
8591,3786,214,1,304.46,0.0
8592,3787,273,1,560.24,0.0
8593,3788,266,1,110.99,0.1
8594,3789,246,1,574.84,0.0
8595,3789,52,1,12.48,0.0
8596,3789,149,1,382.77,0.0
8597,3790,155,1,607.36,0.0
8598,3790,21,1,614.24,0.0
8599,3790,127,1,111.4,0.0
8600,3791,292,1,425.68,0.0
8601,3791,72,1,286.08,0.05
8602,3792,272,1,5.69,0.1
8603,3793,281,1,146.98,0.1
8604,3793,68,2,133.13,0.0
8605,3794,62,1,244.7,0.0
8606,3794,47,1,513.39,0.0
8607,3794,100,1,283.25,0.15
8608,3794,230,-1,829.69,0.0
8609,3795,286,3,47.93,0.1
8610,3795,197,1,538.79,0.0
8611,3796,15,1,536.46,0.0
8612,3796,87,1,564.0,0.0
8613,3797,177,1,156.12,0.05
8614,3797,193,1,351.11,0.0
8615,3797,43,1,97.72,0.1
8616,3797,51,1,863.34,0.0
8617,3798,212,1,445.65,0.05
8618,3798,233,1,82.49,0.0
8619,3799,266,1,110.99,0.05
8620,3799,209,1,797.01,0.0
8621,3799,112,-1,10.73,0.05
8622,3800,27,1,686.85,0.0
8623,3801,81,1,779.01,0.15
8624,3801,123,1,840.94,0.1
8625,3801,244,2,263.25,0.0
8626,3802,230,1,829.69,0.15
8627,3802,93,1,98.57,0.2
8628,3802,234,1,486.72,0.0
8629,3803,51,1,863.34,0.2
8630,3803,32,1,338.4,0.0
8631,3803,31,2,976.57,0.05
8632,3803,93,1,98.57,0.05
8633,3804,25,1,282.92,0.0
8634,3804,110,1,52.92,0.0
8635,3804,73,2,346.78,0.0
8636,3805,115,-1,251.88,0.0
8637,3805,125,1,584.13,0.0
8638,3806,224,1,23.12,0.0
8639,3807,218,-1,127.17,0.2
8640,3807,9,2,66.57,0.0
8641,3807,198,1,266.02,0.0
8642,3808,114,1,23.97,0.0
8643,3809,34,1,399.8,0.0
8644,3810,281,1,146.98,0.0
8645,3811,42,1,328.75,0.05
8646,3811,124,2,640.23,0.05
8647,3812,39,1,412.64,0.0
8648,3812,113,1,55.28,0.15
8649,3813,201,1,567.68,0.15
8650,3814,287,1,754.14,0.2
8651,3814,69,2,274.11,0.0
8652,3814,7,1,357.42,0.2
8653,3814,158,1,282.03,0.0
8654,3815,27,2,686.85,0.0
8655,3816,21,1,614.24,0.1
8656,3816,203,1,431.09,0.0
8657,3817,156,2,372.8,0.2
8658,3818,102,1,396.98,0.0
8659,3818,249,1,682.27,0.2
8660,3818,154,1,115.68,0.0
8661,3818,9,1,66.57,0.0
8662,3819,103,1,456.96,0.0
8663,3820,208,1,260.07,0.2
8664,3821,181,2,37.18,0.05
8665,3821,277,3,437.32,0.0
8666,3821,20,2,548.49,0.0
8667,3821,9,2,66.57,0.05
8668,3821,11,2,216.27,0.0
8670,3822,24,1,696.97,0.1
8671,3823,53,1,192.38,0.0
8672,3824,41,1,376.48,0.0
8673,3824,297,1,89.43,0.0
8674,3824,145,1,61.15,0.0
8675,3824,298,1,238.39,0.05
8676,3825,217,1,479.18,0.0
8677,3825,57,2,510.39,0.0
8678,3826,274,3,528.78,0.0
8679,3826,156,1,372.8,0.15
8680,3826,221,2,704.75,0.05
8681,3826,266,1,110.99,0.15
8682,3827,20,1,548.49,0.0
8683,3828,149,1,382.77,0.0
8684,3828,24,1,696.97,0.0
8685,3829,228,2,162.75,0.0
8686,3829,19,2,727.02,0.0
8687,3830,274,1,528.78,0.05
8688,3830,223,1,57.85,0.0
8689,3831,122,2,607.34,0.1
8690,3832,236,1,55.21,0.1
8691,3833,43,1,97.72,0.0
8692,3833,132,1,299.38,0.0
8693,3833,187,3,127.57,0.0
8694,3834,112,1,10.73,0.1
8695,3834,270,1,1160.3575,0.0
8696,3834,21,1,614.24,0.0
8697,3834,202,2,514.85,0.0
8698,3835,263,1,222.36,0.0
8699,3835,150,-1,182.12,0.15
8700,3835,218,1,127.17,0.2
8701,3835,283,2,680.49,0.05
8702,3835,151,1,625.19,0.05
8703,3836,275,1,82.62,0.0
8704,3836,222,2,264.61,0.0
8705,3836,244,1,263.25,0.0
8706,3837,283,1,680.49,0.0
8707,3838,102,1,396.98,0.0
8708,3838,107,1,963.92,0.0
8709,3839,222,1,264.61,0.1
8710,3839,70,2,402.01,0.05
8711,3839,234,1,486.72,0.0
8712,3840,38,1,364.99,0.0
8713,3840,97,1,628.48,0.05
8714,3840,54,1,679.71,0.0
8715,3840,76,1,938.11,0.1
8716,3841,182,1,500.91,0.0
8717,3842,147,1,517.03,0.1
8718,3843,221,-1,704.75,0.2
8719,3843,140,1,500.02,0.0
8720,3843,296,1,361.73,0.0
8721,3844,202,1,514.85,0.0
8722,3844,233,1,82.49,0.0
8723,3845,167,2,39.88,0.0
8724,3845,114,2,23.97,0.0
8725,3845,249,1,682.27,0.05
8726,3846,114,1,23.97,0.0
8727,3847,143,1,421.93,0.0
8728,3848,136,2,974.39,0.0
8729,3848,213,3,111.83,0.1
8730,3849,214,1,304.46,0.0
8731,3849,210,1,177.09,0.0
8732,3849,133,1,479.79,0.0
8733,3850,286,1,47.93,0.15
8734,3850,211,1,943.9,0.0
8735,3850,280,1,121.8,0.0
8736,3851,272,1,5.69,0.1
8737,3851,213,2,111.83,0.0
8738,3852,249,1,682.27,0.1
8739,3852,152,1,910.86,0.1
8740,3852,247,1,708.26,0.2
8741,3852,97,1,628.48,0.05
8742,3852,139,1,835.42,0.0
8743,3853,280,1,121.8,0.05
8744,3853,190,1,707.42,0.0
8745,3853,25,1,282.92,0.15
8746,3854,111,1,227.31,0.05
8747,3855,269,1,603.81,0.15
8748,3856,138,1,54.35,0.0
8749,3857,127,1,111.4,0.0
8750,3857,183,1,942.96,0.1
8751,3857,298,1,238.39,0.0
8752,3858,54,2,679.71,0.05
8753,3858,256,2,537.93,0.0
8754,3858,162,1,126.53,0.05
8755,3859,86,3,443.6,0.0
8756,3859,205,3,367.74,0.15
8757,3860,160,-1,150.1,0.0
8758,3861,277,1,437.32,0.0
8759,3862,10,1,309.24,0.15
8760,3863,47,1,513.39,0.05
8761,3863,213,1,111.83,0.0
8762,3863,134,1,541.79,0.1
8763,3864,61,1,512.76,0.05
8764,3864,29,2,103.82,0.0
8765,3864,48,1,231.62,0.1
8766,3865,80,1,166.05,0.0
8767,3866,115,1,251.88,0.05
8768,3866,164,1,446.58,0.0
8769,3867,186,1,290.81,0.0
8770,3867,178,1,563.12,0.0
8771,3868,165,1,605.76,0.0
8772,3868,187,1,127.57,0.0
8773,3869,145,1,61.15,0.0
8774,3870,232,1,71.83,0.0
8775,3871,51,1,863.34,0.05
8776,3871,238,2,192.17,0.15
8777,3871,198,1,266.02,0.1
8778,3871,177,1,156.12,0.0
8779,3871,75,1,299.66,0.15
8780,3872,15,2,536.46,0.0
8781,3872,153,2,530.38,0.0
8782,3872,265,1,839.64,0.0
8783,3873,147,1,517.03,0.0
8784,3874,14,1,90.93,0.0
8785,3874,296,1,361.73,0.1
8786,3874,83,2,243.1,0.0
8787,3874,210,1,177.09,0.1
8788,3875,35,1,425.48,0.05
8789,3875,221,1,704.75,0.2
8790,3875,218,2,127.17,0.2
8791,3876,122,1,607.34,0.15
8792,3877,253,2,621.95,0.0
8793,3878,195,1,132.26,0.1
8794,3878,19,1,727.02,0.1
8795,3878,149,1,382.77,0.0
8796,3878,248,1,75.61,0.05
8797,3879,27,1,686.85,0.05
8798,3879,45,1,511.39,0.05
8799,3879,103,2,456.96,0.0
8800,3879,86,1,443.6,0.05
8801,3880,22,3,205.71,0.0
8802,3880,276,1,341.21,0.0
8803,3880,35,1,425.48,0.0
8804,3881,89,1,247.06,0.05
8805,3881,153,1,530.38,0.0
8806,3881,227,1,192.19,0.1
8807,3881,113,1,55.28,0.15
8808,3882,251,3,439.11,0.0
8809,3882,277,1,437.32,0.0
8810,3882,95,2,711.68,0.0
8811,3882,87,1,564.0,0.0
8812,3882,193,1,351.11,0.15
8813,3883,127,1,111.4,0.0
8814,3883,293,3,709.48,0.0
8815,3884,156,3,372.8,0.0
8816,3884,88,1,275.21,0.15
8817,3885,162,1,126.53,0.05
8818,3885,126,1,240.49,0.2
8819,3886,283,1,680.49,0.0
8820,3887,225,1,939.11,0.0
8821,3888,169,1,458.05,0.05
8822,3888,162,1,126.53,0.0
8823,3888,238,1,192.17,0.0
8824,3888,178,2,563.12,0.1
8825,3889,69,1,274.11,0.0
8826,3889,266,1,110.99,0.15
8827,3889,248,1,75.61,0.1
8828,3890,165,1,605.76,0.0
8829,3890,44,1,6.81,0.0
8830,3891,15,1,536.46,0.0
8831,3891,279,1,226.81,0.05
8832,3891,27,1,686.85,0.05
8833,3891,248,1,75.61,0.1
8834,3891,97,3,628.48,0.0
8835,3892,218,-1,127.17,0.05
8836,3892,120,1,146.96,0.0
8837,3892,125,1,584.13,0.05
8838,3892,256,1,537.93,0.0
8839,3893,4,1,17.97,0.1
8840,3894,139,2,835.42,0.0
8841,3895,261,1,429.63,0.0
8842,3896,187,1,127.57,0.15
8843,3896,231,3,410.59,0.0
8844,3896,30,1,477.17,0.15
8845,3896,135,1,550.83,0.0
8846,3896,136,2,974.39,0.0
8847,3897,155,1,607.36,0.0
8848,3897,104,1,957.31,0.0
8849,3897,38,1,364.99,0.0
8850,3897,217,1,479.18,0.0
8851,3898,263,1,222.36,0.1
8852,3899,247,1,708.26,0.0
8853,3899,102,1,396.98,0.05
8854,3899,180,1,843.45,0.0
8855,3900,24,1,696.97,0.05
8856,3900,43,1,97.72,0.0
8857,3901,125,3,584.13,0.15
8858,3902,148,-1,304.48,0.0
8859,3902,121,1,183.38,0.1
8860,3903,2,1,807.37,0.1
8861,3903,66,1,447.18,0.05
8862,3903,231,1,410.59,0.0
8863,3904,251,1,439.11,0.1
8864,3905,295,2,139.02,0.0
8865,3905,240,2,555.47,0.0
8866,3905,195,1,132.26,0.05
8867,3905,269,1,603.81,0.1
8868,3905,108,2,378.75,0.0
8869,3906,86,1,443.6,0.0
8870,3907,118,2,611.17,0.15
8871,3907,149,1,382.77,0.0
8872,3907,1,1,433.54,0.1
8873,3907,1,1,433.54,0.15
8874,3908,26,1,259.69,0.05
8875,3908,202,1,514.85,0.0
8876,3909,270,1,1160.3575,0.0
8877,3910,68,3,133.13,0.0
8878,3910,251,1,439.11,0.0
8879,3911,198,1,266.02,0.1
8880,3911,46,1,397.56,0.0
8881,3912,159,1,818.3,0.0
8882,3912,153,1,530.38,0.0
8883,3913,189,1,24.7,0.1
8884,3913,237,1,335.88,0.15
8885,3913,96,1,682.77,0.0
8886,3913,273,2,560.24,0.1
8887,3913,211,1,943.9,0.0
8888,3914,26,2,259.69,0.05
8889,3914,284,2,228.9,0.05
8890,3914,189,1,24.7,0.1
8891,3915,266,1,110.99,0.0
8892,3915,21,1,614.24,0.0
8893,3915,281,1,146.98,0.0
8894,3915,186,1,290.81,0.0
8895,3915,36,1,749.87,0.0
8896,3916,105,1,375.87,0.2
8897,3916,74,1,171.2,0.0
8898,3917,252,1,274.43,0.0
8899,3917,118,1,611.17,0.0
8900,3918,96,1,682.77,0.15
8901,3919,116,1,862.37,0.0
8902,3920,33,1,217.73,0.0
8903,3921,230,2,829.69,0.0
8904,3921,152,1,910.86,0.15
8905,3921,100,1,283.25,0.0
8906,3922,32,2,338.4,0.0
8907,3922,51,1,863.34,0.0
8908,3922,160,1,150.1,0.15
8909,3922,38,1,364.99,0.0
8910,3922,90,3,219.22,0.0
8911,3923,93,2,98.57,0.0
8912,3923,161,2,68.77,0.05
8913,3923,221,1,704.75,0.1
8914,3924,211,1,943.9,0.0
8915,3924,285,1,667.54,0.0
8916,3924,272,1,5.69,0.0
8917,3925,247,1,708.26,0.0
8918,3925,59,1,287.12,0.0
8919,3926,134,3,541.79,0.0
8920,3926,227,1,192.19,0.0
8921,3926,266,1,110.99,0.0
8922,3926,114,1,23.97,0.0
8923,3927,276,1,341.21,0.1
8924,3927,158,1,282.03,0.0
8925,3927,210,1,177.09,0.1
8926,3927,126,3,240.49,0.0
8927,3927,56,1,186.07,0.0
8928,3928,267,1,253.7,0.1
8929,3928,176,1,199.39,0.05
8930,3928,113,1,55.28,0.0
8931,3929,65,-1,460.75,0.0
8932,3929,129,1,492.47,0.0
8933,3929,71,1,362.18,0.0
8934,3929,146,1,443.54,0.0
8935,3929,70,1,402.01,0.0
8936,3930,74,1,171.2,0.2
8937,3930,24,1,696.97,0.15
8938,3931,235,1,370.09,0.05
8939,3931,41,3,376.48,0.0
8940,3931,187,1,127.57,0.0
8941,3931,7,1,357.42,0.0
8942,3931,62,1,244.7,0.1
8943,3932,295,1,139.02,0.2
8944,3932,60,1,148.68,0.1
8945,3932,251,1,439.11,0.2
8946,3933,124,1,640.23,0.0
8947,3933,198,1,266.02,0.0
8948,3934,213,3,111.83,0.0
8949,3934,198,-1,266.02,0.1
8950,3934,250,2,1160.3575,0.05
8951,3935,104,3,957.31,0.0
8952,3935,148,1,304.48,0.0
8953,3935,61,1,512.76,0.0
8954,3936,271,2,756.22,0.0
8955,3936,291,2,19.78,0.0
8956,3937,116,2,862.37,0.0
8957,3937,37,-1,608.8,0.0
8959,3937,237,1,335.88,0.0
8960,3938,164,1,446.58,0.0
8961,3938,45,1,511.39,0.0
8962,3938,79,1,308.93,0.0
8963,3939,286,1,47.93,0.05
8964,3940,270,3,1160.3575,0.1
8965,3941,236,1,55.21,0.0
8966,3941,197,2,538.79,0.0
8967,3942,45,3,511.39,0.0
8968,3942,2,1,807.37,0.0
8969,3943,3,1,978.72,0.0
8970,3944,124,-1,640.23,0.0
8971,3944,55,1,395.52,0.0
8972,3944,56,1,186.07,0.05
8973,3944,71,1,362.18,0.0
8974,3944,12,1,156.75,0.15
8975,3945,113,1,55.28,0.15
8976,3945,201,1,567.68,0.05
8977,3946,120,1,146.96,0.0
8978,3947,192,1,697.79,0.0
8979,3948,163,1,598.68,0.0
8980,3949,185,2,582.19,0.1
8981,3949,208,1,260.07,0.05
8982,3950,6,1,531.19,0.0
8983,3951,218,1,127.17,0.05
8984,3951,289,1,635.36,0.0
8985,3952,34,1,399.8,0.1
8986,3952,184,1,278.4,0.0
8987,3953,46,1,397.56,0.0
8988,3953,4,1,17.97,0.0
8989,3954,285,1,667.54,0.0
8990,3955,155,1,607.36,0.2
8991,3955,200,1,533.81,0.1
8992,3955,102,1,396.98,0.0
8993,3955,262,3,214.85,0.2
8994,3955,182,1,500.91,0.1
8995,3956,98,2,71.96,0.0
8996,3956,95,1,711.68,0.15
8997,3956,4,1,17.97,0.15
8998,3957,121,1,183.38,0.0
8999,3957,186,1,290.81,0.0
9000,3957,94,1,514.73,0.0
9001,3958,300,2,133.29,0.0
9002,3959,196,1,518.75,0.0
9003,3960,40,1,171.89,0.05
9004,3960,237,1,335.88,0.1
9005,3961,108,2,378.75,0.0
9006,3962,167,3,39.88,0.0
9007,3962,251,1,439.11,0.05
9008,3962,279,1,226.81,0.0
9009,3962,202,1,514.85,0.1
9010,3963,163,1,598.68,0.0
9011,3963,164,1,446.58,0.1
9012,3963,83,3,243.1,0.0
9013,3963,249,1,682.27,0.1
9014,3964,25,1,282.92,0.15
9015,3964,248,-1,75.61,0.0
9016,3964,48,1,231.62,0.0
9017,3964,274,1,528.78,0.0
9018,3965,32,2,338.4,0.0
9019,3965,265,1,839.64,0.0
9020,3966,16,3,245.66,0.0
9021,3967,103,1,456.96,0.0
9022,3967,50,1,240.1,0.2
9023,3968,118,1,611.17,0.0
9024,3968,181,1,37.18,0.0
9025,3968,36,2,749.87,0.0
9026,3968,276,2,341.21,0.0
9027,3968,106,1,150.04,0.1
9028,3969,163,2,598.68,0.0
9029,3970,11,2,216.27,0.0
9030,3970,17,1,953.82,0.2
9031,3971,40,1,171.89,0.0
9032,3972,114,1,23.97,0.0
9033,3972,144,1,299.76,0.0
9034,3972,10,1,309.24,0.0
9035,3972,195,2,132.26,0.0
9036,3973,167,1,39.88,0.1
9037,3974,57,1,510.39,0.0
9038,3974,131,1,797.13,0.0
9039,3974,211,1,943.9,0.0
9040,3975,63,1,430.39,0.0
9041,3976,60,2,148.68,0.0
9042,3976,181,1,37.18,0.0
9043,3976,13,1,152.16,0.0
9044,3976,68,1,133.13,0.0
9045,3976,203,1,431.09,0.0
9046,3977,12,1,156.75,0.1
9047,3977,96,2,682.77,0.0
9048,3977,262,1,214.85,0.1
9049,3978,229,3,690.53,0.1
9050,3979,108,1,378.75,0.0
9051,3979,89,1,247.06,0.0
9052,3979,66,1,447.18,0.1
9053,3979,25,2,282.92,0.1
9054,3979,201,2,567.68,0.05
9055,3980,9,1,66.57,0.0
9056,3980,90,1,219.22,0.0
9057,3980,132,1,299.38,0.1
9058,3981,156,1,372.8,0.0
9059,3981,166,1,278.38,0.0
9060,3981,155,1,607.36,0.0
9061,3982,257,1,8.4,0.1
9062,3982,56,2,186.07,0.1
9063,3982,30,2,477.17,0.0
9064,3983,79,2,308.93,0.15
9065,3983,190,1,707.42,0.0
9066,3984,81,1,779.01,0.05
9067,3984,182,3,500.91,0.0
9068,3985,163,2,598.68,0.05
9069,3985,300,1,133.29,0.15
9070,3986,152,1,910.86,0.0
9072,3987,55,1,395.52,0.0
9073,3988,18,1,35.67,0.0
9074,3989,248,1,75.61,0.0
9075,3990,138,1,54.35,0.05
9076,3991,19,3,727.02,0.0
9077,3991,27,1,686.85,0.0
9078,3991,212,1,445.65,0.2
9079,3991,122,1,607.34,0.0
9080,3992,40,1,171.89,0.0
9081,3992,111,1,227.31,0.1
9082,3992,141,1,251.45,0.0
9083,3993,38,1,364.99,0.1
9084,3993,267,1,253.7,0.15
9085,3994,4,1,17.97,0.0
9086,3994,44,1,6.81,0.05
9087,3995,173,1,587.7,0.0
9088,3995,288,1,515.26,0.0
9089,3996,133,1,479.79,0.0
9090,3996,231,1,410.59,0.15
9091,3996,247,2,708.26,0.0
9092,3996,271,1,756.22,0.15
9093,3996,75,3,299.66,0.1
9094,3997,140,1,500.02,0.0
9095,3997,167,1,39.88,0.0
9096,3998,22,1,205.71,0.15
9097,3999,129,1,492.47,0.1
9098,3999,92,1,148.78,0.0
9099,4000,95,1,711.68,0.0
9100,4001,63,1,430.39,0.1
9101,4001,43,1,97.72,0.0
9102,4002,78,1,213.82,0.0
9103,4002,278,2,402.71,0.0
9104,4003,111,-1,227.31,0.15
9105,4004,15,1,536.46,0.1
9106,4005,118,3,611.17,0.0
9107,4005,137,1,316.92,0.2
9108,4006,161,1,68.77,0.0
9109,4006,261,1,429.63,0.1
9110,4006,163,1,598.68,0.0
9111,4006,181,1,37.18,0.1
9112,4007,26,2,259.69,0.0
9113,4008,56,3,186.07,0.15
9114,4008,154,1,115.68,0.05
9115,4009,70,1,402.01,0.05
9116,4010,29,1,103.82,0.0
9117,4010,64,1,29.71,0.0
9118,4010,34,3,399.8,0.1
9119,4010,58,1,87.55,0.05
9120,4011,27,1,686.85,0.0
9121,4011,269,1,603.81,0.0
9122,4012,140,1,500.02,0.05
9123,4013,150,1,182.12,0.0
9124,4013,91,1,369.86,0.0
9125,4014,139,1,835.42,0.0
9126,4015,276,3,341.21,0.0
9127,4015,13,2,152.16,0.0
9128,4016,249,1,682.27,0.0
9129,4016,193,1,351.11,0.1
9130,4017,94,1,514.73,0.05
9131,4017,267,1,253.7,0.0
9132,4017,70,1,402.01,0.1
9133,4018,95,1,711.68,0.05
9134,4019,59,1,287.12,0.1
9135,4020,99,1,496.87,0.05
9136,4020,13,1,152.16,0.0
9137,4021,241,2,306.12,0.2
9138,4021,6,1,531.19,0.05
9139,4021,184,1,278.4,0.0
9140,4021,130,1,454.11,0.0
9141,4021,286,1,47.93,0.05
9142,4022,202,1,514.85,0.05
9143,4022,163,1,598.68,0.0
9144,4022,220,2,475.38,0.0
9145,4022,242,1,166.1,0.15
9146,4022,4,1,17.97,0.0
9147,4023,298,1,238.39,0.0
9148,4023,245,1,1160.3575,0.15
9149,4023,185,1,582.19,0.1
9150,4023,139,1,835.42,0.05
9151,4023,232,1,71.83,0.0
9152,4024,255,-1,249.2,0.05
9153,4024,1,-1,433.54,0.15
9154,4024,193,3,351.11,0.0
9155,4024,278,1,402.71,0.0
9156,4025,187,1,127.57,0.0
9157,4026,265,1,839.64,0.0
9158,4027,164,1,446.58,0.05
9159,4027,71,1,362.18,0.1
9160,4027,160,2,150.1,0.0
9161,4027,55,2,395.52,0.05
9162,4027,275,1,82.62,0.0
9163,4028,193,1,351.11,0.0
9164,4029,121,1,183.38,0.05
9165,4029,268,2,23.79,0.05
9166,4030,95,1,711.68,0.05
9167,4031,299,1,725.08,0.0
9168,4031,164,1,446.58,0.1
9169,4032,127,2,111.4,0.0
9170,4032,143,1,421.93,0.0
9171,4033,224,1,23.12,0.1
9172,4033,78,1,213.82,0.0
9173,4033,127,1,111.4,0.15
9174,4034,91,3,369.86,0.05
9175,4035,255,2,249.2,0.0
9176,4035,174,1,864.84,0.0
9177,4035,243,1,746.93,0.1
9178,4036,122,1,607.34,0.0
9179,4037,263,1,222.36,0.0
9180,4037,34,1,399.8,0.05
9181,4037,135,1,550.83,0.1
9182,4038,112,1,10.73,0.0
9183,4038,62,1,244.7,0.1
9184,4039,179,2,478.65,0.0
9185,4039,27,1,686.85,0.1
9186,4040,89,1,247.06,0.0
9187,4040,128,1,686.4,0.05
9188,4041,296,2,361.73,0.0
9189,4041,4,1,17.97,0.15
9190,4041,105,2,375.87,0.0
9191,4042,174,-1,864.84,0.0
9192,4042,286,1,47.93,0.0
9193,4042,84,1,43.2,0.0
9194,4043,165,2,605.76,0.0
9195,4043,74,1,171.2,0.0
9196,4043,3,2,978.72,0.0
9197,4044,299,1,725.08,0.0
9198,4045,191,-1,457.7,0.15
9199,4046,290,1,908.96,0.0
9200,4047,210,1,177.09,0.0
9201,4047,297,1,89.43,0.15
9202,4047,282,1,280.61,0.0
9203,4048,127,1,111.4,0.1
9204,4048,51,1,863.34,0.0
9205,4049,270,3,1160.3575,0.0
9206,4049,253,1,621.95,0.0
9207,4049,118,1,611.17,0.0
9208,4049,298,1,238.39,0.1
9209,4049,278,-1,402.71,0.15
9210,4050,215,-1,501.1,0.0
9211,4050,115,1,251.88,0.15
9212,4051,95,1,711.68,0.0
9213,4051,84,1,43.2,0.0
9214,4051,50,1,240.1,0.1
9215,4052,117,1,567.69,0.0
9216,4052,148,1,304.48,0.0
9217,4052,69,1,274.11,0.05
9218,4052,58,1,87.55,0.0
9219,4053,4,3,17.97,0.15
9220,4054,240,2,555.47,0.05
9221,4054,57,1,510.39,0.0
9222,4054,19,1,727.02,0.1
9223,4054,41,1,376.48,0.05
9224,4054,296,2,361.73,0.0
9225,4055,36,1,749.87,0.0
9226,4055,150,-1,182.12,0.0
9227,4055,10,1,309.24,0.0
9228,4056,118,1,611.17,0.0
9229,4057,119,1,519.85,0.15
9230,4058,125,1,584.13,0.05
9231,4058,86,2,443.6,0.0
9232,4058,228,1,162.75,0.0
9233,4058,293,1,709.48,0.0
9234,4059,70,1,402.01,0.15
9235,4059,147,1,517.03,0.15
9236,4060,196,1,518.75,0.0
9237,4060,34,1,399.8,0.0
9238,4060,161,2,68.77,0.0
9239,4061,223,1,57.85,0.0
9240,4061,3,1,978.72,0.05
9241,4061,1,1,433.54,0.0
9242,4062,260,1,619.66,0.0
9243,4063,23,1,235.35,0.0
9244,4064,155,1,607.36,0.1
9245,4064,238,1,192.17,0.05
9246,4064,119,-1,519.85,0.0
9247,4064,258,1,626.09,0.1
9248,4065,22,1,205.71,0.1
9249,4065,264,1,16.2,0.0
9250,4065,250,3,1160.3575,0.05
9251,4066,296,3,361.73,0.0
9252,4066,222,2,264.61,0.15
9253,4067,59,2,287.12,0.0
9254,4067,268,1,23.79,0.0
9255,4067,289,1,635.36,0.1
9256,4067,298,1,238.39,0.0
9257,4068,66,2,447.18,0.05
9258,4068,162,1,126.53,0.2
9259,4069,235,1,370.09,0.0
9260,4070,92,1,148.78,0.0
9261,4070,292,1,425.68,0.0
9262,4071,266,1,110.99,0.05
9263,4072,121,2,183.38,0.05
9264,4072,192,1,697.79,0.0
9265,4072,189,1,24.7,0.0
9266,4073,19,1,727.02,0.15
9267,4073,202,1,514.85,0.05
9268,4074,41,1,376.48,0.0
9269,4074,97,1,628.48,0.05
9270,4074,215,1,501.1,0.0
9271,4075,246,1,574.84,0.0
9272,4075,108,1,378.75,0.0
9273,4076,120,1,146.96,0.0
9274,4076,79,1,308.93,0.05
9275,4077,100,-1,283.25,0.0
9276,4078,57,3,510.39,0.1
9277,4078,229,1,690.53,0.1
9278,4079,206,3,612.54,0.15
9279,4080,244,1,263.25,0.2
9280,4080,46,1,397.56,0.05
9281,4081,100,1,283.25,0.0
9282,4081,169,1,458.05,0.05
9283,4081,230,1,829.69,0.1
9284,4081,167,2,39.88,0.0
9285,4082,186,1,290.81,0.1
9286,4082,213,1,111.83,0.0
9287,4082,45,1,511.39,0.05
9288,4082,52,1,12.48,0.0
9289,4083,82,1,235.49,0.05
9290,4083,253,1,621.95,0.0
9291,4083,221,1,704.75,0.0
9292,4083,71,1,362.18,0.05
9293,4083,89,1,247.06,0.0
9294,4084,86,3,443.6,0.0
9295,4084,250,1,1160.3575,0.05
9296,4084,135,1,550.83,0.0
9297,4084,26,1,259.69,0.0
9298,4085,49,1,850.7,0.0
9299,4086,175,1,600.57,0.05
9300,4087,88,1,275.21,0.05
9301,4088,41,1,376.48,0.2
9302,4089,270,3,1160.3575,0.0
9303,4090,95,1,711.68,0.05
9304,4090,137,1,316.92,0.0
9305,4091,289,1,635.36,0.0
9306,4091,216,1,492.92,0.05
9307,4092,87,1,564.0,0.05
9308,4092,288,1,515.26,0.0
9309,4093,193,1,351.11,0.2
9310,4093,34,1,399.8,0.0
9311,4093,81,1,779.01,0.1
9312,4094,67,1,355.8,0.0
9313,4095,6,1,531.19,0.0
9314,4096,103,3,456.96,0.0
9315,4096,111,1,227.31,0.0
9316,4097,217,2,479.18,0.05
9317,4097,272,1,5.69,0.0
9318,4097,138,1,54.35,0.05
9319,4097,77,1,103.53,0.05
9320,4097,125,1,584.13,0.0
9321,4098,282,2,280.61,0.15
9322,4098,209,2,797.01,0.05
9323,4098,114,1,23.97,0.0
9324,4099,102,1,396.98,0.0
9325,4100,142,1,717.32,0.15
9326,4100,58,3,87.55,0.0
9327,4101,289,1,635.36,0.2
9328,4101,168,1,649.6,0.0
9329,4101,110,3,52.92,0.0
9330,4102,121,2,183.38,0.0
9331,4102,261,-1,429.63,0.1
9332,4103,103,2,456.96,0.0
9333,4103,56,1,186.07,0.0
9334,4103,121,2,183.38,0.0
9335,4103,180,1,843.45,0.05
9336,4103,292,-1,425.68,0.1
9337,4104,127,-1,111.4,0.0
9338,4104,10,1,309.24,0.1
9339,4104,156,1,372.8,0.05
9340,4105,91,1,369.86,0.0
9341,4105,202,1,514.85,0.1
9342,4105,209,2,797.01,0.1
9343,4106,257,1,8.4,0.0
9344,4106,28,1,749.19,0.0
9345,4106,216,1,492.92,0.2
9346,4107,183,1,942.96,0.0
9347,4108,157,1,701.5,0.05
9348,4108,285,1,667.54,0.1
9349,4109,63,1,430.39,0.0
9350,4109,158,1,282.03,0.05
9351,4109,157,3,701.5,0.0
9352,4109,18,1,35.67,0.0
9353,4109,204,1,578.66,0.15
9354,4110,140,1,500.02,0.0
9355,4111,162,3,126.53,0.1
9356,4112,44,1,6.81,0.0
9357,4113,254,1,286.86,0.0
9358,4113,68,1,133.13,0.0
9359,4114,227,1,192.19,0.0
9360,4114,97,2,628.48,0.2
9361,4114,48,1,231.62,0.0
9362,4115,287,1,754.14,0.1
9363,4115,42,1,328.75,0.05
9364,4115,240,1,555.47,0.1
9365,4115,233,1,82.49,0.0
9366,4115,111,1,227.31,0.1
9367,4116,269,1,603.81,0.0
9368,4116,284,1,228.9,0.05
9369,4116,300,1,133.29,0.0
9370,4116,141,1,251.45,0.0
9371,4116,209,1,797.01,0.0
9372,4117,80,1,166.05,0.0
9373,4117,137,1,316.92,0.0
9374,4118,210,1,177.09,0.0
9375,4119,68,1,133.13,0.05
9376,4119,241,1,306.12,0.0
9377,4119,266,1,110.99,0.0
9378,4120,32,1,338.4,0.0
9379,4120,225,2,939.11,0.15
9380,4120,270,1,1160.3575,0.0
9381,4121,222,1,264.61,0.0
9382,4121,105,1,375.87,0.0
9383,4121,55,1,395.52,0.0
9384,4121,18,2,35.67,0.05
9385,4122,17,1,953.82,0.05
9386,4123,79,1,308.93,0.2
9387,4124,270,1,1160.3575,0.1
9388,4125,153,1,530.38,0.2
9389,4125,10,1,309.24,0.0
9390,4126,268,1,23.79,0.05
9391,4126,16,1,245.66,0.1
9392,4127,288,1,515.26,0.2
9393,4127,220,1,475.38,0.0
9394,4127,161,1,68.77,0.0
9395,4127,32,1,338.4,0.0
9396,4128,153,1,530.38,0.0
9397,4128,148,3,304.48,0.0
9398,4129,103,2,456.96,0.05
9399,4130,275,1,82.62,0.05
9400,4130,166,2,278.38,0.1
9401,4131,146,2,443.54,0.15
9402,4131,109,1,59.23,0.15
9403,4131,245,1,1160.3575,0.0
9404,4132,95,1,711.68,0.0
9405,4132,261,1,429.63,0.0
9406,4133,29,1,103.82,0.0
9407,4133,21,1,614.24,0.15
9408,4133,299,1,725.08,0.05
9409,4133,140,1,500.02,0.0
9410,4133,109,1,59.23,0.0
9412,4134,249,1,682.27,0.0
9413,4135,88,1,275.21,0.15
9414,4135,146,1,443.54,0.1
9415,4135,242,1,166.1,0.0
9416,4136,68,1,133.13,0.0
9417,4136,101,1,488.42,0.0
9418,4136,19,1,727.02,0.0
9419,4136,197,2,538.79,0.05
9420,4137,52,1,12.48,0.15
9421,4138,230,1,829.69,0.0
9422,4138,108,3,378.75,0.15
9423,4139,154,1,115.68,0.0
9424,4139,146,1,443.54,0.1
9425,4140,30,3,477.17,0.05
9426,4140,201,1,567.68,0.0
9427,4141,156,2,372.8,0.0
9428,4141,233,1,82.49,0.0
9429,4142,44,1,6.81,0.0
9430,4142,134,2,541.79,0.1
9431,4142,298,1,238.39,0.1
9432,4143,278,2,402.71,0.15
9433,4143,166,1,278.38,0.2
9434,4144,237,1,335.88,0.1
9435,4145,269,1,603.81,0.0
9436,4146,211,1,943.9,0.0
9437,4147,36,3,749.87,0.0
9438,4147,131,1,797.13,0.0
9439,4147,119,1,519.85,0.05
9440,4148,210,2,177.09,0.0
9441,4148,178,1,563.12,0.0
9442,4148,86,1,443.6,0.0
9443,4148,125,3,584.13,0.0
9444,4148,164,1,446.58,0.0
9445,4149,66,1,447.18,0.0
9446,4150,147,1,517.03,0.1
9447,4150,208,1,260.07,0.15
9448,4150,55,2,395.52,0.0
9449,4150,2,3,807.37,0.0
9450,4151,263,3,222.36,0.05
9451,4152,63,1,430.39,0.0
9452,4153,159,1,818.3,0.0
9453,4153,299,1,725.08,0.0
9454,4154,228,1,162.75,0.0
9455,4154,127,2,111.4,0.1
9456,4154,277,1,437.32,0.15
9457,4154,196,1,518.75,0.0
9458,4155,54,1,679.71,0.0
9459,4155,264,2,16.2,0.0
9460,4156,49,1,850.7,0.1
9461,4156,276,1,341.21,0.1
9462,4156,133,1,479.79,0.15
9463,4156,164,3,446.58,0.0
9464,4156,91,1,369.86,0.0
9465,4157,111,1,227.31,0.0
9466,4158,170,1,723.66,0.0
9467,4158,286,1,47.93,0.0
9468,4158,27,1,686.85,0.05
9469,4159,126,1,240.49,0.05
9470,4159,112,1,10.73,0.0
9471,4160,147,1,517.03,0.0
9472,4160,155,1,607.36,0.0
9473,4161,249,-1,682.27,0.05
9474,4162,215,2,501.1,0.0
9475,4163,117,2,567.69,0.0
9476,4163,57,1,510.39,0.0
9477,4163,148,3,304.48,0.0
9478,4164,158,1,282.03,0.0
9479,4164,5,2,503.34,0.1
9480,4164,161,1,68.77,0.0
9481,4165,60,1,148.68,0.1
9482,4165,144,1,299.76,0.2
9483,4165,78,1,213.82,0.1
9484,4166,1,1,433.54,0.0
9485,4166,26,1,259.69,0.1
9486,4167,30,1,477.17,0.05
9487,4167,180,1,843.45,0.05
9488,4167,283,1,680.49,0.0
9489,4168,247,1,708.26,0.05
9490,4168,72,1,286.08,0.15
9491,4168,280,1,121.8,0.0
9492,4169,148,1,304.48,0.0
9493,4169,238,1,192.17,0.15
9494,4170,222,1,264.61,0.2
9495,4171,177,1,156.12,0.0
9496,4171,33,1,217.73,0.05
9497,4172,275,3,82.62,0.2
9498,4173,52,1,12.48,0.0
9499,4173,272,1,5.69,0.15
9500,4173,219,1,211.99,0.0
9501,4173,289,1,635.36,0.05
9502,4174,202,1,514.85,0.05
9503,4174,210,1,177.09,0.0
9504,4175,48,1,231.62,0.0
9505,4175,60,1,148.68,0.05
9506,4175,160,1,150.1,0.2
9507,4176,128,1,686.4,0.0
9508,4177,95,1,711.68,0.15
9509,4177,65,2,460.75,0.0
9510,4177,268,-1,23.79,0.0
9511,4177,209,2,797.01,0.0
9512,4178,225,1,939.11,0.0
9513,4179,244,1,263.25,0.15
9514,4179,1,1,433.54,0.0
9515,4179,269,1,603.81,0.2
9516,4180,245,1,1160.3575,0.0
9517,4180,224,1,23.12,0.0
9518,4181,207,1,518.71,0.0
9519,4181,276,1,341.21,0.05
9520,4181,292,1,425.68,0.15
9521,4182,187,1,127.57,0.0
9522,4182,292,1,425.68,0.1
9523,4182,290,1,908.96,0.0
9524,4182,179,1,478.65,0.0
9525,4183,138,1,54.35,0.0
9526,4184,122,1,607.34,0.05
9527,4184,128,1,686.4,0.05
9528,4185,119,1,519.85,0.0
9529,4186,43,1,97.72,0.05
9530,4186,169,1,458.05,0.0
9531,4187,65,1,460.75,0.1
9532,4187,234,1,486.72,0.0
9533,4187,127,1,111.4,0.1
9534,4187,118,1,611.17,0.0
9535,4188,33,1,217.73,0.0
9536,4189,266,1,110.99,0.1
9537,4189,142,1,717.32,0.0
9538,4189,164,1,446.58,0.2
9539,4189,99,1,496.87,0.0
9540,4189,284,1,228.9,0.15
9541,4190,241,1,306.12,0.1
9542,4190,27,2,686.85,0.0
9543,4191,23,2,235.35,0.0
9544,4191,42,1,328.75,0.0
9545,4192,153,3,530.38,0.0
9546,4192,32,1,338.4,0.15
9547,4192,33,1,217.73,0.0
9548,4192,205,1,367.74,0.2
9549,4193,3,1,978.72,0.05
9550,4193,158,1,282.03,0.0
9551,4194,19,1,727.02,0.0
9552,4195,73,1,346.78,0.0
9553,4195,168,2,649.6,0.0
9554,4196,216,3,492.92,0.15
9555,4197,246,1,574.84,0.0
9556,4197,217,1,479.18,0.0
9557,4198,138,1,54.35,0.0
9558,4198,294,1,141.94,0.0
9559,4198,253,1,621.95,0.0
9560,4199,188,1,550.0,0.0
9561,4199,152,1,910.86,0.0
9562,4199,9,2,66.57,0.0
9563,4200,88,1,275.21,0.0
9564,4201,230,1,829.69,0.0
9565,4202,128,1,686.4,0.0
9566,4203,199,1,51.0,0.1
9567,4204,7,1,357.42,0.0
9568,4204,80,1,166.05,0.0
9569,4205,6,1,531.19,0.05
9570,4206,278,3,402.71,0.0
9571,4207,18,1,35.67,0.0
9572,4207,214,1,304.46,0.0
9573,4207,249,1,682.27,0.0
9574,4207,186,1,290.81,0.0
9575,4207,124,1,640.23,0.0
9576,4208,249,-1,682.27,0.0
9577,4209,82,1,235.49,0.0
9578,4210,36,1,749.87,0.0
9579,4210,56,1,186.07,0.0
9580,4211,111,1,227.31,0.0
9581,4211,197,2,538.79,0.05
9582,4211,170,1,723.66,0.0
9583,4212,250,1,1160.3575,0.05
9584,4212,273,2,560.24,0.15
9585,4212,188,1,550.0,0.0
9586,4212,64,1,29.71,0.0
9587,4213,13,2,152.16,0.0
9588,4213,175,1,600.57,0.1
9589,4213,51,1,863.34,0.0
9590,4214,259,-1,533.22,0.15
9591,4214,20,1,548.49,0.0
9592,4215,279,1,226.81,0.0
9593,4215,207,1,518.71,0.0
9594,4216,108,1,378.75,0.0
9595,4216,59,1,287.12,0.0
9596,4217,276,-1,341.21,0.1
9597,4217,129,1,492.47,0.0
9598,4218,209,2,797.01,0.0
9599,4219,262,1,214.85,0.0
9600,4220,126,2,240.49,0.1
9601,4220,27,3,686.85,0.0
9602,4220,29,2,103.82,0.1
9603,4220,287,1,754.14,0.05
9604,4220,146,1,443.54,0.0
9605,4221,197,3,538.79,0.0
9606,4221,83,1,243.1,0.0
9607,4221,131,1,797.13,0.15
9608,4221,92,3,148.78,0.0
9609,4222,297,1,89.43,0.0
9610,4223,149,1,382.77,0.15
9611,4223,75,1,299.66,0.05
9612,4223,231,2,410.59,0.0
9614,4223,229,3,690.53,0.0
9615,4223,66,2,447.18,0.15
9616,4224,80,1,166.05,0.15
9617,4224,281,1,146.98,0.0
9618,4224,261,1,429.63,0.05
9619,4225,52,1,12.48,0.0
9620,4225,231,1,410.59,0.0
9621,4225,144,1,299.76,0.05
9622,4225,167,1,39.88,0.0
9623,4225,33,1,217.73,0.0
9624,4226,275,1,82.62,0.1
9625,4226,185,1,582.19,0.0
9626,4226,192,2,697.79,0.15
9627,4227,79,-1,308.93,0.1
9628,4228,149,2,382.77,0.0
9629,4228,218,1,127.17,0.15
9630,4229,282,1,280.61,0.0
9631,4230,266,2,110.99,0.0
9632,4231,297,2,89.43,0.0
9633,4232,267,1,253.7,0.0
9634,4233,300,1,133.29,0.0
9635,4234,134,1,541.79,0.0
9636,4234,249,2,682.27,0.0
9637,4234,143,1,421.93,0.0
9638,4234,46,1,397.56,0.15
9639,4234,121,3,183.38,0.0
9640,4235,234,1,486.72,0.05
9641,4235,115,2,251.88,0.0
9642,4236,198,1,266.02,0.0
9643,4236,221,1,704.75,0.0
9644,4237,53,1,192.38,0.0
9645,4237,97,1,628.48,0.0
9646,4237,36,1,749.87,0.1
9647,4237,4,3,17.97,0.0
9648,4238,251,1,439.11,0.0
9649,4238,59,1,287.12,0.2
9650,4238,41,2,376.48,0.2
9651,4239,243,1,746.93,0.15
9652,4239,257,2,8.4,0.1
9653,4240,274,1,528.78,0.1
9654,4241,64,2,29.71,0.0
9655,4241,255,1,249.2,0.05
9656,4242,23,1,235.35,0.0
9657,4242,98,1,71.96,0.0
9658,4243,29,1,103.82,0.0
9659,4243,6,1,531.19,0.0
9660,4244,283,2,680.49,0.0
9661,4244,207,2,518.71,0.2
9662,4245,116,1,862.37,0.0
9663,4246,66,3,447.18,0.0
9664,4246,185,2,582.19,0.0
9665,4247,12,1,156.75,0.0
9666,4247,103,1,456.96,0.0
9667,4247,269,2,603.81,0.15
9668,4248,7,2,357.42,0.05
9669,4248,65,1,460.75,0.0
9670,4249,296,1,361.73,0.0
9671,4250,205,1,367.74,0.0
9672,4250,181,1,37.18,0.1
9673,4250,232,1,71.83,0.05
9674,4251,196,1,518.75,0.0
9675,4251,270,2,1160.3575,0.0
9676,4252,97,3,628.48,0.0
9677,4252,173,1,587.7,0.0
9678,4253,189,1,24.7,0.0
9679,4254,267,1,253.7,0.1
9680,4254,275,1,82.62,0.15
9681,4254,50,-1,240.1,0.15
9682,4254,10,1,309.24,0.0
9683,4255,4,1,17.97,0.0
9684,4255,52,2,12.48,0.0
9685,4255,258,1,626.09,0.0
9686,4255,45,-1,511.39,0.1
9687,4255,66,1,447.18,0.0
9688,4256,89,1,247.06,0.05
9689,4256,190,1,707.42,0.05
9690,4257,82,1,235.49,0.05
9691,4257,5,1,503.34,0.1
9692,4258,227,1,192.19,0.15
9693,4259,296,1,361.73,0.0
9694,4259,82,1,235.49,0.0
9695,4260,174,1,864.84,0.0
9696,4260,6,2,531.19,0.0
9697,4261,15,2,536.46,0.0
9698,4262,111,1,227.31,0.0
9699,4262,33,2,217.73,0.0
9700,4262,248,1,75.61,0.0
9701,4262,240,1,555.47,0.15
9702,4262,293,2,709.48,0.0
9703,4263,146,1,443.54,0.2
9704,4263,210,1,177.09,0.0
9705,4264,274,1,528.78,0.0
9706,4265,32,2,338.4,0.2
9707,4265,22,1,205.71,0.0
9708,4265,189,2,24.7,0.0
9709,4265,252,1,274.43,0.2
9710,4265,125,1,584.13,0.0
9711,4266,150,1,182.12,0.15
9712,4266,4,1,17.97,0.0
9713,4267,69,1,274.11,0.2
9714,4268,186,2,290.81,0.0
9715,4268,104,2,957.31,0.1
9716,4268,213,3,111.83,0.15
9717,4269,173,1,587.7,0.15
9718,4270,36,1,749.87,0.0
9719,4270,224,1,23.12,0.0
9720,4270,240,1,555.47,0.0
9721,4271,42,1,328.75,0.1
9722,4271,197,1,538.79,0.2
9723,4271,137,1,316.92,0.0
9724,4271,175,1,600.57,0.1
9725,4271,66,-1,447.18,0.1
9726,4272,235,3,370.09,0.0
9727,4273,58,1,87.55,0.0
9728,4273,273,1,560.24,0.0
9729,4273,237,1,335.88,0.15
9730,4274,80,1,166.05,0.15
9731,4275,167,3,39.88,0.0
9732,4276,115,1,251.88,0.0
9733,4277,235,1,370.09,0.15
9734,4277,250,3,1160.3575,0.15
9735,4277,77,1,103.53,0.15
9736,4277,27,3,686.85,0.0
9737,4277,88,1,275.21,0.0
9738,4278,49,1,850.7,0.0
9739,4279,258,1,626.09,0.0
9740,4279,13,1,152.16,0.2
9741,4279,90,1,219.22,0.0
9742,4280,87,2,564.0,0.1
9743,4281,170,1,723.66,0.0
9744,4281,251,1,439.11,0.0
9745,4282,19,3,727.02,0.1
9746,4282,214,1,304.46,0.0
9747,4282,170,3,723.66,0.2
9748,4283,91,-1,369.86,0.05
9749,4283,162,-1,126.53,0.1
9750,4283,232,1,71.83,0.05
9751,4283,140,1,500.02,0.1
9752,4284,94,1,514.73,0.15
9753,4284,283,1,680.49,0.05
9754,4284,99,-1,496.87,0.05
9755,4284,171,1,14.73,0.0
9756,4285,212,1,445.65,0.0
9757,4285,262,1,214.85,0.0
9758,4286,197,1,538.79,0.1
9759,4286,174,1,864.84,0.0
9760,4286,88,2,275.21,0.0
9761,4287,53,1,192.38,0.05
9762,4287,161,1,68.77,0.05
9763,4288,31,1,976.57,0.05
9764,4288,7,2,357.42,0.0
9765,4288,26,1,259.69,0.0
9766,4288,87,1,564.0,0.2
9768,4288,279,2,226.81,0.0
9769,4289,83,1,243.1,0.0
9770,4289,41,2,376.48,0.15
9771,4290,114,1,23.97,0.0
9772,4290,298,1,238.39,0.05
9773,4291,267,1,253.7,0.0
9774,4291,272,3,5.69,0.0
9775,4291,208,1,260.07,0.0
9776,4291,150,3,182.12,0.0
9777,4291,249,1,682.27,0.0
9778,4292,150,1,182.12,0.2
9779,4293,14,1,90.93,0.0
9780,4293,126,1,240.49,0.0
9781,4294,90,1,219.22,0.1
9782,4294,39,1,412.64,0.2
9783,4295,58,1,87.55,0.05
9784,4295,124,1,640.23,0.15
9785,4296,177,1,156.12,0.0
9786,4296,283,1,680.49,0.0
9787,4297,96,1,682.77,0.1
9788,4297,202,1,514.85,0.0
9789,4297,61,1,512.76,0.0
9790,4298,157,1,701.5,0.15
9791,4298,164,1,446.58,0.05
9792,4299,201,2,567.68,0.2
9793,4300,22,1,205.71,0.1
9794,4301,261,2,429.63,0.2
9795,4301,81,1,779.01,0.0
9796,4301,119,1,519.85,0.05
9797,4301,283,1,680.49,0.15
9798,4301,176,2,199.39,0.1
9799,4302,83,1,243.1,0.0
9800,4302,286,1,47.93,0.0
9801,4302,168,1,649.6,0.05
9802,4303,67,1,355.8,0.05
9803,4303,248,-1,75.61,0.0
9804,4304,230,2,829.69,0.15
9805,4305,166,3,278.38,0.05
9806,4306,53,1,192.38,0.0
9807,4306,10,1,309.24,0.05
9808,4306,182,1,500.91,0.1
9809,4306,207,1,518.71,0.2
9810,4306,169,1,458.05,0.0
9811,4307,100,1,283.25,0.05
9812,4307,245,1,1160.3575,0.2
9813,4307,239,3,517.8,0.0
9814,4307,54,1,679.71,0.0
9815,4308,32,1,338.4,0.1
9816,4309,242,1,166.1,0.0
9817,4309,300,1,133.29,0.15
9818,4309,32,1,338.4,0.05
9819,4310,137,1,316.92,0.05
9820,4311,201,1,567.68,0.1
9821,4312,4,1,17.97,0.05
9822,4312,88,2,275.21,0.0
9823,4312,104,1,957.31,0.1
9824,4312,263,1,222.36,0.05
9825,4313,102,1,396.98,0.0
9826,4313,131,3,797.13,0.0
9827,4314,27,1,686.85,0.15
9828,4314,256,1,537.93,0.0
9829,4315,109,1,59.23,0.0
9830,4316,79,1,308.93,0.1
9831,4316,53,1,192.38,0.0
9832,4317,78,1,213.82,0.0
9834,4317,73,1,346.78,0.0
9835,4317,92,1,148.78,0.0
9836,4318,166,2,278.38,0.15
9838,4318,100,1,283.25,0.15
9839,4318,277,-1,437.32,0.0
9840,4318,29,1,103.82,0.0
9841,4318,204,1,578.66,0.0
9842,4319,170,1,723.66,0.15
9843,4320,99,3,496.87,0.1
9844,4321,69,1,274.11,0.0
9845,4322,57,2,510.39,0.2
9846,4323,211,1,943.9,0.2
9847,4324,215,1,501.1,0.0
9848,4324,245,1,1160.3575,0.0
9849,4324,3,1,978.72,0.0
9850,4325,137,1,316.92,0.0
9851,4326,243,2,746.93,0.05
9852,4327,1,2,433.54,0.0
9853,4327,208,2,260.07,0.0
9854,4327,27,2,686.85,0.0
9855,4328,12,2,156.75,0.0
9856,4329,107,1,963.92,0.05
9857,4329,11,1,216.27,0.1
9858,4330,158,2,282.03,0.0
9859,4330,67,1,355.8,0.0
9860,4330,275,1,82.62,0.0
9861,4331,299,1,725.08,0.0
9862,4331,288,1,515.26,0.0
9863,4331,10,1,309.24,0.0
9864,4332,135,1,550.83,0.0
9865,4333,185,1,582.19,0.0
9866,4333,22,1,205.71,0.15
9867,4334,59,2,287.12,0.1
9869,4335,263,2,222.36,0.05
9870,4335,166,1,278.38,0.1
9871,4336,35,1,425.48,0.0
9872,4337,49,1,850.7,0.2
9873,4337,64,1,29.71,0.15
9874,4338,46,1,397.56,0.05
9875,4338,188,2,550.0,0.0
9876,4339,151,2,625.19,0.0
9877,4339,294,1,141.94,0.05
9878,4340,236,3,55.21,0.0
9879,4340,47,1,513.39,0.0
9880,4340,250,1,1160.3575,0.0
9881,4341,133,3,479.79,0.0
9882,4341,290,1,908.96,0.0
9883,4341,137,1,316.92,0.0
9884,4341,192,3,697.79,0.0
9885,4341,143,1,421.93,0.05
9886,4342,56,1,186.07,0.15
9887,4343,131,1,797.13,0.0
9888,4343,134,1,541.79,0.0
9889,4344,109,1,59.23,0.0
9890,4344,116,1,862.37,0.0
9891,4345,190,1,707.42,0.05
9892,4345,271,2,756.22,0.0
9893,4345,15,1,536.46,0.1
9894,4345,204,1,578.66,0.15
9895,4346,171,1,14.73,0.05
9896,4347,292,1,425.68,0.0
9897,4347,143,2,421.93,0.05
9898,4347,62,1,244.7,0.05
9899,4348,196,1,518.75,0.0
9900,4349,92,1,148.78,0.1
9901,4349,252,1,274.43,0.0
9902,4349,99,1,496.87,0.0
9903,4349,244,1,263.25,0.0
9904,4350,215,1,501.1,0.1
9905,4350,184,1,278.4,0.0
9906,4351,132,1,299.38,0.1
9907,4351,220,2,475.38,0.05
9908,4352,15,-1,536.46,0.0
9909,4353,133,1,479.79,0.0
9910,4353,235,1,370.09,0.0
9911,4353,88,1,275.21,0.0
9912,4353,215,1,501.1,0.0
9913,4354,121,2,183.38,0.15
9914,4355,102,1,396.98,0.2
9915,4355,41,1,376.48,0.2
9916,4355,174,3,864.84,0.0
9917,4355,183,2,942.96,0.0
9918,4356,13,1,152.16,0.0
9919,4356,242,2,166.1,0.1
9920,4356,35,1,425.48,0.0
9921,4356,190,1,707.42,0.0
9922,4356,259,2,533.22,0.0
9923,4357,136,1,974.39,0.0
9924,4357,39,2,412.64,0.0
9925,4358,56,1,186.07,0.0
9926,4358,248,1,75.61,0.0
9927,4359,104,1,957.31,0.0
9928,4360,161,1,68.77,0.05
9929,4361,211,1,943.9,0.0
9930,4361,254,1,286.86,0.0
9931,4362,190,1,707.42,0.0
9932,4362,206,1,612.54,0.0
9933,4362,30,1,477.17,0.05
9934,4363,285,1,667.54,0.05
9935,4363,122,1,607.34,0.0
9936,4364,266,2,110.99,0.0
9937,4365,253,1,621.95,0.0
9938,4365,221,1,704.75,0.15
9939,4366,149,3,382.77,0.1
9940,4366,182,1,500.91,0.0
9941,4366,6,2,531.19,0.0
9942,4367,11,2,216.27,0.0
9943,4368,89,1,247.06,0.1
9944,4368,159,2,818.3,0.15
9945,4368,84,3,43.2,0.0
9946,4368,184,2,278.4,0.05
9947,4368,153,1,530.38,0.0
9948,4369,87,1,564.0,0.0
9949,4369,295,1,139.02,0.05
9950,4369,174,2,864.84,0.0
9951,4369,176,3,199.39,0.15
9952,4369,91,1,369.86,0.0
9953,4370,106,1,150.04,0.1
9954,4370,73,2,346.78,0.0
9955,4370,282,1,280.61,0.1
9956,4371,91,1,369.86,0.0
9957,4371,57,1,510.39,0.05
9958,4372,39,2,412.64,0.0
9959,4372,18,2,35.67,0.05
9960,4373,182,1,500.91,0.15
9961,4373,252,2,274.43,0.0
9962,4373,160,1,150.1,0.15
9963,4374,86,1,443.6,0.0
9964,4374,192,1,697.79,0.05
9965,4374,288,2,515.26,0.0
9966,4375,241,1,306.12,0.05
9967,4376,275,1,82.62,0.0
9968,4377,212,1,445.65,0.1
9969,4377,147,1,517.03,0.0
9970,4377,178,1,563.12,0.0
9971,4378,190,1,707.42,0.0
9972,4379,240,1,555.47,0.1
9973,4379,180,2,843.45,0.2
9974,4379,51,1,863.34,0.0
9975,4380,89,1,247.06,0.05
9976,4380,210,1,177.09,0.0
9977,4381,163,1,598.68,0.0
9978,4381,192,2,697.79,0.1
9979,4381,25,1,282.92,0.05
9980,4382,81,1,779.01,0.0
9981,4382,71,2,362.18,0.0
9982,4382,22,1,205.71,0.0
9983,4383,9,1,66.57,0.05
9984,4383,57,2,510.39,0.0
9985,4383,124,1,640.23,0.0
9986,4384,103,3,456.96,0.0
9987,4384,183,1,942.96,0.15
9988,4385,99,1,496.87,0.1
9989,4386,122,1,607.34,0.15
9990,4387,71,1,362.18,0.05
9991,4388,107,1,963.92,0.0
9992,4388,46,2,397.56,0.0
9993,4388,237,1,335.88,0.0
9994,4388,157,1,701.5,0.0
9995,4388,206,1,612.54,0.0
9996,4389,132,1,299.38,0.05
9997,4389,293,1,709.48,0.05
9998,4389,253,3,621.95,0.0
9999,4389,171,3,14.73,0.2
10000,4389,125,1,584.13,0.05
10001,4390,290,2,908.96,0.2
10002,4390,172,1,104.56,0.05
10003,4391,248,1,75.61,0.2
10004,4391,64,2,29.71,0.1
10005,4391,276,1,341.21,0.0
10006,4391,120,3,146.96,0.15
10007,4391,121,1,183.38,0.1
10008,4392,70,1,402.01,0.0
10009,4392,146,1,443.54,0.0
10010,4392,276,1,341.21,0.0
10011,4393,279,2,226.81,0.15
10012,4393,213,-1,111.83,0.0
10013,4394,95,1,711.68,0.0
10014,4394,67,1,355.8,0.0
10015,4394,81,1,779.01,0.05
10016,4394,254,1,286.86,0.1
10017,4394,177,1,156.12,0.0
10018,4395,38,-1,364.99,0.2
10019,4395,65,1,460.75,0.0
10020,4395,249,1,682.27,0.05
10021,4396,195,1,132.26,0.0
10022,4396,107,1,963.92,0.2
10023,4396,163,1,598.68,0.0
10024,4397,229,1,690.53,0.0
10025,4397,6,1,531.19,0.0
10026,4398,254,1,286.86,0.05
10027,4398,22,1,205.71,0.0
10028,4398,247,1,708.26,0.0
10029,4399,249,2,682.27,0.1
10030,4399,276,1,341.21,0.15
10031,4400,129,-1,492.47,0.0
10032,4401,23,1,235.35,0.1
10033,4401,101,1,488.42,0.05
10034,4401,139,1,835.42,0.0
10035,4401,102,2,396.98,0.0
10036,4401,249,1,682.27,0.0
10037,4402,246,1,574.84,0.0
10038,4402,148,-1,304.48,0.0
10039,4402,222,1,264.61,0.05
10040,4402,137,1,316.92,0.0
10041,4402,208,1,260.07,0.1
10042,4403,169,2,458.05,0.0
10043,4404,300,1,133.29,0.0
10044,4404,119,-1,519.85,0.15
10045,4405,173,1,587.7,0.0
10046,4405,120,1,146.96,0.0
10047,4405,193,2,351.11,0.0
10048,4406,197,1,538.79,0.0
10049,4406,264,1,16.2,0.1
10050,4406,79,1,308.93,0.0
10051,4407,198,2,266.02,0.0
10052,4407,155,1,607.36,0.0
10053,4407,195,2,132.26,0.0
10054,4408,258,1,626.09,0.0
10055,4409,71,1,362.18,0.0
10056,4409,4,2,17.97,0.0
10057,4410,219,1,211.99,0.0
10058,4410,42,-1,328.75,0.0
10059,4410,95,1,711.68,0.0
10060,4411,229,1,690.53,0.05
10061,4412,52,1,12.48,0.0
10062,4413,53,1,192.38,0.0
10063,4413,295,1,139.02,0.0
10064,4413,120,1,146.96,0.15
10065,4414,135,1,550.83,0.0
10066,4414,165,1,605.76,0.0
10067,4414,166,1,278.38,0.0
10068,4414,247,1,708.26,0.0
10069,4414,113,1,55.28,0.0
10070,4415,243,1,746.93,0.0
10071,4415,74,1,171.2,0.05
10072,4415,251,1,439.11,0.0
10073,4416,120,1,146.96,0.0
10074,4416,231,2,410.59,0.0
10075,4416,68,1,133.13,0.0
10076,4417,251,1,439.11,0.05
10077,4418,176,1,199.39,0.0
10078,4418,139,1,835.42,0.05
10079,4418,114,1,23.97,0.0
10080,4419,189,1,24.7,0.0
10081,4420,107,3,963.92,0.15
10082,4420,262,1,214.85,0.0
10083,4421,167,1,39.88,0.1
10084,4421,212,1,445.65,0.05
10085,4422,164,2,446.58,0.0
10086,4422,287,1,754.14,0.05
10087,4423,221,1,704.75,0.0
10088,4424,300,1,133.29,0.0
10089,4424,125,3,584.13,0.1
10090,4425,82,1,235.49,0.0
10091,4425,19,1,727.02,0.0
10092,4426,44,1,6.81,0.0
10093,4426,163,2,598.68,0.0
10094,4426,234,1,486.72,0.0
10095,4426,25,1,282.92,0.0
10096,4427,251,1,439.11,0.0
10097,4427,244,2,263.25,0.1
10098,4427,70,1,402.01,0.0
10099,4427,6,1,531.19,0.0
10100,4427,112,1,10.73,0.0
10101,4428,181,1,37.18,0.2
10102,4429,121,3,183.38,0.2
10103,4429,68,-1,133.13,0.0
10104,4430,108,1,378.75,0.1
10105,4430,281,1,146.98,0.05
10106,4430,182,1,500.91,0.0
10107,4431,257,1,8.4,0.0
10108,4431,125,1,584.13,0.0
10109,4431,11,1,216.27,0.15
10110,4431,135,1,550.83,0.2
10111,4432,189,1,24.7,0.0
10112,4433,189,1,24.7,0.0
10113,4433,296,1,361.73,0.0
10114,4434,217,1,479.18,0.0
10115,4435,136,1,974.39,0.1
10116,4435,198,1,266.02,0.0
10117,4436,15,1,536.46,0.05
10118,4437,58,2,87.55,0.0
10119,4437,150,1,182.12,0.1
10120,4438,148,1,304.48,0.0
10121,4438,142,1,717.32,0.0
10122,4438,21,1,614.24,0.15
10123,4439,63,1,430.39,0.0
10124,4440,288,1,515.26,0.15
10125,4440,39,1,412.64,0.0
10127,4440,268,1,23.79,0.0
10128,4441,191,1,457.7,0.0
10129,4442,296,1,361.73,0.05
10130,4442,80,1,166.05,0.0
10131,4442,83,1,243.1,0.0
10132,4442,122,1,607.34,0.1
10133,4442,231,-1,410.59,0.0
10134,4443,208,1,260.07,0.05
10135,4444,70,1,402.01,0.0
10136,4445,254,1,286.86,0.0
10137,4445,246,1,574.84,0.0
10138,4445,260,1,619.66,0.05
10139,4445,261,2,429.63,0.0
10140,4446,295,1,139.02,0.05
10141,4446,84,2,43.2,0.05
10142,4447,21,1,614.24,0.0
10143,4447,212,1,445.65,0.15
10144,4448,102,1,396.98,0.0
10145,4448,1,3,433.54,0.0
10146,4449,48,1,231.62,0.0
10147,4449,145,1,61.15,0.0
10148,4449,128,1,686.4,0.05
10149,4450,123,3,840.94,0.0
10150,4451,13,1,152.16,0.05
10151,4452,17,1,953.82,0.0
10152,4452,27,1,686.85,0.0
10153,4453,1,1,433.54,0.0
10154,4453,86,3,443.6,0.0
10155,4453,278,1,402.71,0.0
10156,4454,66,1,447.18,0.15
10157,4454,289,1,635.36,0.0
10158,4455,273,2,560.24,0.15
10159,4455,60,1,148.68,0.0
10160,4456,5,1,503.34,0.0
10161,4457,162,1,126.53,0.2
10162,4458,80,1,166.05,0.1
10163,4458,37,1,608.8,0.05
10164,4458,41,1,376.48,0.05
10165,4458,202,1,514.85,0.0
10166,4459,226,1,211.98,0.05
10167,4460,156,1,372.8,0.0
10168,4460,94,3,514.73,0.0
10169,4461,154,1,115.68,0.0
10170,4462,136,1,974.39,0.05
10171,4463,98,1,71.96,0.0
10172,4464,48,3,231.62,0.1
10173,4464,80,-1,166.05,0.2
10174,4464,271,1,756.22,0.0
10175,4464,244,1,263.25,0.0
10176,4464,77,1,103.53,0.1
10177,4465,100,1,283.25,0.15
10178,4465,276,1,341.21,0.2
10179,4466,14,1,90.93,0.05
10180,4466,248,1,75.61,0.0
10181,4466,292,2,425.68,0.0
10182,4466,45,1,511.39,0.0
10183,4467,164,-1,446.58,0.2
10184,4467,11,2,216.27,0.0
10185,4467,63,1,430.39,0.05
10186,4467,43,1,97.72,0.0
10187,4468,11,1,216.27,0.05
10188,4469,174,1,864.84,0.0
10189,4469,1,2,433.54,0.0
10190,4470,98,2,71.96,0.1
10191,4470,47,1,513.39,0.15
10192,4471,100,1,283.25,0.0
10193,4471,36,1,749.87,0.2
10194,4471,59,1,287.12,0.15
10195,4471,179,1,478.65,0.15
10196,4471,39,1,412.64,0.0
10197,4472,135,1,550.83,0.05
10198,4472,115,1,251.88,0.0
10199,4473,28,1,749.19,0.0
10200,4473,237,3,335.88,0.0
10201,4474,290,2,908.96,0.1
10202,4474,164,2,446.58,0.15
10203,4475,51,3,863.34,0.05
10204,4475,235,1,370.09,0.0
10205,4475,252,1,274.43,0.0
10206,4475,80,2,166.05,0.0
10207,4475,105,1,375.87,0.0
10208,4476,117,1,567.69,0.0
10209,4477,76,1,938.11,0.0
10210,4478,174,1,864.84,0.2
10211,4478,18,1,35.67,0.0
10212,4478,172,1,104.56,0.0
10213,4478,247,2,708.26,0.0
10214,4478,26,1,259.69,0.0
10215,4479,25,1,282.92,0.0
10216,4479,52,1,12.48,0.2
10217,4480,98,1,71.96,0.0
10218,4480,37,-1,608.8,0.0
10219,4481,147,2,517.03,0.1
10220,4481,194,1,222.76,0.05
10221,4482,259,3,533.22,0.0
10222,4482,207,1,518.71,0.0
10223,4483,82,1,235.49,0.0
10224,4484,18,1,35.67,0.1
10225,4484,143,1,421.93,0.0
10226,4485,71,1,362.18,0.0
10227,4485,165,1,605.76,0.1
10228,4485,86,1,443.6,0.0
10229,4485,246,1,574.84,0.0
10230,4486,291,1,19.78,0.1
10231,4487,166,1,278.38,0.0
10232,4487,226,-1,211.98,0.1
10233,4487,291,1,19.78,0.0
10234,4487,61,-1,512.76,0.2
10235,4488,41,1,376.48,0.0
10236,4488,230,1,829.69,0.0
10237,4488,106,1,150.04,0.1
10238,4488,58,1,87.55,0.0
10239,4489,30,1,477.17,0.0
10240,4489,53,1,192.38,0.1
10241,4489,75,2,299.66,0.1
10242,4490,141,1,251.45,0.2
10243,4490,273,1,560.24,0.0
10244,4490,22,1,205.71,0.0
10245,4491,209,1,797.01,0.0
10246,4491,118,1,611.17,0.2
10247,4492,141,1,251.45,0.15
10248,4492,7,1,357.42,0.0
10249,4493,78,1,213.82,0.0
10250,4493,216,1,492.92,0.15
10251,4493,214,1,304.46,0.15
10252,4493,281,1,146.98,0.05
10253,4494,77,-1,103.53,0.0
10254,4494,137,2,316.92,0.1
10255,4494,273,1,560.24,0.15
10256,4495,214,1,304.46,0.0
10257,4496,116,1,862.37,0.1
10258,4496,278,1,402.71,0.0
10259,4497,98,1,71.96,0.0
10260,4498,174,1,864.84,0.0
10261,4498,56,1,186.07,0.05
10262,4499,134,2,541.79,0.0
10263,4500,270,1,1160.3575,0.2
10264,4500,128,1,686.4,0.1
10265,4501,215,3,501.1,0.0
10266,4501,255,1,249.2,0.0
10267,4501,199,1,51.0,0.0
10268,4502,260,3,619.66,0.0
10269,4502,78,1,213.82,0.0
10270,4503,188,1,550.0,0.0
10271,4503,56,1,186.07,0.0
10272,4504,128,1,686.4,0.1
10273,4505,222,1,264.61,0.0
10274,4505,196,1,518.75,0.05
10275,4506,35,1,425.48,0.0
10276,4506,276,1,341.21,0.0
10277,4506,144,1,299.76,0.0
10278,4507,226,3,211.98,0.15
10279,4508,69,1,274.11,0.0
10280,4508,70,2,402.01,0.0
10281,4508,12,1,156.75,0.0
10282,4509,231,1,410.59,0.15
10283,4509,289,1,635.36,0.0
10284,4509,55,1,395.52,0.0
10285,4510,45,1,511.39,0.1
10286,4510,251,3,439.11,0.0
10287,4510,300,3,133.29,0.0
10288,4510,265,1,839.64,0.0
10289,4511,300,1,133.29,0.0
10290,4511,253,1,621.95,0.0
10291,4512,128,1,686.4,0.0
10292,4512,252,1,274.43,0.0
10293,4513,61,1,512.76,0.0
10294,4513,171,1,14.73,0.15
10295,4513,194,1,222.76,0.15
10296,4513,300,1,133.29,0.2
10297,4514,139,1,835.42,0.0
10298,4514,173,1,587.7,0.1
10299,4515,274,3,528.78,0.1
10300,4515,293,1,709.48,0.0
10301,4516,65,2,460.75,0.1
10302,4517,103,2,456.96,0.05
10303,4517,138,1,54.35,0.0
10304,4518,180,1,843.45,0.0
10305,4519,273,1,560.24,0.0
10306,4519,16,3,245.66,0.0
10307,4519,268,1,23.79,0.1
10308,4519,244,1,263.25,0.0
10309,4519,198,1,266.02,0.0
10310,4520,232,1,71.83,0.1
10311,4521,24,1,696.97,0.0
10312,4521,149,1,382.77,0.05
10313,4521,247,1,708.26,0.2
10314,4522,98,2,71.96,0.0
10315,4522,24,1,696.97,0.0
10316,4523,1,2,433.54,0.0
10317,4523,177,1,156.12,0.05
10318,4524,153,1,530.38,0.0
10319,4525,297,1,89.43,0.1
10320,4526,279,1,226.81,0.0
10321,4526,222,1,264.61,0.1
10322,4526,8,3,295.82,0.0
10323,4527,105,1,375.87,0.1
10324,4528,260,1,619.66,0.0
10325,4529,20,1,548.49,0.05
10326,4529,297,1,89.43,0.0
10327,4530,242,1,166.1,0.0
10328,4530,80,1,166.05,0.0
10329,4530,82,1,235.49,0.0
10330,4531,190,3,707.42,0.0
10331,4532,127,3,111.4,0.0
10332,4533,20,1,548.49,0.1
10333,4533,154,3,115.68,0.0
10334,4533,243,1,746.93,0.0
10335,4533,131,1,797.13,0.0
10336,4533,230,1,829.69,0.05
10337,4534,218,2,127.17,0.0
10339,4534,140,-1,500.02,0.1
10340,4535,77,2,103.53,0.0
10341,4535,150,1,182.12,0.0
10342,4536,176,2,199.39,0.05
10343,4536,124,1,640.23,0.2
10344,4537,276,1,341.21,0.0
10345,4537,37,1,608.8,0.1
10346,4537,72,1,286.08,0.2
10347,4538,142,1,717.32,0.05
10348,4538,286,1,47.93,0.0
10349,4538,159,1,818.3,0.0
10350,4539,215,1,501.1,0.0
10351,4539,70,2,402.01,0.0
10352,4540,268,3,23.79,0.0
10353,4541,12,1,156.75,0.15
10354,4541,91,1,369.86,0.0
10355,4542,101,1,488.42,0.1
10356,4542,63,1,430.39,0.05
10357,4542,121,1,183.38,0.1
10358,4542,47,1,513.39,0.0
10359,4543,255,1,249.2,0.0
10360,4543,246,3,574.84,0.0
10361,4543,268,1,23.79,0.1
10362,4543,272,1,5.69,0.1
10363,4543,209,1,797.01,0.2
10364,4544,89,1,247.06,0.1
10365,4544,117,1,567.69,0.05
10366,4544,274,1,528.78,0.1
10367,4545,208,1,260.07,0.0
10368,4545,265,1,839.64,0.0
10369,4545,297,1,89.43,0.15
10370,4545,252,2,274.43,0.0
10371,4546,66,1,447.18,0.05
10372,4546,184,1,278.4,0.05
10373,4547,298,2,238.39,0.2
10374,4547,275,1,82.62,0.2
10375,4548,21,1,614.24,0.0
10376,4548,254,1,286.86,0.15
10377,4549,152,1,910.86,0.1
10378,4550,190,2,707.42,0.05
10379,4550,72,1,286.08,0.0
10380,4550,284,1,228.9,0.0
10381,4550,245,1,1160.3575,0.0
10382,4551,280,1,121.8,0.0
10383,4551,47,3,513.39,0.2
10384,4552,142,1,717.32,0.0
10385,4553,40,3,171.89,0.0
10386,4553,189,1,24.7,0.05
10387,4553,144,1,299.76,0.15
10388,4553,142,1,717.32,0.0
10389,4554,109,1,59.23,0.0
10390,4554,166,1,278.38,0.0
10391,4555,253,1,621.95,0.05
10392,4556,174,1,864.84,0.0
10393,4556,136,1,974.39,0.0
10394,4556,67,1,355.8,0.0
10395,4557,290,1,908.96,0.0
10396,4557,78,-1,213.82,0.05
10397,4558,106,1,150.04,0.0
10398,4559,46,1,397.56,0.2
10399,4559,222,1,264.61,0.0
10400,4559,98,2,71.96,0.0
10401,4560,205,1,367.74,0.0
10402,4560,78,1,213.82,0.1
10403,4561,267,1,253.7,0.0
10404,4561,68,1,133.13,0.0
10405,4561,134,2,541.79,0.05
10406,4561,241,1,306.12,0.0
10407,4561,7,2,357.42,0.0
10408,4562,195,1,132.26,0.2
10409,4563,146,1,443.54,0.0
10410,4563,146,1,443.54,0.05
10411,4563,151,1,625.19,0.0
10412,4564,175,-1,600.57,0.1
10413,4565,300,1,133.29,0.0
10414,4565,13,1,152.16,0.2
10415,4565,94,1,514.73,0.15
10416,4565,123,1,840.94,0.0
10417,4566,183,1,942.96,0.0
10418,4566,282,1,280.61,0.0
10419,4567,90,1,219.22,0.15
10420,4568,236,1,55.21,0.05
10421,4568,257,1,8.4,0.0
10422,4568,268,1,23.79,0.05
10423,4568,274,1,528.78,0.1
10424,4568,92,1,148.78,0.0
10425,4569,8,3,295.82,0.05
10426,4569,122,2,607.34,0.0
10427,4569,122,1,607.34,0.0
10428,4569,166,1,278.38,0.05
10429,4570,265,1,839.64,0.0
10430,4570,75,1,299.66,0.1
10431,4571,21,1,614.24,0.05
10432,4572,243,1,746.93,0.05
10433,4572,143,1,421.93,0.0
10434,4572,296,2,361.73,0.0
10435,4573,126,1,240.49,0.05
10436,4573,288,1,515.26,0.0
10437,4574,109,1,59.23,0.1
10438,4575,139,1,835.42,0.0
10439,4576,41,1,376.48,0.0
10440,4576,46,1,397.56,0.0
10441,4577,21,3,614.24,0.0
10442,4578,113,1,55.28,0.1
10443,4578,71,1,362.18,0.05
10444,4578,173,1,587.7,0.0
10445,4579,226,1,211.98,0.0
10446,4579,161,1,68.77,0.0
10447,4580,151,1,625.19,0.05
10449,4580,22,1,205.71,0.0
10450,4580,157,1,701.5,0.05
10451,4580,253,1,621.95,0.0
10452,4580,235,1,370.09,0.0
10453,4581,240,1,555.47,0.0
10454,4581,238,1,192.17,0.2
10455,4582,76,1,938.11,0.15
10456,4582,103,1,456.96,0.1
10457,4582,162,1,126.53,0.0
10458,4583,75,1,299.66,0.0
10459,4583,174,1,864.84,0.0
10460,4583,249,1,682.27,0.05
10461,4584,132,1,299.38,0.0
10462,4585,62,1,244.7,0.0
10463,4585,16,1,245.66,0.0
10464,4585,2,2,807.37,0.0
10465,4585,76,1,938.11,0.0
10466,4586,230,2,829.69,0.05
10467,4587,184,1,278.4,0.0
10468,4588,293,1,709.48,0.0
10469,4589,86,1,443.6,0.1
10470,4590,213,1,111.83,0.2
10471,4591,198,1,266.02,0.0
10472,4591,226,1,211.98,0.0
10473,4592,94,2,514.73,0.0
10474,4593,84,2,43.2,0.05
10475,4593,189,2,24.7,0.0
10476,4594,23,3,235.35,0.0
10477,4594,231,1,410.59,0.05
10478,4595,14,1,90.93,0.0
10479,4595,15,2,536.46,0.0
10480,4595,70,1,402.01,0.0
10481,4595,170,1,723.66,0.0
10482,4596,91,1,369.86,0.0
10483,4596,81,1,779.01,0.0
10484,4597,117,1,567.69,0.0
10485,4598,93,1,98.57,0.0
10486,4598,37,2,608.8,0.05
10487,4598,266,1,110.99,0.0
10488,4598,195,1,132.26,0.0
10489,4598,16,2,245.66,0.1
10490,4599,232,1,71.83,0.2
10491,4600,78,1,213.82,0.0
10492,4600,208,-1,260.07,0.0
10493,4601,6,1,531.19,0.15
10494,4602,118,1,611.17,0.0
10495,4602,231,2,410.59,0.15
10496,4602,105,1,375.87,0.0
10497,4602,98,1,71.96,0.0
10498,4602,173,1,587.7,0.0
10499,4603,152,2,910.86,0.0
10500,4603,240,1,555.47,0.0
10501,4604,296,1,361.73,0.15
10502,4605,58,1,87.55,0.15
10503,4606,90,1,219.22,0.0
10504,4606,86,1,443.6,0.0
10505,4607,148,1,304.48,0.0
10506,4607,15,2,536.46,0.0
10507,4608,132,1,299.38,0.0
10508,4609,293,2,709.48,0.0
10509,4610,82,2,235.49,0.0
10510,4611,21,-1,614.24,0.1
10511,4612,122,-1,607.34,0.0
10512,4613,97,1,628.48,0.0
10513,4614,49,1,850.7,0.05
10514,4615,295,1,139.02,0.0
10515,4616,4,1,17.97,0.0
10516,4616,144,1,299.76,0.0
10517,4617,215,1,501.1,0.0
10518,4617,101,1,488.42,0.0
10519,4618,217,1,479.18,0.0
10520,4619,216,2,492.92,0.0
10521,4619,145,1,61.15,0.1
10522,4620,23,1,235.35,0.15
10523,4621,58,1,87.55,0.0
10524,4621,249,1,682.27,0.0
10525,4621,38,1,364.99,0.1
10526,4621,261,-1,429.63,0.15
10527,4621,61,1,512.76,0.0
10528,4622,293,1,709.48,0.15
10529,4623,197,1,538.79,0.15
10530,4623,246,1,574.84,0.05
10531,4623,190,1,707.42,0.0
10532,4623,127,2,111.4,0.0
10533,4624,209,3,797.01,0.1
10534,4625,148,2,304.48,0.0
10535,4625,38,2,364.99,0.1
10536,4626,294,1,141.94,0.0
10537,4627,157,1,701.5,0.0
10538,4627,207,1,518.71,0.0
10540,4628,211,2,943.9,0.0
10541,4629,286,1,47.93,0.0
10542,4629,220,1,475.38,0.1
10543,4630,62,1,244.7,0.0
10544,4630,74,2,171.2,0.2
10545,4631,46,2,397.56,0.1
10546,4632,282,1,280.61,0.15
10547,4632,223,2,57.85,0.0
10548,4632,234,1,486.72,0.05
10549,4633,83,1,243.1,0.2
10550,4633,143,1,421.93,0.0
10551,4634,14,1,90.93,0.0
10552,4635,156,1,372.8,0.0
10553,4636,73,2,346.78,0.15
10554,4637,103,1,456.96,0.0
10555,4638,273,1,560.24,0.15
10556,4639,3,1,978.72,0.1
10557,4639,235,1,370.09,0.15
10558,4639,23,1,235.35,0.2
10559,4639,265,3,839.64,0.0
10560,4639,260,2,619.66,0.05
10561,4640,260,3,619.66,0.05
10562,4640,221,1,704.75,0.0
10563,4640,207,1,518.71,0.0
10564,4641,192,1,697.79,0.0
10565,4642,23,1,235.35,0.2
10566,4643,32,1,338.4,0.15
10567,4643,236,1,55.21,0.05
10568,4644,254,1,286.86,0.05
10569,4645,288,1,515.26,0.05
10570,4645,85,1,530.7,0.0
10571,4646,213,1,111.83,0.0
10572,4647,217,1,479.18,0.0
10573,4648,224,1,23.12,0.0
10574,4648,41,2,376.48,0.05
10575,4649,275,2,82.62,0.0
10576,4650,300,3,133.29,0.1
10577,4651,27,1,686.85,0.0
10578,4652,180,1,843.45,0.0
10579,4653,154,1,115.68,0.15
10580,4653,159,1,818.3,0.2
10581,4654,168,1,649.6,0.2
10582,4654,7,1,357.42,0.0
10583,4654,174,1,864.84,0.15
10584,4655,7,1,357.42,0.05
10585,4655,71,3,362.18,0.0
10586,4655,155,1,607.36,0.0
10587,4655,98,1,71.96,0.0
10588,4656,169,1,458.05,0.2
10589,4657,27,1,686.85,0.05
10590,4657,146,1,443.54,0.15
10591,4657,37,3,608.8,0.0
10592,4658,75,2,299.66,0.0
10593,4658,179,1,478.65,0.0
10594,4658,299,1,725.08,0.05
10595,4659,20,3,548.49,0.05
10596,4659,8,2,295.82,0.15
10597,4660,179,3,478.65,0.0
10598,4660,32,1,338.4,0.0
10599,4661,51,3,863.34,0.05
10600,4661,68,1,133.13,0.2
10601,4661,186,1,290.81,0.0
10602,4662,2,1,807.37,0.15
10603,4663,55,2,395.52,0.2
10604,4664,14,1,90.93,0.0
10605,4664,270,1,1160.3575,0.0
10606,4664,252,1,274.43,0.0
10607,4664,129,1,492.47,0.05
10608,4665,192,1,697.79,0.0
10609,4665,30,2,477.17,0.0
10610,4666,273,1,560.24,0.2
10611,4666,284,3,228.9,0.1
10613,4666,99,1,496.87,0.0
10614,4666,44,2,6.81,0.0
10615,4667,25,1,282.92,0.0
10616,4668,158,2,282.03,0.15
10617,4668,260,1,619.66,0.0
10618,4668,85,1,530.7,0.0
10619,4668,248,1,75.61,0.0
10620,4668,222,1,264.61,0.0
10621,4669,216,1,492.92,0.0
10622,4669,172,1,104.56,0.0
10623,4670,88,1,275.21,0.0
10624,4670,265,-1,839.64,0.0
10625,4670,246,1,574.84,0.1
10626,4670,71,1,362.18,0.0
10627,4670,281,2,146.98,0.1
10628,4671,41,-1,376.48,0.1
10629,4671,291,1,19.78,0.1
10630,4671,32,1,338.4,0.0
10631,4672,154,1,115.68,0.05
10632,4672,278,1,402.71,0.0
10633,4672,146,1,443.54,0.0
10634,4672,117,1,567.69,0.2
10635,4673,3,1,978.72,0.0
10636,4674,104,1,957.31,0.0
10637,4675,48,1,231.62,0.0
10638,4675,116,1,862.37,0.2
10639,4676,26,1,259.69,0.0
10640,4677,88,1,275.21,0.0
10641,4678,88,-1,275.21,0.05
10642,4678,140,1,500.02,0.15
10643,4679,150,1,182.12,0.0
10644,4679,209,1,797.01,0.0
10645,4680,252,1,274.43,0.0
10646,4680,8,1,295.82,0.15
10647,4680,223,1,57.85,0.0
10648,4680,66,2,447.18,0.0
10649,4681,53,1,192.38,0.0
10650,4682,70,1,402.01,0.0
10651,4683,73,1,346.78,0.0
10652,4683,4,1,17.97,0.0
10653,4683,272,1,5.69,0.0
10654,4683,163,1,598.68,0.05
10655,4683,45,2,511.39,0.05
10656,4684,282,1,280.61,0.05
10657,4685,7,1,357.42,0.0
10658,4686,192,1,697.79,0.0
10659,4686,93,1,98.57,0.15
10660,4687,156,1,372.8,0.2
10661,4688,283,1,680.49,0.1
10662,4688,279,1,226.81,0.2
10663,4688,184,1,278.4,0.2
10664,4689,195,1,132.26,0.0
10665,4689,113,1,55.28,0.0
10666,4690,259,1,533.22,0.0
10667,4690,298,1,238.39,0.1
10668,4691,42,3,328.75,0.1
10669,4692,257,1,8.4,0.1
10670,4692,97,1,628.48,0.05
10671,4692,64,1,29.71,0.05
10672,4692,149,1,382.77,0.1
10673,4693,84,1,43.2,0.0
10674,4693,210,1,177.09,0.0
10675,4694,262,1,214.85,0.0
10676,4695,115,2,251.88,0.1
10677,4695,170,1,723.66,0.0
10678,4695,206,1,612.54,0.0
10679,4696,283,2,680.49,0.1
10680,4697,190,1,707.42,0.0
10681,4698,212,1,445.65,0.1
10682,4698,71,2,362.18,0.2
10683,4698,140,1,500.02,0.0
10684,4699,12,1,156.75,0.0
10685,4699,254,1,286.86,0.0
10686,4699,139,2,835.42,0.0
10687,4699,139,1,835.42,0.05
10688,4700,25,3,282.92,0.15
10689,4701,166,1,278.38,0.0
10690,4701,27,-1,686.85,0.15
10691,4702,64,1,29.71,0.05
10692,4702,10,1,309.24,0.0
10693,4703,235,1,370.09,0.15
10694,4703,288,1,515.26,0.0
10695,4703,10,1,309.24,0.0
10696,4703,49,1,850.7,0.0
10697,4704,241,1,306.12,0.0
10698,4704,67,1,355.8,0.2
10699,4705,108,2,378.75,0.0
10700,4705,225,1,939.11,0.0
10701,4706,23,2,235.35,0.0
10702,4707,90,1,219.22,0.05
10703,4707,246,1,574.84,0.2
10704,4707,16,1,245.66,0.0
10705,4708,29,1,103.82,0.0
10706,4708,238,3,192.17,0.0
10707,4708,269,1,603.81,0.0
10708,4709,13,1,152.16,0.0
10709,4710,235,1,370.09,0.0
10710,4710,20,1,548.49,0.05
10711,4710,63,1,430.39,0.05
10712,4711,189,1,24.7,0.0
10713,4711,33,1,217.73,0.15
10714,4712,279,1,226.81,0.05
10715,4712,140,1,500.02,0.2
10716,4712,228,1,162.75,0.05
10717,4713,296,1,361.73,0.0
10718,4714,262,1,214.85,0.15
10719,4714,29,2,103.82,0.05
10720,4714,249,1,682.27,0.0
10721,4715,289,1,635.36,0.0
10722,4716,286,1,47.93,0.0
10723,4716,47,1,513.39,0.0
10724,4716,35,2,425.48,0.0
10725,4717,275,1,82.62,0.05
10727,4717,99,-1,496.87,0.05
10728,4717,72,1,286.08,0.2
10729,4718,83,2,243.1,0.0
10730,4719,43,1,97.72,0.05
10731,4719,52,2,12.48,0.1
10732,4720,271,1,756.22,0.0
10733,4720,28,2,749.19,0.05
10734,4720,152,1,910.86,0.15
10735,4721,110,1,52.92,0.05
10736,4722,254,2,286.86,0.1
10737,4722,253,1,621.95,0.05
10738,4723,188,2,550.0,0.0
10739,4724,227,1,192.19,0.1
10740,4724,39,2,412.64,0.05
10741,4724,273,1,560.24,0.0
10742,4725,234,1,486.72,0.0
10743,4726,250,2,1160.3575,0.1
10744,4727,63,2,430.39,0.0
10745,4727,134,1,541.79,0.0
10746,4728,26,2,259.69,0.0
10747,4728,62,3,244.7,0.1
10748,4729,42,1,328.75,0.2
10749,4730,220,1,475.38,0.0
10750,4730,94,1,514.73,0.0
10751,4731,278,1,402.71,0.0
10752,4731,220,1,475.38,0.0
10753,4732,115,1,251.88,0.0
10754,4733,126,1,240.49,0.0
10755,4734,244,2,263.25,0.0
10756,4734,84,1,43.2,0.0
10757,4735,138,1,54.35,0.0
10758,4735,177,1,156.12,0.0
10759,4736,257,1,8.4,0.05
10760,4736,33,3,217.73,0.05
10761,4736,109,1,59.23,0.0
10762,4737,117,1,567.69,0.05
10763,4738,131,1,797.13,0.0
10764,4738,295,3,139.02,0.0
10765,4739,261,2,429.63,0.0
10766,4740,255,1,249.2,0.1
10767,4740,129,1,492.47,0.0
10768,4740,3,1,978.72,0.15
10769,4741,43,1,97.72,0.0
10770,4742,3,1,978.72,0.0
10771,4742,101,1,488.42,0.0
10772,4742,91,1,369.86,0.0
10773,4742,93,1,98.57,0.0
10774,4742,257,1,8.4,0.0
10775,4743,173,1,587.7,0.05
10776,4744,28,1,749.19,0.0
10777,4744,296,1,361.73,0.0
10778,4744,1,1,433.54,0.0
10779,4745,49,1,850.7,0.0
10780,4745,82,1,235.49,0.05
10781,4745,109,1,59.23,0.0
10782,4746,267,2,253.7,0.0
10783,4746,179,3,478.65,0.0
10784,4747,59,1,287.12,0.0
10785,4748,163,1,598.68,0.0
10786,4748,300,1,133.29,0.1
10787,4749,178,1,563.12,0.1
10788,4749,208,1,260.07,0.0
10789,4749,245,1,1160.3575,0.05
10790,4750,43,1,97.72,0.0
10791,4750,79,1,308.93,0.1
10792,4750,268,1,23.79,0.0
10793,4751,233,1,82.49,0.0
10794,4751,149,1,382.77,0.0
10795,4752,40,1,171.89,0.0
10796,4752,244,1,263.25,0.0
10797,4752,186,1,290.81,0.0
10798,4753,110,1,52.92,0.0
10799,4753,130,1,454.11,0.0
10800,4753,254,2,286.86,0.05
10801,4754,9,3,66.57,0.05
10802,4754,22,1,205.71,0.0
10803,4754,259,1,533.22,0.0
10804,4755,116,-1,862.37,0.0
10805,4755,66,-1,447.18,0.1
10806,4755,88,1,275.21,0.0
10807,4755,191,3,457.7,0.2
10808,4755,263,1,222.36,0.0
10809,4756,128,1,686.4,0.0
10810,4756,113,2,55.28,0.15
10811,4757,119,1,519.85,0.0
10812,4757,122,1,607.34,0.05
10813,4758,176,1,199.39,0.05
10814,4758,281,1,146.98,0.0
10815,4758,194,2,222.76,0.0
10816,4759,215,1,501.1,0.0
10817,4759,100,1,283.25,0.0
10818,4760,275,2,82.62,0.15
10819,4760,190,1,707.42,0.0
10820,4760,219,1,211.99,0.15
10821,4760,13,1,152.16,0.1
10822,4760,283,1,680.49,0.0
10823,4761,210,1,177.09,0.0
10824,4761,77,-1,103.53,0.0
10825,4761,206,2,612.54,0.15
10826,4761,21,-1,614.24,0.0
10827,4762,256,1,537.93,0.0
10828,4762,184,2,278.4,0.0
10829,4763,34,2,399.8,0.0
10830,4763,266,3,110.99,0.0
10831,4764,144,1,299.76,0.05
10832,4765,68,1,133.13,0.0
10833,4765,273,2,560.24,0.1
10834,4765,297,3,89.43,0.0
10835,4766,300,1,133.29,0.1
10836,4766,32,1,338.4,0.0
10837,4766,178,2,563.12,0.0
10838,4767,26,3,259.69,0.15
10839,4767,47,3,513.39,0.0
10840,4767,196,1,518.75,0.15
10841,4768,103,1,456.96,0.0
10842,4768,225,1,939.11,0.0
10843,4768,183,1,942.96,0.0
10844,4768,129,1,492.47,0.1
10845,4769,7,1,357.42,0.0
10846,4770,8,3,295.82,0.05
10847,4771,184,2,278.4,0.05
10848,4771,241,1,306.12,0.0
10849,4772,232,1,71.83,0.0
10850,4773,211,3,943.9,0.0
10851,4773,179,3,478.65,0.0
10852,4773,111,1,227.31,0.0
10853,4773,120,-1,146.96,0.0
10854,4773,80,1,166.05,0.0
10855,4774,79,1,308.93,0.0
10857,4774,102,1,396.98,0.0
10858,4775,257,2,8.4,0.0
10859,4775,141,1,251.45,0.05
10860,4775,248,1,75.61,0.0
10861,4775,278,1,402.71,0.0
10862,4775,76,1,938.11,0.1
10863,4776,97,1,628.48,0.0
10864,4776,201,3,567.68,0.05
10865,4776,241,2,306.12,0.0
10866,4777,137,1,316.92,0.0
10867,4777,84,1,43.2,0.05
10868,4778,99,-1,496.87,0.1
10869,4778,95,1,711.68,0.0
10870,4778,85,1,530.7,0.0
10871,4778,259,1,533.22,0.0
10872,4778,147,1,517.03,0.0
10873,4779,50,1,240.1,0.0
10874,4780,7,1,357.42,0.0
10875,4781,136,1,974.39,0.0
10876,4781,250,1,1160.3575,0.2
10877,4781,138,1,54.35,0.0
10878,4782,206,1,612.54,0.1
10879,4783,222,1,264.61,0.0
10880,4783,57,-1,510.39,0.0
10881,4784,16,1,245.66,0.1
10882,4785,98,1,71.96,0.0
10883,4785,210,1,177.09,0.0
10884,4785,139,2,835.42,0.0
10885,4785,130,1,454.11,0.0
10886,4786,123,1,840.94,0.1
10887,4786,251,1,439.11,0.05
10888,4786,163,2,598.68,0.05
10889,4787,178,1,563.12,0.2
10890,4788,81,2,779.01,0.15
10891,4788,172,1,104.56,0.0
10892,4789,287,1,754.14,0.05
10893,4790,267,1,253.7,0.0
10894,4791,263,1,222.36,0.0
10895,4791,179,1,478.65,0.0
10896,4791,161,1,68.77,0.0
10897,4791,230,1,829.69,0.0
10898,4791,268,3,23.79,0.0
10899,4792,197,1,538.79,0.1
10900,4792,58,1,87.55,0.15
10901,4793,178,2,563.12,0.0
10902,4794,106,1,150.04,0.0
10903,4795,199,1,51.0,0.05
10904,4796,202,1,514.85,0.0
10905,4796,195,1,132.26,0.0
10906,4796,255,1,249.2,0.0
10907,4797,12,1,156.75,0.0
10908,4798,3,2,978.72,0.0
10909,4798,245,1,1160.3575,0.0
10910,4798,181,3,37.18,0.15
10911,4798,181,1,37.18,0.0
10912,4799,6,1,531.19,0.0
10913,4800,62,1,244.7,0.05
10914,4800,249,3,682.27,0.0
10915,4800,242,2,166.1,0.0
10916,4800,154,1,115.68,0.0
10917,4801,127,3,111.4,0.0
10918,4801,203,1,431.09,0.0
10919,4801,163,1,598.68,0.1
10920,4802,14,1,90.93,0.05
10921,4802,119,2,519.85,0.1
10922,4802,86,2,443.6,0.0
10923,4802,211,1,943.9,0.0
10924,4802,95,1,711.68,0.1
10925,4803,80,1,166.05,0.0
10926,4804,55,3,395.52,0.1
10927,4804,21,1,614.24,0.0
10928,4804,92,1,148.78,0.1
10929,4804,60,1,148.68,0.0
10930,4804,200,1,533.81,0.0
10931,4805,72,3,286.08,0.0
10932,4806,92,1,148.78,0.0
10933,4806,21,1,614.24,0.0
10934,4807,46,1,397.56,0.0
10935,4807,266,1,110.99,0.15
10936,4807,60,1,148.68,0.05
10937,4808,114,1,23.97,0.0
10938,4809,68,3,133.13,0.1
10939,4809,171,1,14.73,0.2
10940,4810,158,2,282.03,0.0
10941,4810,181,1,37.18,0.15
10942,4811,14,1,90.93,0.0
10943,4811,80,1,166.05,0.0
10944,4812,51,-1,863.34,0.0
10945,4812,63,2,430.39,0.0
10946,4813,272,1,5.69,0.0
10947,4814,98,1,71.96,0.0
10949,4814,58,1,87.55,0.0
10950,4814,287,2,754.14,0.05
10951,4814,234,1,486.72,0.05
10952,4814,24,1,696.97,0.0
10953,4815,65,1,460.75,0.05
10954,4815,191,3,457.7,0.0
10955,4816,248,1,75.61,0.0
10956,4816,161,1,68.77,0.1
10957,4816,139,1,835.42,0.15
10958,4817,101,1,488.42,0.0
10959,4817,295,1,139.02,0.15
10960,4817,135,-1,550.83,0.05
10961,4818,221,2,704.75,0.0
10962,4818,267,1,253.7,0.05
10963,4818,72,1,286.08,0.0
10964,4818,18,1,35.67,0.2
10965,4818,57,2,510.39,0.05
10966,4819,67,3,355.8,0.2
10967,4820,163,1,598.68,0.15
10968,4820,40,1,171.89,0.15
10969,4821,282,1,280.61,0.0
10970,4821,142,2,717.32,0.05
10971,4822,158,1,282.03,0.0
10972,4822,93,2,98.57,0.05
10973,4822,149,3,382.77,0.0
10974,4822,64,1,29.71,0.05
10975,4823,41,1,376.48,0.0
10976,4824,78,1,213.82,0.0
10977,4824,159,1,818.3,0.1
10978,4825,30,1,477.17,0.0
10979,4826,205,2,367.74,0.15
10980,4826,64,1,29.71,0.05
10981,4826,207,2,518.71,0.0
10982,4827,63,1,430.39,0.0
10983,4827,9,1,66.57,0.0
10984,4828,243,2,746.93,0.0
10985,4828,75,1,299.66,0.0
10986,4828,15,1,536.46,0.2
10987,4828,40,1,171.89,0.0
10988,4829,94,1,514.73,0.0
10989,4830,182,2,500.91,0.05
10990,4830,204,1,578.66,0.0
10991,4831,5,1,503.34,0.15
10992,4831,174,1,864.84,0.0
10993,4831,153,1,530.38,0.0
10994,4831,171,-1,14.73,0.0
10995,4832,167,1,39.88,0.2
10996,4832,213,1,111.83,0.05
10997,4833,137,1,316.92,0.0
10998,4833,136,1,974.39,0.0
10999,4833,10,2,309.24,0.0
11000,4833,150,1,182.12,0.0
11001,4834,144,1,299.76,0.0
11002,4834,250,1,1160.3575,0.1
11003,4835,196,1,518.75,0.0
11004,4835,30,1,477.17,0.05
11005,4836,84,1,43.2,0.0
11006,4836,213,1,111.83,0.0
11007,4837,282,1,280.61,0.0
11008,4837,186,1,290.81,0.1
11009,4837,88,1,275.21,0.0
11010,4838,177,1,156.12,0.0
11011,4838,248,1,75.61,0.1
11012,4839,85,1,530.7,0.0
11013,4839,186,1,290.81,0.2
11014,4840,209,1,797.01,0.0
11015,4841,49,1,850.7,0.1
11016,4841,78,2,213.82,0.0
11017,4842,21,1,614.24,0.0
11018,4842,175,1,600.57,0.05
11019,4843,92,2,148.78,0.0
11020,4843,91,1,369.86,0.0
11021,4844,34,1,399.8,0.0
11022,4845,69,2,274.11,0.1
11023,4845,262,2,214.85,0.0
11024,4845,271,1,756.22,0.0
11025,4846,193,1,351.11,0.1
11026,4846,298,3,238.39,0.05
11027,4846,205,1,367.74,0.0
11028,4846,177,1,156.12,0.1
11029,4847,227,1,192.19,0.0
11030,4847,230,1,829.69,0.0
11031,4848,126,3,240.49,0.0
11032,4848,58,2,87.55,0.1
11033,4849,43,1,97.72,0.0
11034,4850,193,1,351.11,0.15
11035,4850,32,2,338.4,0.0
11036,4850,146,1,443.54,0.1
11037,4850,254,1,286.86,0.2
11038,4851,1,1,433.54,0.0
11039,4852,46,1,397.56,0.0
11040,4853,285,-1,667.54,0.0
11041,4853,267,1,253.7,0.05
11042,4854,226,-1,211.98,0.0
11043,4854,247,2,708.26,0.0
11044,4854,104,1,957.31,0.1
11045,4855,9,1,66.57,0.15
11046,4855,68,2,133.13,0.0
11047,4856,187,1,127.57,0.05
11048,4856,137,1,316.92,0.2
11049,4856,87,1,564.0,0.05
11050,4856,171,1,14.73,0.2
11051,4857,56,1,186.07,0.1
11052,4857,153,1,530.38,0.0
11053,4857,43,1,97.72,0.0
11054,4858,102,1,396.98,0.0
11055,4858,112,1,10.73,0.0
11056,4858,254,1,286.86,0.0
11057,4859,193,1,351.11,0.0
11058,4860,97,1,628.48,0.0
11059,4860,217,1,479.18,0.0
11060,4860,61,1,512.76,0.2
11061,4860,30,1,477.17,0.0
11062,4860,292,1,425.68,0.0
11063,4861,64,3,29.71,0.0
11064,4861,103,1,456.96,0.15
11065,4862,77,1,103.53,0.0
11066,4862,108,1,378.75,0.05
11067,4862,223,3,57.85,0.0
11068,4862,185,1,582.19,0.15
11069,4862,292,1,425.68,0.2
11070,4863,86,1,443.6,0.0
11071,4864,241,1,306.12,0.0
11072,4864,38,1,364.99,0.05
11073,4865,97,1,628.48,0.05
11074,4865,123,1,840.94,0.2
11075,4865,7,1,357.42,0.05
11076,4866,199,2,51.0,0.0
11077,4867,283,1,680.49,0.1
11078,4868,80,1,166.05,0.0
11079,4868,252,2,274.43,0.15
11080,4869,210,1,177.09,0.0
11081,4869,196,2,518.75,0.0
11082,4869,5,1,503.34,0.0
11083,4869,22,1,205.71,0.0
11084,4870,32,2,338.4,0.1
11085,4871,32,3,338.4,0.1
11086,4871,211,2,943.9,0.1
11087,4872,178,1,563.12,0.0
11088,4872,276,1,341.21,0.1
11089,4872,74,3,171.2,0.2
11090,4872,30,1,477.17,0.2
11091,4873,289,1,635.36,0.0
11092,4873,194,1,222.76,0.0
11093,4874,264,2,16.2,0.0
11094,4875,279,1,226.81,0.0
11095,4875,71,1,362.18,0.0
11096,4875,233,1,82.49,0.0
11097,4876,103,1,456.96,0.1
11098,4877,182,3,500.91,0.0
11099,4877,168,2,649.6,0.0
11100,4877,249,2,682.27,0.0
11101,4878,250,1,1160.3575,0.0
11102,4878,280,1,121.8,0.0
11103,4878,265,1,839.64,0.0
11104,4879,29,1,103.82,0.0
11105,4880,201,3,567.68,0.0
11106,4880,64,3,29.71,0.1
11107,4880,117,1,567.69,0.1
11108,4880,89,1,247.06,0.0
11109,4880,111,1,227.31,0.0
11110,4881,279,1,226.81,0.05
11111,4882,4,2,17.97,0.0
11112,4883,278,3,402.71,0.05
11113,4884,36,2,749.87,0.0
11114,4884,212,3,445.65,0.15
11115,4884,274,1,528.78,0.1
11116,4884,65,1,460.75,0.05
11117,4884,113,1,55.28,0.0
11118,4885,204,1,578.66,0.15
11119,4885,97,2,628.48,0.0
11120,4885,187,1,127.57,0.2
11121,4886,125,1,584.13,0.0
11122,4886,219,2,211.99,0.0
11123,4887,228,-1,162.75,0.0
11124,4888,71,2,362.18,0.1
11125,4889,31,1,976.57,0.0
11126,4890,35,1,425.48,0.15
11127,4891,72,1,286.08,0.0
11128,4891,289,1,635.36,0.0
11129,4891,226,1,211.98,0.0
11130,4892,218,2,127.17,0.05
11131,4892,267,2,253.7,0.05
11132,4893,165,2,605.76,0.15
11133,4893,19,1,727.02,0.0
11134,4894,74,1,171.2,0.0
11135,4894,224,2,23.12,0.0
11136,4894,208,1,260.07,0.2
11137,4894,83,1,243.1,0.0
11138,4895,101,1,488.42,0.1
11139,4896,199,1,51.0,0.05
11140,4896,57,1,510.39,0.05
11141,4897,219,-1,211.99,0.0
11142,4898,59,3,287.12,0.0
11143,4898,118,1,611.17,0.0
11144,4898,41,1,376.48,0.2
11145,4898,185,1,582.19,0.0
11146,4898,37,-1,608.8,0.0
11147,4899,274,-1,528.78,0.0
11148,4899,15,1,536.46,0.1
11150,4899,103,1,456.96,0.0
11151,4900,14,3,90.93,0.1
11152,4901,207,1,518.71,0.05
11153,4901,200,2,533.81,0.0
11154,4902,108,1,378.75,0.0
11155,4903,64,1,29.71,0.1
11156,4904,89,-1,247.06,0.0
11157,4905,82,-1,235.49,0.1
11158,4905,297,-1,89.43,0.05
11159,4905,48,1,231.62,0.2
11160,4905,16,1,245.66,0.2
11161,4906,279,1,226.81,0.0
11162,4906,165,1,605.76,0.0
11163,4906,74,1,171.2,0.2
11164,4906,144,1,299.76,0.0
11165,4906,255,1,249.2,0.0
11166,4907,104,1,957.31,0.0
11167,4907,205,1,367.74,0.0
11168,4908,7,1,357.42,0.0
11169,4909,202,1,514.85,0.0
11170,4910,39,1,412.64,0.05
11171,4910,20,1,548.49,0.0
11172,4910,239,1,517.8,0.0
11173,4910,295,1,139.02,0.1
11174,4911,210,1,177.09,0.0
11175,4912,67,1,355.8,0.0
11176,4912,215,1,501.1,0.0
11177,4912,214,-1,304.46,0.0
11178,4912,200,2,533.81,0.1
11179,4912,190,2,707.42,0.05
11180,4913,235,1,370.09,0.0
11181,4913,218,1,127.17,0.15
11182,4914,157,1,701.5,0.05
11183,4914,294,1,141.94,0.15
11184,4914,146,1,443.54,0.05
11185,4914,221,1,704.75,0.15
11186,4914,124,1,640.23,0.0
11187,4915,162,1,126.53,0.1
11188,4915,243,3,746.93,0.1
11189,4915,20,2,548.49,0.0
11190,4915,109,1,59.23,0.05
11191,4916,1,1,433.54,0.0
11192,4916,207,1,518.71,0.15
11193,4916,67,1,355.8,0.0
11194,4917,46,1,397.56,0.1
11195,4917,126,1,240.49,0.1
11196,4918,262,1,214.85,0.0
11197,4918,3,1,978.72,0.0
11198,4918,108,1,378.75,0.0
11199,4919,81,1,779.01,0.05
11200,4919,24,1,696.97,0.05
11201,4920,200,1,533.81,0.0
11202,4921,112,1,10.73,0.1
11203,4921,263,1,222.36,0.0
11204,4922,266,1,110.99,0.1
11205,4922,9,1,66.57,0.0
11206,4923,52,1,12.48,0.0
11207,4923,271,2,756.22,0.0
11208,4923,87,1,564.0,0.0
11209,4923,246,1,574.84,0.2
11210,4923,230,1,829.69,0.05
11211,4924,282,1,280.61,0.0
11212,4925,300,1,133.29,0.0
11213,4926,44,1,6.81,0.0
11214,4926,76,1,938.11,0.2
11215,4927,106,1,150.04,0.0
11216,4928,135,1,550.83,0.0
11217,4928,229,1,690.53,0.0
11218,4928,93,3,98.57,0.0
11219,4928,72,1,286.08,0.1
11220,4929,169,1,458.05,0.1
11221,4929,272,3,5.69,0.0
11222,4929,22,1,205.71,0.0
11223,4929,250,-1,1160.3575,0.0
11224,4929,195,1,132.26,0.0
11225,4930,13,1,152.16,0.0
11226,4930,37,1,608.8,0.15
11227,4930,96,2,682.77,0.15
11228,4930,262,1,214.85,0.0
11229,4930,41,1,376.48,0.0
11230,4931,145,1,61.15,0.1
11231,4931,234,1,486.72,0.0
11232,4931,234,1,486.72,0.05
11233,4931,246,2,574.84,0.0
11234,4931,116,1,862.37,0.1
11235,4932,43,1,97.72,0.15
11236,4932,189,1,24.7,0.15
11237,4932,167,1,39.88,0.1
11238,4933,112,3,10.73,0.0
11239,4934,87,3,564.0,0.05
11240,4934,119,1,519.85,0.05
11241,4935,225,1,939.11,0.1
11242,4935,64,1,29.71,0.15
11243,4935,51,1,863.34,0.0
11244,4936,38,1,364.99,0.0
11245,4936,206,1,612.54,0.1
11246,4936,168,2,649.6,0.0
11247,4936,131,3,797.13,0.05
11248,4937,250,2,1160.3575,0.0
11249,4937,159,2,818.3,0.0
11250,4938,171,1,14.73,0.05
11251,4938,228,1,162.75,0.0
11252,4938,3,1,978.72,0.05
11253,4939,137,1,316.92,0.0
11254,4939,146,1,443.54,0.0
11255,4940,66,1,447.18,0.05
11256,4941,58,1,87.55,0.0
11257,4942,161,1,68.77,0.0
11258,4942,182,3,500.91,0.1
11259,4942,186,1,290.81,0.0
11260,4943,47,1,513.39,0.0
11261,4944,233,2,82.49,0.05
11262,4944,119,1,519.85,0.0
11263,4945,98,1,71.96,0.0
11264,4946,281,3,146.98,0.15
11265,4946,71,1,362.18,0.0
11266,4947,218,2,127.17,0.05
11267,4948,16,1,245.66,0.0
11268,4949,262,1,214.85,0.0
11269,4950,226,1,211.98,0.05
11270,4951,220,1,475.38,0.05
11271,4952,244,1,263.25,0.0
11272,4952,220,1,475.38,0.0
11273,4953,169,1,458.05,0.0
11274,4953,106,1,150.04,0.0
11275,4953,127,1,111.4,0.0
11276,4954,295,2,139.02,0.0
11277,4954,2,1,807.37,0.0
11278,4954,108,1,378.75,0.0
11279,4955,108,2,378.75,0.0
11280,4955,146,1,443.54,0.0
11281,4955,85,1,530.7,0.0
11282,4955,110,1,52.92,0.0
11283,4956,170,2,723.66,0.05
11284,4956,265,2,839.64,0.15
11285,4956,32,2,338.4,0.1
11286,4956,215,1,501.1,0.0
11287,4956,126,1,240.49,0.05
11288,4957,201,1,567.68,0.0
11289,4957,249,1,682.27,0.0
11290,4958,173,1,587.7,0.0
11291,4958,140,2,500.02,0.05
11292,4958,190,2,707.42,0.0
11293,4958,244,1,263.25,0.1
11294,4959,193,1,351.11,0.0
11295,4959,286,2,47.93,0.2
11296,4960,250,1,1160.3575,0.05
11297,4960,60,3,148.68,0.0
11298,4960,262,1,214.85,0.0
11299,4960,218,1,127.17,0.0
11300,4961,41,1,376.48,0.0
11301,4961,199,1,51.0,0.15
11302,4962,276,1,341.21,0.0
11303,4963,290,1,908.96,0.15
11304,4964,131,1,797.13,0.0
11305,4964,184,1,278.4,0.1
11306,4965,144,1,299.76,0.0
11307,4965,108,3,378.75,0.0
11308,4966,170,1,723.66,0.0
11309,4966,289,1,635.36,0.0
11310,4966,77,1,103.53,0.1
11311,4967,207,1,518.71,0.1
11312,4967,251,2,439.11,0.0
11313,4967,97,3,628.48,0.0
11314,4968,55,1,395.52,0.15
11315,4968,27,1,686.85,0.2
11316,4968,119,1,519.85,0.05
11317,4969,131,1,797.13,0.0
11318,4970,21,1,614.24,0.0
11319,4971,6,1,531.19,0.0
11320,4971,272,2,5.69,0.15
11321,4972,13,1,152.16,0.1
11322,4973,65,2,460.75,0.0
11323,4973,220,1,475.38,0.0
11324,4973,255,1,249.2,0.1
11325,4974,262,1,214.85,0.1
11326,4975,47,2,513.39,0.1
11327,4975,152,1,910.86,0.0
11328,4976,217,1,479.18,0.0
11329,4976,102,1,396.98,0.0
11330,4977,109,1,59.23,0.0
11331,4977,234,-1,486.72,0.0
11332,4978,134,1,541.79,0.0
11333,4978,92,1,148.78,0.0
11334,4978,261,1,429.63,0.15
11335,4978,284,1,228.9,0.0
11336,4979,96,1,682.77,0.0
11337,4979,205,2,367.74,0.0
11338,4980,140,3,500.02,0.15
11339,4980,250,1,1160.3575,0.1
11340,4980,261,1,429.63,0.0
11341,4981,296,1,361.73,0.0
11342,4981,203,-1,431.09,0.0
11343,4982,251,2,439.11,0.0
11344,4982,293,2,709.48,0.0
11345,4982,270,1,1160.3575,0.0
11346,4983,292,1,425.68,0.0
11347,4983,181,1,37.18,0.0
11348,4983,90,3,219.22,0.15
11349,4984,162,1,126.53,0.0
11350,4984,133,3,479.79,0.0
11351,4985,119,1,519.85,0.0
11352,4985,245,1,1160.3575,0.0
11353,4986,39,2,412.64,0.0
11354,4986,231,2,410.59,0.05
11355,4986,160,1,150.1,0.0
11356,4986,123,2,840.94,0.0
11357,4986,194,1,222.76,0.15
11358,4987,65,1,460.75,0.0
11359,4987,18,1,35.67,0.0
11360,4987,80,1,166.05,0.0
11361,4988,51,1,863.34,0.0
11362,4988,248,1,75.61,0.05
11363,4989,187,2,127.57,0.1
11364,4989,69,1,274.11,0.0
11365,4989,152,1,910.86,0.1
11366,4989,215,1,501.1,0.0
11367,4989,117,1,567.69,0.0
11368,4990,125,2,584.13,0.0
11369,4990,218,1,127.17,0.0
11370,4991,171,2,14.73,0.0
11371,4991,234,1,486.72,0.1
11372,4992,146,1,443.54,0.1
11373,4992,148,1,304.48,0.1
11374,4992,139,1,835.42,0.0
11375,4993,225,1,939.11,0.0
11376,4993,25,1,282.92,0.0
11377,4994,96,1,682.77,0.0
11378,4994,171,1,14.73,0.0
11379,4995,11,1,216.27,0.0
11380,4995,188,1,550.0,0.1
11381,4995,289,1,635.36,0.2
11382,4995,293,1,709.48,0.1
11383,4995,151,1,625.19,0.05
11384,4996,60,1,148.68,0.0
11385,4996,254,1,286.86,0.2
11386,4996,88,1,275.21,0.0
11387,4996,157,1,701.5,0.0
11388,4997,239,1,517.8,0.0
11389,4997,279,-1,226.81,0.0
11390,4997,11,1,216.27,0.0
11391,4998,184,1,278.4,0.1
11392,4998,181,1,37.18,0.2
11393,4998,129,1,492.47,0.0
11394,4999,206,1,612.54,0.0
11395,4999,187,1,127.57,0.0
11396,4999,38,1,364.99,0.0
11397,4999,72,1,286.08,0.0
11398,5000,37,2,608.8,0.0
11399,5001,267,1,253.7,0.0
11400,5002,29,1,103.82,0.1
11401,5003,293,1,709.48,0.05
11402,5004,200,1,533.81,0.15
11403,5004,141,1,251.45,0.05
11404,5005,53,1,192.38,0.0
11405,5006,40,2,171.89,0.0
11406,5006,44,1,6.81,0.1
11407,5006,58,1,87.55,0.0
11408,5006,293,-1,709.48,0.0
11409,5007,106,1,150.04,0.0
11410,5007,32,1,338.4,0.0
11411,5008,188,1,550.0,0.0
11412,5008,173,1,587.7,0.0
11413,5008,45,1,511.39,0.05
11414,5008,292,-1,425.68,0.0
11415,5009,83,1,243.1,0.1
11416,5009,269,2,603.81,0.0
11418,5010,292,2,425.68,0.0
11419,5010,206,1,612.54,0.05
11420,5010,54,1,679.71,0.05
11421,5010,182,1,500.91,0.0
11422,5011,199,1,51.0,0.05
11423,5012,144,-1,299.76,0.0
11424,5013,300,1,133.29,0.0
11425,5013,269,1,603.81,0.0
11426,5014,178,1,563.12,0.0
11427,5015,9,1,66.57,0.0
11428,5016,245,1,1160.3575,0.0
11429,5017,32,2,338.4,0.0
11430,5018,24,1,696.97,0.05
11431,5018,88,1,275.21,0.05
11432,5018,164,1,446.58,0.15
11433,5018,150,1,182.12,0.1
11434,5018,128,2,686.4,0.0
11435,5019,275,1,82.62,0.0
11436,5019,285,1,667.54,0.1
11437,5020,218,1,127.17,0.0
11438,5020,195,1,132.26,0.1
11439,5020,173,1,587.7,0.0
11440,5021,183,1,942.96,0.05
11441,5021,213,1,111.83,0.15
11442,5022,289,1,635.36,0.15
11443,5023,253,1,621.95,0.0
11444,5023,180,1,843.45,0.15
11445,5024,214,2,304.46,0.15
11446,5025,59,1,287.12,0.2
11447,5025,112,1,10.73,0.0
11448,5025,263,1,222.36,0.0
11449,5026,286,1,47.93,0.0
11450,5027,283,1,680.49,0.05
11451,5028,226,2,211.98,0.0
11452,5029,285,1,667.54,0.2
11453,5029,49,2,850.7,0.0
11454,5030,219,2,211.99,0.1
11455,5031,274,1,528.78,0.05
11456,5031,25,1,282.92,0.0
11457,5031,188,1,550.0,0.15
11458,5032,274,1,528.78,0.05
11459,5032,194,1,222.76,0.05
11460,5033,212,1,445.65,0.0
11461,5033,42,1,328.75,0.0
11462,5033,251,1,439.11,0.15
11463,5034,45,1,511.39,0.0
11464,5034,154,1,115.68,0.0
11465,5035,147,2,517.03,0.0
11466,5035,206,1,612.54,0.0
11467,5035,165,3,605.76,0.15
11468,5035,22,1,205.71,0.0
11469,5035,171,1,14.73,0.05
11470,5036,157,1,701.5,0.1
11471,5036,144,2,299.76,0.05
11472,5036,88,1,275.21,0.05
11473,5036,18,1,35.67,0.0
11474,5037,248,1,75.61,0.0
11475,5037,78,3,213.82,0.0
11476,5037,200,1,533.81,0.0
11477,5037,59,1,287.12,0.0
11478,5038,295,1,139.02,0.0
11480,5039,77,1,103.53,0.0
11481,5039,162,2,126.53,0.0
11482,5039,289,1,635.36,0.05
11483,5039,188,1,550.0,0.0
11484,5039,201,1,567.68,0.0
11485,5040,210,2,177.09,0.0
11486,5040,20,1,548.49,0.0
11487,5040,86,1,443.6,0.0
11488,5040,276,2,341.21,0.0
11489,5041,249,1,682.27,0.0
11490,5042,282,1,280.61,0.1
11491,5042,175,1,600.57,0.1
11492,5043,198,1,266.02,0.05
11493,5043,248,1,75.61,0.15
11494,5044,144,1,299.76,0.0
11495,5044,247,2,708.26,0.0
11496,5045,39,1,412.64,0.0
11497,5045,23,1,235.35,0.15
11498,5045,284,1,228.9,0.0
11499,5046,155,1,607.36,0.0
11500,5047,287,1,754.14,0.0
11501,5047,257,1,8.4,0.05
11502,5047,217,1,479.18,0.2
11503,5047,201,1,567.68,0.0
11504,5048,153,1,530.38,0.05
11505,5048,157,1,701.5,0.2
11506,5049,138,1,54.35,0.0
11507,5049,280,1,121.8,0.05
11508,5049,259,-1,533.22,0.0
11509,5050,12,2,156.75,0.0
11510,5051,109,1,59.23,0.0
11511,5052,253,1,621.95,0.0
11512,5052,271,2,756.22,0.0
11513,5052,225,2,939.11,0.2
11514,5052,133,1,479.79,0.1
11515,5052,267,1,253.7,0.0
11516,5053,81,1,779.01,0.05
11517,5054,120,-1,146.96,0.05
11518,5054,38,2,364.99,0.05
11519,5055,280,1,121.8,0.0
11520,5055,194,1,222.76,0.0
11521,5056,94,1,514.73,0.0
11522,5057,27,1,686.85,0.0
11523,5057,124,1,640.23,0.0
11524,5058,168,1,649.6,0.05
11525,5058,156,1,372.8,0.05
11526,5059,105,1,375.87,0.0
11527,5059,180,3,843.45,0.0
11528,5060,52,1,12.48,0.1
11529,5061,39,1,412.64,0.05
11530,5061,279,1,226.81,0.0
11531,5062,180,1,843.45,0.1
11532,5062,4,2,17.97,0.0
11533,5063,278,1,402.71,0.0
11534,5063,23,1,235.35,0.0
11535,5064,284,3,228.9,0.0
11536,5064,173,1,587.7,0.0
11537,5065,19,1,727.02,0.1
11538,5066,79,1,308.93,0.1
11539,5067,227,3,192.19,0.1
11540,5067,14,2,90.93,0.0
11541,5067,119,1,519.85,0.05
11542,5068,116,1,862.37,0.0
11543,5068,222,1,264.61,0.0
11544,5069,143,2,421.93,0.0
11545,5069,135,-1,550.83,0.0
11546,5069,114,2,23.97,0.0
11547,5070,297,1,89.43,0.0
11548,5071,227,3,192.19,0.05
11549,5071,74,1,171.2,0.05
11550,5072,62,1,244.7,0.05
11551,5072,157,2,701.5,0.0
11552,5073,242,3,166.1,0.2
11553,5073,26,1,259.69,0.05
11554,5074,55,2,395.52,0.0
11556,5075,81,2,779.01,0.0
11557,5075,71,1,362.18,0.2
11558,5076,101,2,488.42,0.05
11559,5076,70,1,402.01,0.0
11560,5077,148,-1,304.48,0.0
11561,5078,132,1,299.38,0.1
11562,5078,55,2,395.52,0.1
11563,5079,288,1,515.26,0.2
11564,5080,168,1,649.6,0.05
11565,5080,31,2,976.57,0.0
11566,5081,145,1,61.15,0.0
11567,5081,292,1,425.68,0.2
11568,5082,194,-1,222.76,0.05
11569,5082,215,1,501.1,0.0
11570,5083,37,1,608.8,0.0
11571,5083,113,1,55.28,0.0
11572,5083,251,3,439.11,0.1
11573,5084,24,1,696.97,0.0
11574,5084,72,2,286.08,0.0
11575,5084,58,2,87.55,0.05
11576,5085,200,1,533.81,0.0
11577,5086,212,1,445.65,0.0
11578,5087,243,1,746.93,0.0
11579,5087,55,-1,395.52,0.0
11580,5088,136,1,974.39,0.05
11581,5088,36,1,749.87,0.0
11582,5089,90,-1,219.22,0.0
11583,5090,203,1,431.09,0.0
11584,5091,20,1,548.49,0.0
11585,5092,202,1,514.85,0.05
11586,5093,243,1,746.93,0.0
11587,5093,106,1,150.04,0.0
11588,5093,216,1,492.92,0.05
11589,5094,123,2,840.94,0.15
11590,5095,275,1,82.62,0.15
11591,5095,2,1,807.37,0.05
11592,5096,80,1,166.05,0.0
11593,5096,189,1,24.7,0.0
11594,5096,179,1,478.65,0.15
11595,5097,57,1,510.39,0.2
11596,5097,46,1,397.56,0.0
11597,5097,144,1,299.76,0.0
11598,5098,253,1,621.95,0.05
11599,5099,161,1,68.77,0.0
11600,5099,89,1,247.06,0.0
11601,5099,57,1,510.39,0.0
11602,5099,186,1,290.81,0.0
11603,5099,281,1,146.98,0.05
11604,5100,28,1,749.19,0.0
11605,5100,122,1,607.34,0.0
11606,5101,8,1,295.82,0.1
11607,5102,63,1,430.39,0.15
11608,5102,87,1,564.0,0.0
11609,5102,251,1,439.11,0.05
11610,5102,241,1,306.12,0.0
11611,5103,157,1,701.5,0.0
11612,5103,263,2,222.36,0.0
11613,5103,176,1,199.39,0.1
11614,5103,298,2,238.39,0.05
11615,5104,246,1,574.84,0.2
11616,5104,235,1,370.09,0.0
11617,5104,97,1,628.48,0.0
11618,5104,245,1,1160.3575,0.0
11619,5105,287,1,754.14,0.1
11620,5105,168,1,649.6,0.05
11621,5105,76,1,938.11,0.0
11622,5105,115,1,251.88,0.05
11623,5106,174,1,864.84,0.05
11624,5106,86,1,443.6,0.05
11625,5106,293,1,709.48,0.0
11626,5106,223,1,57.85,0.0
11627,5106,101,-1,488.42,0.2
11628,5107,279,1,226.81,0.1
11629,5107,142,1,717.32,0.0
11630,5107,167,1,39.88,0.0
11631,5107,290,2,908.96,0.0
11632,5108,271,3,756.22,0.0
11633,5108,277,1,437.32,0.1
11634,5109,198,2,266.02,0.0
11635,5109,177,1,156.12,0.0
11636,5109,109,1,59.23,0.0
11637,5110,13,2,152.16,0.0
11638,5110,90,1,219.22,0.05
11639,5110,46,1,397.56,0.0
11640,5110,229,1,690.53,0.0
11641,5110,156,2,372.8,0.05
11642,5111,199,1,51.0,0.0
11643,5111,280,1,121.8,0.05
11644,5111,117,1,567.69,0.05
11645,5111,156,2,372.8,0.0
11646,5111,254,1,286.86,0.0
11648,5112,250,1,1160.3575,0.0
11649,5112,219,1,211.99,0.15
11650,5113,21,1,614.24,0.0
11651,5114,166,1,278.38,0.0
11652,5114,47,1,513.39,0.0
11653,5114,160,1,150.1,0.0
11654,5115,67,1,355.8,0.1
11655,5115,254,1,286.86,0.0
11656,5115,134,1,541.79,0.0
11657,5115,294,1,141.94,0.0
11658,5115,23,1,235.35,0.1
11659,5116,122,1,607.34,0.0
11660,5117,37,1,608.8,0.05
11661,5117,2,1,807.37,0.0
11662,5118,231,1,410.59,0.0
11663,5118,133,-1,479.79,0.05
11664,5119,290,1,908.96,0.0
11665,5119,211,1,943.9,0.0
11666,5120,80,1,166.05,0.15
11667,5120,190,1,707.42,0.0
11668,5121,290,1,908.96,0.0
11669,5121,273,-1,560.24,0.1
11670,5121,293,1,709.48,0.05
11671,5122,129,1,492.47,0.2
11672,5123,145,1,61.15,0.05
11673,5123,5,1,503.34,0.05
11674,5124,86,1,443.6,0.0
11675,5124,290,3,908.96,0.0
11676,5125,132,1,299.38,0.0
11677,5125,210,1,177.09,0.05
11678,5126,188,1,550.0,0.0
11679,5127,264,2,16.2,0.0
11680,5127,191,2,457.7,0.05
11681,5127,232,1,71.83,0.0
11682,5127,300,1,133.29,0.15
11683,5127,124,2,640.23,0.0
11684,5128,19,2,727.02,0.0
11685,5128,108,2,378.75,0.15
11686,5129,69,1,274.11,0.0
11687,5130,253,1,621.95,0.0
11688,5131,215,1,501.1,0.0
11689,5131,264,1,16.2,0.0
11690,5131,45,1,511.39,0.1
11691,5131,248,1,75.61,0.0
11692,5132,198,2,266.02,0.0
11693,5132,220,2,475.38,0.2
11694,5132,5,1,503.34,0.05
11695,5133,96,1,682.77,0.15
11696,5134,172,1,104.56,0.2
11697,5134,153,1,530.38,0.1
11698,5135,203,1,431.09,0.0
11699,5135,138,1,54.35,0.0
11700,5135,115,1,251.88,0.1
11701,5135,123,1,840.94,0.0
11702,5135,43,1,97.72,0.0
11703,5136,103,1,456.96,0.0
11705,5137,226,1,211.98,0.15
11706,5137,158,1,282.03,0.0
11707,5137,103,1,456.96,0.0
11708,5137,75,1,299.66,0.0
11709,5138,47,1,513.39,0.0
11710,5138,127,1,111.4,0.0
11711,5138,85,1,530.7,0.0
11712,5139,61,2,512.76,0.0
11713,5140,157,1,701.5,0.0
11715,5141,218,3,127.17,0.0
11716,5141,279,2,226.81,0.05
11717,5141,163,1,598.68,0.0
11718,5142,48,1,231.62,0.15
11719,5142,16,1,245.66,0.15
11720,5142,55,3,395.52,0.05
11721,5143,234,1,486.72,0.0
11722,5143,205,2,367.74,0.0
11723,5144,84,1,43.2,0.0
11724,5144,53,1,192.38,0.05
11725,5144,170,1,723.66,0.0
11726,5144,134,1,541.79,0.0
11727,5144,67,2,355.8,0.1
11728,5145,204,3,578.66,0.1
11729,5145,181,1,37.18,0.0
11730,5145,180,1,843.45,0.0
11731,5145,207,3,518.71,0.0
11732,5146,248,2,75.61,0.0
11733,5146,53,1,192.38,0.1
11734,5147,56,1,186.07,0.1
11735,5148,124,1,640.23,0.15
11736,5148,198,2,266.02,0.0
11737,5148,21,1,614.24,0.05
11738,5148,59,1,287.12,0.05
11739,5148,300,1,133.29,0.0
11740,5149,2,1,807.37,0.05
11741,5149,300,1,133.29,0.0
11742,5150,188,3,550.0,0.0
11743,5151,171,1,14.73,0.15
11744,5151,245,1,1160.3575,0.05
11745,5152,19,1,727.02,0.0
11746,5152,283,1,680.49,0.0
11747,5153,177,1,156.12,0.0
11748,5154,260,1,619.66,0.05
11749,5155,16,1,245.66,0.0
11750,5155,40,1,171.89,0.15
11751,5155,224,1,23.12,0.0
11752,5156,160,1,150.1,0.05
11753,5156,276,1,341.21,0.2
11754,5157,245,1,1160.3575,0.1
11755,5158,189,2,24.7,0.0
11756,5158,133,1,479.79,0.1
11758,5158,153,1,530.38,0.0
11759,5159,246,1,574.84,0.0
11760,5159,254,-1,286.86,0.05
11761,5159,76,1,938.11,0.1
11762,5160,37,2,608.8,0.0
11763,5160,120,1,146.96,0.0
11764,5160,102,1,396.98,0.0
11765,5161,3,3,978.72,0.0
11766,5161,172,1,104.56,0.0
11767,5161,151,1,625.19,0.0
11768,5162,217,1,479.18,0.0
11769,5162,264,1,16.2,0.0
11770,5163,66,1,447.18,0.2
11771,5163,98,1,71.96,0.0
11773,5163,73,1,346.78,0.0
11774,5164,288,1,515.26,0.05
11775,5165,299,1,725.08,0.05
11776,5165,263,1,222.36,0.0
11777,5165,119,1,519.85,0.0
11778,5166,10,1,309.24,0.0
11779,5166,5,2,503.34,0.2
11780,5166,285,1,667.54,0.0
11781,5167,160,1,150.1,0.0
11782,5168,21,1,614.24,0.0
11783,5168,215,1,501.1,0.0
11784,5169,19,1,727.02,0.0
11785,5170,55,3,395.52,0.1
11786,5170,61,1,512.76,0.0
11787,5170,276,1,341.21,0.1
11788,5171,184,2,278.4,0.1
11789,5171,185,1,582.19,0.0
11790,5172,228,1,162.75,0.0
11791,5172,154,2,115.68,0.0
11792,5172,279,1,226.81,0.05
11793,5173,93,1,98.57,0.0
11794,5173,219,1,211.99,0.0
11795,5173,77,-1,103.53,0.1
11796,5174,284,1,228.9,0.0
11797,5175,94,1,514.73,0.05
11798,5176,132,1,299.38,0.15
11799,5176,172,1,104.56,0.0
11800,5176,173,1,587.7,0.0
11801,5176,131,1,797.13,0.05
11802,5177,97,1,628.48,0.0
11803,5178,238,-1,192.17,0.0
11804,5178,88,1,275.21,0.0
11805,5179,63,2,430.39,0.05
11806,5179,257,1,8.4,0.0
11807,5180,84,3,43.2,0.05
11808,5180,63,1,430.39,0.0
11809,5181,18,1,35.67,0.0
11810,5181,30,3,477.17,0.05
11811,5181,227,1,192.19,0.15
11812,5182,29,1,103.82,0.1
11813,5182,8,1,295.82,0.0
11814,5183,106,1,150.04,0.2
11815,5183,23,1,235.35,0.1
11816,5183,141,1,251.45,0.0
11817,5184,212,2,445.65,0.0
11818,5184,214,1,304.46,0.05
11819,5184,252,1,274.43,0.0
11820,5185,31,1,976.57,0.0
11821,5186,44,1,6.81,0.1
11822,5187,11,3,216.27,0.2
11823,5188,264,1,16.2,0.0
11824,5188,137,1,316.92,0.05
11825,5188,292,1,425.68,0.1
11826,5188,2,1,807.37,0.0
11827,5189,65,1,460.75,0.1
11828,5190,189,1,24.7,0.0
11829,5191,285,1,667.54,0.0
11830,5191,281,1,146.98,0.0
11831,5191,32,1,338.4,0.0
11832,5192,161,1,68.77,0.0
11833,5192,225,1,939.11,0.0
11834,5193,132,1,299.38,0.1
11835,5193,287,1,754.14,0.1
11836,5194,253,1,621.95,0.0
11837,5194,36,1,749.87,0.0
11838,5195,247,1,708.26,0.05
11839,5195,21,2,614.24,0.05
11840,5195,92,1,148.78,0.05
11841,5195,43,1,97.72,0.0
11842,5195,262,3,214.85,0.0
11843,5196,119,1,519.85,0.15
11844,5196,29,2,103.82,0.0
11845,5197,133,2,479.79,0.15
11846,5198,177,1,156.12,0.0
11847,5199,57,1,510.39,0.0
11848,5200,23,3,235.35,0.15
11849,5201,36,1,749.87,0.0
11850,5202,182,1,500.91,0.0
11851,5202,19,1,727.02,0.05
11852,5203,156,1,372.8,0.0
11853,5203,187,1,127.57,0.0
11854,5204,223,1,57.85,0.0
11855,5205,113,1,55.28,0.2
11856,5205,3,1,978.72,0.0
11857,5205,206,1,612.54,0.15
11858,5206,5,1,503.34,0.0
11859,5206,151,1,625.19,0.1
11860,5206,271,1,756.22,0.05
11861,5206,51,1,863.34,0.15
11862,5207,81,1,779.01,0.15
11863,5207,278,2,402.71,0.0
11864,5207,224,1,23.12,0.0
11865,5208,141,1,251.45,0.05
11866,5209,42,1,328.75,0.0
11867,5210,300,2,133.29,0.0
11868,5211,271,1,756.22,0.0
11869,5212,113,1,55.28,0.05
11870,5212,190,1,707.42,0.15
11871,5213,151,1,625.19,0.05
11872,5213,267,1,253.7,0.0
11873,5214,296,3,361.73,0.0
11874,5215,187,1,127.57,0.0
11875,5215,264,1,16.2,0.05
11876,5215,215,2,501.1,0.2
11877,5215,209,1,797.01,0.2
11878,5216,24,2,696.97,0.2
11879,5217,211,1,943.9,0.15
11880,5217,172,1,104.56,0.0
11881,5217,31,1,976.57,0.0
11882,5218,214,1,304.46,0.0
11883,5218,63,1,430.39,0.0
11884,5218,118,1,611.17,0.0
11885,5219,273,1,560.24,0.15
11886,5220,103,1,456.96,0.0
11887,5220,255,2,249.2,0.0
11888,5221,238,1,192.17,0.0
11889,5221,156,1,372.8,0.2
11890,5221,142,3,717.32,0.0
11891,5221,250,1,1160.3575,0.05
11892,5222,35,1,425.48,0.0
11893,5222,181,1,37.18,0.2
11894,5222,180,1,843.45,0.0
11895,5223,197,2,538.79,0.05
11896,5223,72,1,286.08,0.1
11897,5223,84,1,43.2,0.0
11898,5223,17,1,953.82,0.05
11899,5223,51,3,863.34,0.1
11900,5224,76,1,938.11,0.1
11901,5224,291,1,19.78,0.0
11902,5224,223,1,57.85,0.0
11903,5224,240,2,555.47,0.05
11904,5225,162,1,126.53,0.0
11905,5225,4,1,17.97,0.05
11906,5225,282,1,280.61,0.0
11907,5225,285,2,667.54,0.15
11908,5226,113,1,55.28,0.15
11909,5227,209,1,797.01,0.0
11910,5228,245,1,1160.3575,0.05
11911,5228,223,1,57.85,0.2
11912,5229,82,1,235.49,0.15
11913,5229,114,2,23.97,0.2
11914,5230,85,2,530.7,0.15
11915,5230,276,1,341.21,0.0
11916,5230,264,2,16.2,0.0
11917,5230,211,1,943.9,0.15
11918,5230,247,1,708.26,0.0
11919,5231,108,1,378.75,0.0
11920,5231,291,1,19.78,0.0
11921,5232,250,1,1160.3575,0.0
11922,5232,38,1,364.99,0.0
11923,5232,139,1,835.42,0.0
11924,5233,278,1,402.71,0.15
11925,5234,46,-1,397.56,0.2
11926,5235,100,1,283.25,0.1
11927,5236,83,1,243.1,0.05
11928,5236,88,1,275.21,0.1
11929,5236,134,3,541.79,0.0
11930,5236,169,1,458.05,0.0
11931,5237,238,1,192.17,0.2
11932,5237,15,1,536.46,0.15
11933,5238,265,-1,839.64,0.05
11934,5238,127,1,111.4,0.15
11935,5239,161,1,68.77,0.2
11936,5239,229,1,690.53,0.0
11937,5240,220,1,475.38,0.0
11938,5240,213,1,111.83,0.0
11939,5241,203,1,431.09,0.0
11940,5242,265,1,839.64,0.15
11941,5242,225,1,939.11,0.15
11942,5243,290,1,908.96,0.1
11943,5243,108,1,378.75,0.0
11944,5243,127,1,111.4,0.1
11945,5243,126,3,240.49,0.15
11946,5244,74,2,171.2,0.15
11947,5244,35,1,425.48,0.0
11948,5245,150,1,182.12,0.0
11949,5246,61,1,512.76,0.0
11950,5246,123,1,840.94,0.0
11951,5246,94,1,514.73,0.15
11952,5247,142,2,717.32,0.0
11953,5248,211,1,943.9,0.0
11954,5248,55,1,395.52,0.0
11955,5249,233,1,82.49,0.0
11956,5249,238,2,192.17,0.0
11957,5250,2,1,807.37,0.1
11958,5251,88,3,275.21,0.0
11959,5252,188,1,550.0,0.0
11960,5252,97,1,628.48,0.05
11961,5252,270,1,1160.3575,0.0
11962,5252,8,3,295.82,0.05
11963,5252,201,1,567.68,0.15
11964,5253,260,1,619.66,0.1
11965,5254,190,1,707.42,0.0
11966,5254,239,1,517.8,0.0
11967,5255,4,1,17.97,0.05
11968,5255,73,1,346.78,0.1
11969,5255,260,1,619.66,0.0
11970,5255,223,1,57.85,0.15
11971,5256,188,1,550.0,0.1
11972,5256,86,2,443.6,0.05
11973,5256,12,1,156.75,0.0
11974,5257,146,1,443.54,0.0
11975,5258,277,1,437.32,0.0
11976,5258,175,1,600.57,0.1
11977,5258,126,1,240.49,0.0
11978,5259,265,3,839.64,0.0
11979,5259,263,1,222.36,0.0
11980,5259,84,1,43.2,0.0
11981,5259,160,1,150.1,0.0
11982,5260,239,1,517.8,0.2
11983,5261,82,3,235.49,0.1
11984,5262,22,1,205.71,0.1
11985,5262,290,1,908.96,0.0
11986,5262,164,2,446.58,0.0
11987,5263,237,1,335.88,0.0
11988,5263,1,1,433.54,0.0
11989,5264,196,1,518.75,0.0
11990,5264,171,3,14.73,0.2
11991,5264,240,1,555.47,0.0
11992,5265,284,1,228.9,0.1
11993,5266,76,2,938.11,0.0
11994,5267,273,1,560.24,0.0
11995,5267,27,1,686.85,0.15
11996,5268,265,1,839.64,0.15
11997,5269,266,1,110.99,0.15
11998,5270,131,1,797.13,0.0
11999,5271,183,1,942.96,0.0
12000,5272,135,2,550.83,0.05
12001,5273,211,3,943.9,0.15
12002,5274,274,2,528.78,0.1
12003,5274,60,1,148.68,0.05
12004,5274,253,1,621.95,0.05
12005,5274,283,1,680.49,0.0
12006,5275,212,1,445.65,0.1
12007,5275,280,1,121.8,0.1
12008,5276,192,1,697.79,0.0
12009,5277,48,1,231.62,0.15
12010,5278,157,1,701.5,0.0
12011,5279,59,1,287.12,0.0
12012,5280,245,1,1160.3575,0.05
12013,5280,291,2,19.78,0.1
12014,5280,97,1,628.48,0.1
12015,5280,179,2,478.65,0.0
12016,5281,174,3,864.84,0.0
12017,5281,1,1,433.54,0.0
12018,5281,14,1,90.93,0.0
12019,5282,157,1,701.5,0.1
12020,5282,183,2,942.96,0.1
12021,5282,255,1,249.2,0.05
12022,5283,235,1,370.09,0.15
12024,5284,262,1,214.85,0.0
12025,5284,131,2,797.13,0.0
12026,5284,66,2,447.18,0.2
12028,5285,186,1,290.81,0.0
12029,5286,186,1,290.81,0.1
12030,5286,264,1,16.2,0.0
12031,5286,199,1,51.0,0.0
12032,5287,132,1,299.38,0.0
12033,5287,228,2,162.75,0.0
12034,5287,171,2,14.73,0.1
12035,5287,231,1,410.59,0.1
12036,5287,239,1,517.8,0.0
12037,5288,169,3,458.05,0.0
12038,5288,224,3,23.12,0.0
12039,5289,149,1,382.77,0.0
12040,5289,132,1,299.38,0.0
12041,5290,53,2,192.38,0.0
12042,5290,46,1,397.56,0.0
12043,5291,15,1,536.46,0.0
12044,5291,245,1,1160.3575,0.2
12045,5291,81,1,779.01,0.0
12046,5292,133,2,479.79,0.15
12047,5292,217,1,479.18,0.0
12048,5293,240,1,555.47,0.1
12049,5294,94,1,514.73,0.0
12050,5295,193,1,351.11,0.0
12051,5296,286,1,47.93,0.0
12052,5297,200,1,533.81,0.0
12053,5298,218,1,127.17,0.1
12054,5299,49,1,850.7,0.1
12055,5300,180,1,843.45,0.0
12056,5301,256,1,537.93,0.0
12057,5302,20,2,548.49,0.05
12058,5303,269,1,603.81,0.05
12059,5303,182,-1,500.91,0.2
12060,5303,99,2,496.87,0.0
12061,5303,178,1,563.12,0.0
12062,5303,290,1,908.96,0.05
12063,5304,182,1,500.91,0.1
12064,5304,141,1,251.45,0.15
12065,5305,206,1,612.54,0.0
12066,5306,88,1,275.21,0.0
12067,5306,151,1,625.19,0.05
12068,5307,17,1,953.82,0.0
12069,5307,234,1,486.72,0.0
12070,5308,142,1,717.32,0.1
12071,5308,119,1,519.85,0.2
12072,5309,191,1,457.7,0.0
12073,5310,282,3,280.61,0.15
12074,5311,10,1,309.24,0.1
12075,5311,259,1,533.22,0.0
12076,5312,292,2,425.68,0.0
12077,5312,268,1,23.79,0.05
12078,5313,61,3,512.76,0.0
12079,5313,116,2,862.37,0.0
12080,5313,108,1,378.75,0.15
12081,5313,20,1,548.49,0.1
12082,5314,7,1,357.42,0.0
12083,5314,254,1,286.86,0.0
12084,5314,271,1,756.22,0.15
12085,5314,127,1,111.4,0.15
12086,5315,229,1,690.53,0.0
12087,5315,187,1,127.57,0.0
12088,5316,239,1,517.8,0.0
12089,5316,265,1,839.64,0.05
12090,5316,177,3,156.12,0.0
12091,5317,69,1,274.11,0.05
12092,5317,207,2,518.71,0.1
12093,5317,222,1,264.61,0.0
12094,5317,85,1,530.7,0.1
12095,5317,177,1,156.12,0.1
12096,5318,288,1,515.26,0.1
12097,5319,297,1,89.43,0.05
12098,5319,157,1,701.5,0.05
12099,5320,270,-1,1160.3575,0.0
12100,5320,287,1,754.14,0.0
12101,5320,105,1,375.87,0.05
12102,5321,241,1,306.12,0.0
12103,5322,151,1,625.19,0.2
12104,5322,58,1,87.55,0.0
12105,5323,203,1,431.09,0.0
12106,5324,265,2,839.64,0.0
12107,5325,56,1,186.07,0.0
12108,5326,8,1,295.82,0.0
12109,5326,86,1,443.6,0.1
12110,5327,53,2,192.38,0.0
12111,5327,66,1,447.18,0.0
12112,5328,100,1,283.25,0.1
12113,5329,150,1,182.12,0.1
12114,5329,105,1,375.87,0.0
12115,5330,173,1,587.7,0.0
12116,5330,281,1,146.98,0.05
12117,5330,53,2,192.38,0.2
12118,5331,101,1,488.42,0.0
12119,5331,123,1,840.94,0.0
12120,5332,295,1,139.02,0.15
12121,5332,69,1,274.11,0.05
12122,5332,16,-1,245.66,0.0
12123,5332,175,1,600.57,0.0
12124,5333,73,1,346.78,0.2
12125,5333,292,1,425.68,0.0
12126,5333,50,1,240.1,0.0
12127,5334,38,1,364.99,0.0
12129,5334,99,1,496.87,0.0
12130,5334,17,1,953.82,0.0
12131,5335,79,1,308.93,0.0
12132,5335,12,1,156.75,0.05
12133,5335,164,1,446.58,0.0
12134,5336,159,2,818.3,0.2
12135,5337,32,1,338.4,0.0
12136,5338,290,1,908.96,0.0
12137,5338,60,3,148.68,0.15
12138,5338,45,3,511.39,0.0
12139,5338,180,2,843.45,0.1
12140,5338,207,1,518.71,0.1
12141,5339,28,1,749.19,0.0
12142,5340,220,1,475.38,0.2
12143,5340,19,1,727.02,0.0
12144,5341,17,2,953.82,0.0
12145,5341,36,1,749.87,0.0
12146,5341,105,3,375.87,0.2
12147,5342,280,1,121.8,0.0
12148,5343,117,3,567.69,0.0
12149,5343,280,2,121.8,0.0
12150,5343,107,1,963.92,0.0
12151,5344,188,2,550.0,0.0
12152,5344,78,2,213.82,0.0
12153,5344,62,1,244.7,0.1
12154,5345,160,1,150.1,0.05
12155,5345,10,1,309.24,0.1
12156,5345,95,1,711.68,0.05
12157,5345,87,2,564.0,0.1
12158,5345,94,2,514.73,0.0
12159,5346,108,1,378.75,0.0
12160,5346,297,1,89.43,0.0
12161,5346,285,1,667.54,0.0
12162,5346,72,1,286.08,0.0
12163,5347,83,1,243.1,0.05
12165,5348,39,1,412.64,0.1
12166,5348,268,1,23.79,0.0
12167,5349,292,1,425.68,0.0
12168,5349,175,1,600.57,0.05
12169,5350,74,1,171.2,0.1
12170,5350,103,1,456.96,0.2
12171,5351,170,3,723.66,0.0
12172,5351,199,1,51.0,0.0
12173,5352,267,1,253.7,0.0
12174,5352,201,1,567.68,0.0
12175,5352,40,1,171.89,0.05
12176,5353,136,1,974.39,0.0
12177,5353,266,1,110.99,0.0
12178,5353,264,-1,16.2,0.0
12179,5354,124,2,640.23,0.0
12180,5355,176,1,199.39,0.0
12181,5355,34,1,399.8,0.0
12182,5355,258,1,626.09,0.05
12183,5355,234,1,486.72,0.0
12184,5355,76,1,938.11,0.1
12185,5356,196,1,518.75,0.0
12186,5357,267,2,253.7,0.0
12187,5357,117,1,567.69,0.15
12188,5357,172,2,104.56,0.0
12189,5358,72,1,286.08,0.0
12190,5359,142,-1,717.32,0.15
12191,5359,95,1,711.68,0.0
12192,5359,129,1,492.47,0.0
12193,5360,88,1,275.21,0.0
12194,5361,119,1,519.85,0.1
12195,5362,281,1,146.98,0.0
12196,5363,12,-1,156.75,0.15
12197,5363,83,1,243.1,0.0
12198,5363,233,1,82.49,0.05
12199,5363,122,1,607.34,0.2
12200,5363,245,1,1160.3575,0.15
12201,5364,138,1,54.35,0.1
12202,5364,92,1,148.78,0.0
12203,5365,10,1,309.24,0.1
12204,5366,8,1,295.82,0.0
12205,5366,130,2,454.11,0.0
12206,5366,248,1,75.61,0.0
12207,5367,66,1,447.18,0.0
12208,5368,60,2,148.68,0.05
12209,5368,154,1,115.68,0.2
12210,5368,159,1,818.3,0.0
12211,5368,259,1,533.22,0.05
12212,5369,134,1,541.79,0.05
12213,5370,264,1,16.2,0.0
12214,5370,213,1,111.83,0.05
12215,5370,243,-1,746.93,0.0
12216,5370,293,1,709.48,0.0
12217,5371,213,1,111.83,0.0
12218,5372,221,1,704.75,0.05
12219,5372,141,1,251.45,0.05
12220,5373,232,1,71.83,0.1
12221,5374,32,1,338.4,0.0
12222,5374,21,3,614.24,0.0
12223,5374,299,1,725.08,0.1
12224,5375,297,1,89.43,0.0
12225,5375,149,3,382.77,0.0
12226,5375,198,1,266.02,0.0
12227,5375,263,1,222.36,0.0
12228,5375,2,2,807.37,0.1
12229,5376,189,1,24.7,0.0
12230,5376,146,1,443.54,0.05
12231,5377,277,1,437.32,0.0
12232,5377,85,1,530.7,0.0
12233,5378,117,2,567.69,0.15
12234,5379,50,1,240.1,0.0
12235,5380,270,1,1160.3575,0.15
12236,5380,169,1,458.05,0.0
12237,5380,263,1,222.36,0.1
12238,5380,16,1,245.66,0.0
12239,5380,259,2,533.22,0.05
12240,5381,157,1,701.5,0.2
12241,5382,239,3,517.8,0.0
12242,5382,230,1,829.69,0.05
12243,5382,237,1,335.88,0.0
12244,5382,205,1,367.74,0.0
12245,5383,37,1,608.8,0.0
12246,5383,229,1,690.53,0.05
12247,5384,54,1,679.71,0.0
12248,5385,141,3,251.45,0.0
12249,5385,89,1,247.06,0.0
12251,5386,180,1,843.45,0.0
12252,5386,63,2,430.39,0.0
12253,5387,130,1,454.11,0.0
12254,5388,35,1,425.48,0.0
12255,5388,198,1,266.02,0.0
12256,5388,284,1,228.9,0.0
12257,5389,20,1,548.49,0.0
12258,5389,264,1,16.2,0.0
12259,5390,8,1,295.82,0.0
12260,5391,109,-1,59.23,0.05
12261,5391,27,3,686.85,0.05
12262,5392,168,1,649.6,0.0
12263,5392,106,1,150.04,0.0
12264,5393,48,1,231.62,0.0
12265,5393,296,1,361.73,0.0
12266,5394,40,1,171.89,0.0
12267,5395,252,1,274.43,0.0
12268,5395,61,1,512.76,0.0
12269,5396,13,1,152.16,0.0
12270,5397,60,1,148.68,0.0
12271,5397,127,1,111.4,0.1
12272,5398,92,1,148.78,0.0
12273,5398,197,1,538.79,0.15
12274,5399,168,2,649.6,0.0
12275,5399,152,2,910.86,0.05
12276,5400,38,1,364.99,0.0
12277,5401,293,1,709.48,0.15
12278,5401,93,1,98.57,0.0
12279,5401,112,1,10.73,0.15
12280,5401,284,2,228.9,0.15
12281,5402,69,1,274.11,0.0
12282,5402,228,-1,162.75,0.0
12283,5403,130,2,454.11,0.05
12284,5403,7,1,357.42,0.05
12285,5404,39,1,412.64,0.0
12286,5404,134,1,541.79,0.05
12287,5405,245,1,1160.3575,0.05
12288,5405,207,1,518.71,0.0
12289,5405,272,1,5.69,0.0
12290,5406,268,1,23.79,0.05
12291,5407,43,1,97.72,0.1
12292,5407,96,1,682.77,0.0
12293,5407,183,1,942.96,0.0
12294,5408,253,2,621.95,0.0
12295,5409,34,1,399.8,0.0
12296,5409,9,1,66.57,0.05
12297,5409,238,1,192.17,0.0
12298,5409,283,1,680.49,0.05
12299,5410,287,1,754.14,0.0
12300,5410,248,1,75.61,0.0
12301,5410,26,1,259.69,0.1
12302,5410,198,1,266.02,0.0
12303,5410,210,1,177.09,0.0
12304,5411,262,1,214.85,0.05
12305,5411,18,1,35.67,0.0
12306,5412,267,1,253.7,0.0
12307,5412,185,1,582.19,0.0
12308,5413,57,1,510.39,0.0
12309,5413,213,1,111.83,0.05
12310,5413,293,1,709.48,0.05
12311,5414,140,2,500.02,0.0
12312,5414,21,1,614.24,0.0
12313,5414,263,1,222.36,0.1
12314,5415,263,1,222.36,0.15
12315,5415,179,1,478.65,0.0
12316,5415,237,2,335.88,0.0
12317,5416,201,1,567.68,0.0
12318,5417,296,1,361.73,0.05
12319,5417,83,1,243.1,0.05
12320,5417,273,1,560.24,0.1
12321,5417,275,1,82.62,0.0
12322,5418,146,1,443.54,0.0
12323,5418,24,1,696.97,0.0
12324,5418,141,1,251.45,0.0
12325,5418,234,1,486.72,0.2
12326,5418,248,1,75.61,0.1
12327,5419,69,1,274.11,0.0
12328,5420,177,-1,156.12,0.0
12329,5420,69,1,274.11,0.1
12330,5420,37,1,608.8,0.2
12331,5420,262,1,214.85,0.15
12332,5421,265,3,839.64,0.0
12333,5422,227,1,192.19,0.2
12334,5423,177,1,156.12,0.0
12335,5424,203,1,431.09,0.0
12336,5424,68,1,133.13,0.15
12337,5425,284,1,228.9,0.0
12338,5425,221,1,704.75,0.0
12339,5425,132,1,299.38,0.05
12340,5425,125,1,584.13,0.0
12341,5426,259,-1,533.22,0.0
12342,5426,103,1,456.96,0.0
12343,5427,116,2,862.37,0.0
12344,5427,114,1,23.97,0.0
12345,5427,204,1,578.66,0.05
12346,5428,205,2,367.74,0.0
12347,5429,6,3,531.19,0.15
12348,5429,126,1,240.49,0.15
12349,5430,141,2,251.45,0.0
12350,5431,243,1,746.93,0.1
12351,5431,283,3,680.49,0.0
12352,5432,220,1,475.38,0.1
12353,5432,130,1,454.11,0.05
12354,5432,199,1,51.0,0.0
12355,5432,223,1,57.85,0.0
12356,5433,47,1,513.39,0.0
12357,5433,186,1,290.81,0.05
12358,5433,198,1,266.02,0.0
12359,5433,93,1,98.57,0.0
12360,5434,240,1,555.47,0.0
12361,5434,67,3,355.8,0.0
12362,5434,161,1,68.77,0.1
12363,5435,244,1,263.25,0.0
12364,5435,110,1,52.92,0.0
12365,5435,72,1,286.08,0.05
12366,5436,109,1,59.23,0.0
12367,5436,261,1,429.63,0.1
12368,5436,206,1,612.54,0.0
12369,5437,105,1,375.87,0.1
12370,5438,171,1,14.73,0.0
12371,5438,226,1,211.98,0.15
12372,5439,245,1,1160.3575,0.1
12373,5439,244,1,263.25,0.0
12374,5439,179,2,478.65,0.0
12375,5439,28,1,749.19,0.0
12376,5440,105,1,375.87,0.05
12377,5440,49,-1,850.7,0.2
12378,5441,142,3,717.32,0.1
12379,5441,261,3,429.63,0.0
12380,5441,155,1,607.36,0.0
12381,5442,123,1,840.94,0.2
12382,5443,49,1,850.7,0.0
12383,5443,188,1,550.0,0.0
12384,5443,232,1,71.83,0.0
12385,5443,153,1,530.38,0.0
12386,5444,156,1,372.8,0.0
12387,5445,132,1,299.38,0.0
12388,5445,101,1,488.42,0.05
12389,5446,82,1,235.49,0.05
12390,5446,78,1,213.82,0.0
12391,5447,119,1,519.85,0.0
12392,5447,297,1,89.43,0.15
12393,5447,98,2,71.96,0.0
12394,5447,208,1,260.07,0.15
12395,5448,269,2,603.81,0.0
12396,5448,271,1,756.22,0.0
12397,5449,139,1,835.42,0.1
12398,5449,68,2,133.13,0.15
12399,5449,285,1,667.54,0.0
12400,5449,287,1,754.14,0.0
12401,5450,16,2,245.66,0.0
12402,5450,194,1,222.76,0.0
12403,5450,95,1,711.68,0.0
12404,5450,76,1,938.11,0.0
12405,5451,44,2,6.81,0.1
12406,5452,194,1,222.76,0.0
12407,5453,227,1,192.19,0.0
12408,5453,100,1,283.25,0.0
12409,5454,204,1,578.66,0.05
12410,5455,71,1,362.18,0.15
12411,5455,233,1,82.49,0.0
12412,5455,281,1,146.98,0.0
12413,5455,19,2,727.02,0.15
12414,5456,192,1,697.79,0.2
12415,5456,61,1,512.76,0.0
12416,5457,262,1,214.85,0.2
12417,5457,287,1,754.14,0.1
12418,5458,42,1,328.75,0.1
12419,5458,19,1,727.02,0.2
12420,5459,19,2,727.02,0.0
12421,5460,104,1,957.31,0.05
12422,5461,203,1,431.09,0.0
12423,5461,93,1,98.57,0.0
12424,5462,62,1,244.7,0.1
12425,5462,242,1,166.1,0.0
12426,5463,122,1,607.34,0.0
12427,5463,107,1,963.92,0.0
12428,5464,147,1,517.03,0.0
12429,5464,17,1,953.82,0.15
12430,5465,151,1,625.19,0.0
12431,5465,252,3,274.43,0.0
12432,5465,88,2,275.21,0.1
12433,5466,293,1,709.48,0.0
12434,5466,138,1,54.35,0.0
12435,5467,59,1,287.12,0.0
12436,5467,112,1,10.73,0.15
12437,5468,107,1,963.92,0.0
12438,5468,75,1,299.66,0.1
12439,5468,197,1,538.79,0.0
12440,5468,213,1,111.83,0.0
12441,5469,97,1,628.48,0.0
12442,5469,253,1,621.95,0.0
12443,5470,44,2,6.81,0.0
12444,5470,157,1,701.5,0.0
12445,5471,208,1,260.07,0.1
12446,5471,222,2,264.61,0.0
12447,5472,159,1,818.3,0.2
12448,5472,35,1,425.48,0.0
12449,5472,288,1,515.26,0.0
12450,5472,221,1,704.75,0.0
12451,5473,209,1,797.01,0.0
12452,5474,96,1,682.77,0.0
12453,5474,231,1,410.59,0.0
12454,5474,157,1,701.5,0.2
12455,5475,134,1,541.79,0.15
12456,5475,168,1,649.6,0.0
12457,5475,224,1,23.12,0.15
12458,5476,45,3,511.39,0.0
12459,5476,248,1,75.61,0.0
12460,5476,99,1,496.87,0.15
12461,5476,228,1,162.75,0.1
12462,5477,165,2,605.76,0.15
12463,5477,126,1,240.49,0.0
12464,5477,125,1,584.13,0.0
12465,5478,2,-1,807.37,0.0
12466,5478,188,3,550.0,0.05
12467,5479,24,1,696.97,0.0
12468,5479,244,1,263.25,0.05
12469,5479,133,1,479.79,0.1
12470,5479,282,1,280.61,0.0
12471,5479,283,1,680.49,0.0
12472,5480,150,1,182.12,0.0
12473,5480,186,1,290.81,0.0
12474,5480,12,1,156.75,0.0
12475,5481,193,2,351.11,0.0
12476,5481,197,1,538.79,0.0
12477,5482,281,1,146.98,0.0
12478,5483,220,1,475.38,0.0
12479,5484,196,1,518.75,0.05
12480,5484,68,1,133.13,0.0
12481,5484,29,3,103.82,0.0
12482,5484,253,1,621.95,0.0
12483,5485,258,1,626.09,0.1
12484,5485,118,1,611.17,0.05
12485,5485,168,1,649.6,0.1
12486,5485,60,1,148.68,0.0
12487,5486,166,1,278.38,0.0
12488,5486,162,1,126.53,0.0
12489,5487,10,1,309.24,0.0
12490,5487,65,1,460.75,0.15
12491,5487,189,1,24.7,0.0
12492,5488,138,1,54.35,0.1
12493,5489,211,1,943.9,0.0
12494,5489,240,1,555.47,0.15
12495,5489,78,2,213.82,0.1
12496,5489,62,2,244.7,0.15
12497,5489,6,1,531.19,0.0
12498,5490,186,3,290.81,0.05
12499,5491,201,1,567.68,0.0
12500,5492,242,1,166.1,0.1
12501,5493,52,2,12.48,0.0
12502,5493,165,1,605.76,0.0
12503,5493,232,1,71.83,0.0
12504,5494,29,1,103.82,0.0
12505,5495,126,1,240.49,0.0
12506,5496,172,1,104.56,0.05
12507,5497,5,1,503.34,0.0
12508,5498,86,1,443.6,0.0
12509,5498,219,1,211.99,0.0
12510,5498,288,1,515.26,0.0
12511,5499,196,1,518.75,0.0
12512,5500,162,1,126.53,0.2
12513,5500,2,1,807.37,0.05
12514,5501,289,1,635.36,0.0
12515,5501,163,1,598.68,0.05
12516,5501,8,1,295.82,0.0
12517,5502,298,1,238.39,0.15
12518,5503,15,1,536.46,0.0
12519,5504,209,1,797.01,0.0
12520,5505,74,2,171.2,0.0
12521,5505,102,1,396.98,0.0
12522,5506,81,1,779.01,0.0
12523,5506,139,1,835.42,0.0
12524,5507,17,1,953.82,0.15
12525,5507,165,1,605.76,0.05
12526,5508,20,2,548.49,0.0
12527,5508,140,1,500.02,0.0
12528,5508,282,1,280.61,0.0
12529,5508,147,1,517.03,0.05
12530,5508,185,1,582.19,0.15
12531,5509,102,1,396.98,0.0
12532,5509,3,1,978.72,0.05
12533,5510,15,1,536.46,0.1
12534,5510,226,1,211.98,0.0
12535,5510,10,1,309.24,0.0
12536,5510,176,3,199.39,0.0
12537,5511,231,1,410.59,0.05
12538,5512,179,1,478.65,0.0
12539,5513,73,1,346.78,0.15
12540,5513,266,1,110.99,0.15
12541,5513,258,1,626.09,0.1
12542,5513,98,1,71.96,0.05
12543,5514,105,1,375.87,0.1
12544,5515,293,1,709.48,0.05
12545,5516,222,2,264.61,0.2
12546,5516,24,2,696.97,0.1
12547,5516,195,1,132.26,0.0
12548,5516,135,1,550.83,0.0
12549,5517,279,1,226.81,0.05
12550,5518,248,1,75.61,0.1
12551,5518,195,1,132.26,0.15
12552,5519,267,1,253.7,0.05
12553,5520,41,1,376.48,0.15
12554,5521,261,2,429.63,0.0
12555,5521,222,1,264.61,0.0
12556,5521,44,2,6.81,0.0
12557,5521,263,1,222.36,0.0
12558,5522,292,1,425.68,0.05
12559,5522,54,1,679.71,0.0
12560,5523,27,1,686.85,0.05
12561,5523,12,1,156.75,0.1
12562,5524,164,1,446.58,0.0
12563,5524,234,1,486.72,0.15
12564,5524,292,1,425.68,0.0
12565,5524,228,2,162.75,0.0
12566,5525,95,1,711.68,0.1
12567,5525,56,1,186.07,0.0
12568,5526,76,1,938.11,0.15
12569,5527,37,1,608.8,0.0
12570,5528,291,1,19.78,0.05
12571,5528,294,1,141.94,0.1
12572,5529,27,3,686.85,0.0
12573,5529,182,1,500.91,0.0
12574,5530,38,2,364.99,0.0
12575,5530,184,1,278.4,0.0
12576,5530,296,1,361.73,0.1
12577,5531,24,1,696.97,0.05
12578,5531,298,1,238.39,0.05
12579,5532,55,1,395.52,0.0
12580,5532,101,1,488.42,0.05
12581,5532,178,1,563.12,0.1
12582,5532,269,1,603.81,0.0
12583,5533,113,1,55.28,0.0
12584,5533,221,1,704.75,0.05
12586,5533,229,1,690.53,0.0
12587,5534,68,2,133.13,0.0
12588,5534,201,1,567.68,0.2
12589,5534,233,1,82.49,0.0
12591,5534,250,1,1160.3575,0.0
12592,5535,5,2,503.34,0.0
12593,5536,160,1,150.1,0.05
12594,5537,239,1,517.8,0.1
12595,5537,286,1,47.93,0.2
12596,5538,68,1,133.13,0.0
12597,5538,193,1,351.11,0.0
12598,5538,125,1,584.13,0.15
12599,5538,44,2,6.81,0.15
12600,5539,167,1,39.88,0.15
12601,5539,70,1,402.01,0.0
12602,5540,138,1,54.35,0.0
12603,5540,135,3,550.83,0.0
12604,5540,167,2,39.88,0.0
12605,5541,55,1,395.52,0.1
12606,5542,127,2,111.4,0.0
12607,5542,54,1,679.71,0.0
12608,5543,47,1,513.39,0.0
12609,5543,167,1,39.88,0.05
12610,5544,146,2,443.54,0.0
12611,5544,57,1,510.39,0.0
12612,5545,174,1,864.84,0.0
12613,5546,207,1,518.71,0.0
12614,5546,83,1,243.1,0.05
12615,5547,185,1,582.19,0.15
12616,5547,103,1,456.96,0.0
12617,5547,116,1,862.37,0.2
12618,5547,231,1,410.59,0.0
12619,5547,99,1,496.87,0.0
12620,5548,161,1,68.77,0.0
12621,5549,206,1,612.54,0.1
12622,5550,283,1,680.49,0.0
12623,5550,78,1,213.82,0.15
12624,5551,3,2,978.72,0.05
12625,5552,148,3,304.48,0.05
12626,5552,152,1,910.86,0.15
12627,5552,22,2,205.71,0.1
12628,5553,124,1,640.23,0.0
12630,5553,207,1,518.71,0.05
12631,5554,261,1,429.63,0.15
12632,5555,67,1,355.8,0.0
12633,5555,51,1,863.34,0.0
12634,5555,215,1,501.1,0.0
12635,5556,262,1,214.85,0.0
12636,5557,102,1,396.98,0.0
12637,5557,105,1,375.87,0.0
12638,5557,139,1,835.42,0.1
12639,5557,78,1,213.82,0.0
12640,5557,182,1,500.91,0.05
12641,5558,131,1,797.13,0.0
12642,5559,254,1,286.86,0.05
12643,5560,97,1,628.48,0.0
12644,5561,5,3,503.34,0.2
12645,5561,231,2,410.59,0.0
12646,5562,253,2,621.95,0.0
12647,5562,141,3,251.45,0.0
12648,5563,41,1,376.48,0.0
12649,5564,103,1,456.96,0.0
12650,5565,1,1,433.54,0.0
12651,5566,133,1,479.79,0.0
12652,5566,124,1,640.23,0.0
12653,5567,12,1,156.75,0.0
12654,5567,276,1,341.21,0.0
12655,5567,209,3,797.01,0.0
12656,5568,28,1,749.19,0.05
12657,5568,178,1,563.12,0.0
12658,5568,35,1,425.48,0.0
12659,5568,61,1,512.76,0.0
12660,5568,76,1,938.11,0.15
12661,5569,159,2,818.3,0.0
12662,5569,61,1,512.76,0.0
12663,5569,37,3,608.8,0.0
12664,5570,67,1,355.8,0.15
12665,5570,41,1,376.48,0.05
12666,5570,145,1,61.15,0.15
12667,5570,208,1,260.07,0.05
12668,5570,56,1,186.07,0.0
12669,5571,48,1,231.62,0.1
12670,5571,281,2,146.98,0.1
12671,5572,246,1,574.84,0.0
12672,5572,208,1,260.07,0.0
12674,5573,257,1,8.4,0.0
12675,5573,191,1,457.7,0.0
12676,5573,15,1,536.46,0.0
12677,5574,243,1,746.93,0.0
12678,5574,151,1,625.19,0.0
12679,5575,131,1,797.13,0.0
12680,5575,23,2,235.35,0.0
12681,5576,99,1,496.87,0.05
12682,5576,146,1,443.54,0.0
12683,5577,97,2,628.48,0.1
12684,5578,133,3,479.79,0.0
12685,5579,147,1,517.03,0.1
12686,5580,40,1,171.89,0.1
12687,5581,43,1,97.72,0.0
12688,5582,83,1,243.1,0.05
12689,5582,281,1,146.98,0.1
12690,5583,152,1,910.86,0.1
12691,5584,234,1,486.72,0.0
12692,5585,171,1,14.73,0.1
12693,5585,260,1,619.66,0.2
12694,5586,300,1,133.29,0.0
12695,5586,135,1,550.83,0.0
12696,5587,24,-1,696.97,0.1
12697,5587,36,1,749.87,0.0
12698,5588,155,1,607.36,0.05
12699,5588,195,2,132.26,0.0
12700,5588,56,3,186.07,0.0
12701,5589,189,1,24.7,0.0
12702,5589,93,1,98.57,0.0
12703,5589,112,1,10.73,0.0
12704,5589,178,1,563.12,0.0
12705,5589,136,1,974.39,0.0
12706,5590,80,1,166.05,0.2
12707,5590,287,1,754.14,0.1
12708,5591,271,1,756.22,0.0
12709,5592,298,1,238.39,0.15
12710,5592,264,1,16.2,0.0
12711,5592,51,1,863.34,0.2
12712,5592,271,1,756.22,0.1
12713,5593,213,-1,111.83,0.05
12714,5593,234,1,486.72,0.0
12715,5593,135,2,550.83,0.0
12716,5594,186,2,290.81,0.0
12717,5595,74,1,171.2,0.0
12718,5596,155,1,607.36,0.0
12719,5597,286,3,47.93,0.1
12720,5597,123,1,840.94,0.15
12721,5597,41,2,376.48,0.0
12722,5598,285,1,667.54,0.1
12723,5599,100,1,283.25,0.0
12724,5600,163,1,598.68,0.0
12725,5601,217,3,479.18,0.0
12726,5601,151,2,625.19,0.0
12727,5602,136,1,974.39,0.05
12728,5602,277,1,437.32,0.1
12729,5603,148,1,304.48,0.0
12730,5603,173,1,587.7,0.0
12731,5604,129,1,492.47,0.0
12732,5605,59,1,287.12,0.1
12734,5605,110,1,52.92,0.05
12735,5606,206,1,612.54,0.0
12736,5606,203,1,431.09,0.1
12737,5606,1,1,433.54,0.0
12738,5606,60,2,148.68,0.0
12739,5607,227,1,192.19,0.0
12740,5607,154,1,115.68,0.0
12741,5608,198,1,266.02,0.0
12742,5608,260,3,619.66,0.2
12743,5608,282,3,280.61,0.1
12744,5609,287,1,754.14,0.0
12745,5609,292,1,425.68,0.0
12746,5610,71,1,362.18,0.0
12747,5610,178,2,563.12,0.0
12748,5610,15,2,536.46,0.0
12749,5610,19,2,727.02,0.0
12750,5611,297,2,89.43,0.0
12751,5612,139,3,835.42,0.15
12752,5613,88,1,275.21,0.05
12753,5614,166,1,278.38,0.0
12754,5615,174,1,864.84,0.0
12755,5616,96,1,682.77,0.0
12756,5617,97,2,628.48,0.0
12757,5618,7,1,357.42,0.0
12758,5619,90,3,219.22,0.05
12759,5619,282,1,280.61,0.0
12760,5619,226,1,211.98,0.0
12761,5620,237,1,335.88,0.0
12762,5620,121,1,183.38,0.1
12763,5620,44,3,6.81,0.0
12764,5620,141,3,251.45,0.1
12765,5621,260,1,619.66,0.05
12767,5622,106,1,150.04,0.1
12768,5622,204,1,578.66,0.0
12769,5622,238,1,192.17,0.05
12770,5622,42,1,328.75,0.0
12771,5623,118,1,611.17,0.0
12772,5623,221,1,704.75,0.1
12773,5624,120,1,146.96,0.2
12774,5624,87,3,564.0,0.0
12775,5625,282,1,280.61,0.0
12776,5625,66,1,447.18,0.0
12777,5625,211,1,943.9,0.1
12778,5625,282,1,280.61,0.05
12779,5626,25,1,282.92,0.05
12780,5626,15,1,536.46,0.15
12781,5626,18,-1,35.67,0.0
12782,5626,88,3,275.21,0.0
12783,5627,93,3,98.57,0.0
12784,5628,198,1,266.02,0.1
12785,5628,121,1,183.38,0.0
12786,5628,130,3,454.11,0.0
12787,5629,248,1,75.61,0.0
12788,5629,142,1,717.32,0.0
12789,5629,136,1,974.39,0.0
12790,5629,152,1,910.86,0.0
12791,5630,271,1,756.22,0.0
12792,5630,120,1,146.96,0.0
12793,5631,65,1,460.75,0.0
12794,5632,160,1,150.1,0.0
12795,5632,246,1,574.84,0.15
12796,5633,12,1,156.75,0.0
12797,5633,33,1,217.73,0.0
12798,5633,62,1,244.7,0.0
12799,5634,133,1,479.79,0.0
12800,5635,162,1,126.53,0.1
12801,5636,195,1,132.26,0.0
12802,5637,57,1,510.39,0.0
12803,5638,26,1,259.69,0.0
12804,5638,162,1,126.53,0.0
12805,5638,243,1,746.93,0.0
12806,5638,297,2,89.43,0.0
12807,5639,244,1,263.25,0.05
12808,5639,32,1,338.4,0.0
12809,5640,257,1,8.4,0.0
12810,5640,188,1,550.0,0.1
12811,5641,15,2,536.46,0.0
12812,5641,195,1,132.26,0.0
12813,5642,117,3,567.69,0.0
12814,5642,69,1,274.11,0.15
12815,5643,260,3,619.66,0.15
12816,5643,2,1,807.37,0.15
12817,5643,136,1,974.39,0.0
12818,5644,262,2,214.85,0.0
12819,5645,60,1,148.68,0.0
12820,5646,185,1,582.19,0.05
12821,5647,221,1,704.75,0.0
12822,5648,176,1,199.39,0.0
12823,5648,57,1,510.39,0.05
12824,5648,260,1,619.66,0.05
12825,5649,158,1,282.03,0.05
12826,5649,138,1,54.35,0.0
12827,5650,248,1,75.61,0.0
12828,5651,117,1,567.69,0.0
12829,5652,3,1,978.72,0.0
12830,5652,213,2,111.83,0.1
12831,5653,136,-1,974.39,0.15
12832,5653,162,1,126.53,0.0
12833,5654,277,1,437.32,0.0
12834,5655,281,1,146.98,0.15
12835,5655,151,1,625.19,0.05
12836,5656,76,1,938.11,0.1
12837,5656,96,1,682.77,0.2
12838,5656,81,1,779.01,0.0
12839,5657,141,1,251.45,0.05
12840,5657,212,1,445.65,0.0
12841,5657,119,1,519.85,0.0
12842,5658,300,1,133.29,0.0
12843,5659,252,1,274.43,0.15
12844,5659,124,1,640.23,0.0
12845,5660,248,1,75.61,0.15
12846,5661,152,-1,910.86,0.0
12847,5662,231,1,410.59,0.0
12848,5662,77,1,103.53,0.0
12849,5662,273,-1,560.24,0.05
12850,5663,237,2,335.88,0.15
12851,5664,146,3,443.54,0.0
12852,5664,32,1,338.4,0.0
12853,5665,35,1,425.48,0.0
12854,5665,284,1,228.9,0.05
12855,5666,157,1,701.5,0.0
12856,5667,207,1,518.71,0.0
12857,5667,261,2,429.63,0.0
12858,5667,270,3,1160.3575,0.0
12859,5667,211,1,943.9,0.0
12860,5667,243,1,746.93,0.0
12861,5668,117,-1,567.69,0.05
12863,5668,154,1,115.68,0.2
12864,5668,54,1,679.71,0.15
12865,5668,214,3,304.46,0.05
12866,5668,188,1,550.0,0.0
12867,5669,224,2,23.12,0.05
12868,5669,128,1,686.4,0.0
12869,5670,91,2,369.86,0.1
12870,5670,74,-1,171.2,0.0
12871,5671,64,3,29.71,0.15
12872,5671,151,1,625.19,0.05
12873,5671,139,1,835.42,0.0
12874,5672,246,1,574.84,0.0
12875,5672,43,2,97.72,0.0
12876,5672,130,2,454.11,0.2
12877,5673,5,1,503.34,0.0
12878,5674,147,1,517.03,0.05
12879,5674,148,2,304.48,0.0
12880,5674,33,1,217.73,0.05
12881,5674,257,1,8.4,0.0
12882,5675,134,1,541.79,0.05
12883,5675,92,3,148.78,0.05
12884,5675,33,1,217.73,0.0
12885,5676,61,2,512.76,0.15
12886,5676,203,1,431.09,0.0
12888,5676,269,1,603.81,0.2
12889,5676,263,1,222.36,0.0
12890,5677,15,1,536.46,0.05
12891,5677,24,1,696.97,0.15
12892,5677,288,2,515.26,0.15
12893,5677,126,1,240.49,0.1
12894,5677,177,1,156.12,0.0
12895,5678,283,1,680.49,0.15
12896,5679,257,1,8.4,0.2
12897,5679,159,1,818.3,0.0
12898,5680,280,3,121.8,0.0
12899,5681,206,1,612.54,0.0
12900,5681,293,1,709.48,0.0
12901,5682,291,1,19.78,0.15
12902,5682,204,1,578.66,0.0
12903,5682,106,1,150.04,0.1
12904,5683,248,1,75.61,0.05
12905,5683,205,1,367.74,0.05
12906,5683,87,1,564.0,0.0
12907,5684,89,2,247.06,0.2
12908,5684,294,2,141.94,0.1
12909,5685,248,1,75.61,0.1
12910,5685,212,1,445.65,0.15
12911,5685,22,1,205.71,0.2
12912,5685,198,1,266.02,0.0
12913,5686,114,1,23.97,0.15
12914,5686,121,1,183.38,0.0
12915,5686,76,1,938.11,0.2
12916,5686,219,1,211.99,0.0
12917,5686,299,1,725.08,0.05
12918,5687,211,1,943.9,0.0
12919,5687,140,2,500.02,0.0
12920,5687,90,1,219.22,0.2
12921,5688,231,1,410.59,0.0
12922,5688,57,1,510.39,0.0
12923,5688,155,1,607.36,0.2
12924,5689,291,1,19.78,0.0
12925,5689,44,1,6.81,0.0
12926,5689,178,1,563.12,0.1
12927,5690,21,2,614.24,0.0
12928,5691,144,1,299.76,0.0
12929,5692,229,1,690.53,0.0
12930,5693,285,1,667.54,0.1
12931,5694,173,1,587.7,0.0
12932,5694,288,1,515.26,0.0
12933,5695,200,1,533.81,0.1
12934,5695,40,1,171.89,0.0
12935,5695,95,1,711.68,0.1
12936,5696,63,1,430.39,0.0
12937,5696,64,1,29.71,0.0
12938,5697,224,1,23.12,0.05
12939,5697,261,1,429.63,0.05
12940,5697,300,1,133.29,0.05
12941,5697,125,1,584.13,0.0
12942,5698,142,1,717.32,0.1
12943,5698,288,1,515.26,0.15
12944,5699,225,1,939.11,0.0
12945,5699,111,1,227.31,0.0
12946,5700,42,2,328.75,0.0
12947,5701,16,1,245.66,0.1
12948,5701,84,1,43.2,0.05
12949,5701,279,2,226.81,0.2
12950,5702,186,1,290.81,0.0
12951,5703,103,1,456.96,0.0
12952,5704,300,3,133.29,0.1
12953,5705,131,1,797.13,0.0
12954,5705,203,1,431.09,0.05
12955,5705,211,1,943.9,0.15
12956,5705,123,1,840.94,0.0
12957,5706,97,1,628.48,0.0
12958,5706,80,2,166.05,0.1
12959,5707,19,2,727.02,0.0
12960,5707,221,1,704.75,0.1
12961,5707,143,1,421.93,0.0
12962,5708,219,2,211.99,0.0
12963,5709,121,-1,183.38,0.05
12964,5709,241,2,306.12,0.0
12965,5709,258,1,626.09,0.0
12966,5710,175,1,600.57,0.15
12967,5710,49,1,850.7,0.05
12968,5711,252,1,274.43,0.2
12969,5711,144,1,299.76,0.0
12970,5711,138,2,54.35,0.0
12971,5712,199,3,51.0,0.0
12972,5712,9,2,66.57,0.0
12973,5712,228,2,162.75,0.05
12974,5713,53,1,192.38,0.0
12975,5714,167,1,39.88,0.0
12976,5714,11,1,216.27,0.0
12977,5715,90,1,219.22,0.1
12978,5716,158,1,282.03,0.0
12979,5717,252,2,274.43,0.1
12980,5717,291,1,19.78,0.0
12981,5718,22,1,205.71,0.0
12982,5718,20,1,548.49,0.0
12983,5718,162,1,126.53,0.15
12984,5718,169,1,458.05,0.15
12985,5719,258,2,626.09,0.0
12986,5719,252,1,274.43,0.0
12987,5719,255,1,249.2,0.05
12988,5720,41,1,376.48,0.05
12989,5721,77,1,103.53,0.1
12990,5721,52,1,12.48,0.0
12991,5722,213,1,111.83,0.0
12992,5722,218,1,127.17,0.2
12993,5722,165,1,605.76,0.0
12994,5722,134,-1,541.79,0.2
12995,5723,27,1,686.85,0.0
12996,5723,146,3,443.54,0.0
12997,5723,65,1,460.75,0.0
12998,5723,42,1,328.75,0.05
12999,5724,263,1,222.36,0.05
13000,5724,280,1,121.8,0.1
13001,5725,236,1,55.21,0.0
13002,5725,178,1,563.12,0.0
13003,5725,281,1,146.98,0.1
13004,5725,113,1,55.28,0.0
13005,5726,23,1,235.35,0.0
13006,5726,243,2,746.93,0.2
13007,5727,257,2,8.4,0.0
13008,5728,237,1,335.88,0.0
13009,5729,289,1,635.36,0.0
13010,5730,298,2,238.39,0.0
13011,5731,297,1,89.43,0.0
13012,5731,209,2,797.01,0.0
13013,5731,152,1,910.86,0.0
13014,5731,47,1,513.39,0.0
13015,5732,69,1,274.11,0.1
13016,5732,109,1,59.23,0.1
13017,5732,208,1,260.07,0.15
13018,5732,144,3,299.76,0.05
13019,5732,136,2,974.39,0.0
13020,5733,281,1,146.98,0.05
13021,5734,12,1,156.75,0.0
13022,5735,70,1,402.01,0.0
13023,5736,96,1,682.77,0.0
13024,5737,145,1,61.15,0.15
13025,5737,44,3,6.81,0.2
13026,5738,221,1,704.75,0.0
13027,5739,209,1,797.01,0.1
13028,5740,200,1,533.81,0.0
13029,5740,15,2,536.46,0.1
13030,5741,27,2,686.85,0.0
13031,5742,230,3,829.69,0.0
13032,5743,113,2,55.28,0.0
13033,5743,258,1,626.09,0.05
13034,5744,231,1,410.59,0.0
13035,5744,75,2,299.66,0.05
13036,5745,150,1,182.12,0.0
13037,5746,89,-1,247.06,0.0
13038,5746,16,2,245.66,0.0
13039,5746,285,1,667.54,0.15
13040,5747,106,1,150.04,0.1
13041,5748,166,1,278.38,0.0
13042,5748,149,1,382.77,0.0
13043,5749,76,1,938.11,0.0
13044,5749,16,1,245.66,0.1
13045,5749,205,1,367.74,0.0
13046,5749,83,1,243.1,0.0
13047,5750,170,1,723.66,0.05
13048,5751,136,2,974.39,0.1
13049,5751,255,2,249.2,0.1
13050,5751,176,1,199.39,0.0
13051,5752,195,1,132.26,0.0
13052,5752,14,1,90.93,0.0
13053,5752,232,2,71.83,0.0
13054,5752,223,1,57.85,0.15
13055,5753,27,1,686.85,0.0
13056,5754,287,1,754.14,0.0
13057,5755,71,1,362.18,0.0
13058,5756,23,1,235.35,0.0
13059,5757,88,2,275.21,0.0
13060,5757,128,1,686.4,0.0
13061,5758,196,1,518.75,0.0
13062,5758,145,1,61.15,0.0
13063,5758,90,1,219.22,0.0
13064,5759,195,1,132.26,0.0
13065,5760,181,1,37.18,0.1
13066,5760,297,1,89.43,0.05
13067,5760,38,-1,364.99,0.0
13068,5761,121,1,183.38,0.0
13069,5761,260,1,619.66,0.2
13070,5762,180,1,843.45,0.0
13071,5762,162,2,126.53,0.0
13072,5763,29,1,103.82,0.0
13073,5763,297,1,89.43,0.0
13074,5763,5,1,503.34,0.0
13075,5763,244,1,263.25,0.0
13076,5764,273,1,560.24,0.0
13077,5764,188,1,550.0,0.0
13078,5765,143,1,421.93,0.1
13079,5766,121,1,183.38,0.0
13080,5766,208,1,260.07,0.0
13081,5767,151,1,625.19,0.0
13082,5767,53,1,192.38,0.0
13083,5767,157,1,701.5,0.0
13084,5768,255,3,249.2,0.15
13085,5769,289,1,635.36,0.0
13086,5770,140,2,500.02,0.2
13087,5771,78,1,213.82,0.0
13088,5772,117,1,567.69,0.05
13089,5772,22,1,205.71,0.1
13090,5772,169,1,458.05,0.2
13091,5772,86,1,443.6,0.0
13092,5772,116,1,862.37,0.0
13093,5773,291,2,19.78,0.0
13094,5773,84,2,43.2,0.0
13095,5773,246,1,574.84,0.0
13096,5774,65,1,460.75,0.0
13097,5774,58,1,87.55,0.0
13098,5774,264,1,16.2,0.0
13099,5775,31,1,976.57,0.0
13100,5775,21,1,614.24,0.0
13101,5775,113,1,55.28,0.05
13102,5776,248,1,75.61,0.0
13103,5776,54,1,679.71,0.0
13104,5776,97,1,628.48,0.1
13105,5776,25,1,282.92,0.0
13106,5777,200,3,533.81,0.05
13107,5777,299,1,725.08,0.0
13108,5777,94,3,514.73,0.0
13109,5777,260,1,619.66,0.0
13110,5777,172,-1,104.56,0.0
13111,5778,131,1,797.13,0.0
13112,5778,292,1,425.68,0.15
13113,5779,125,1,584.13,0.1
13114,5779,254,1,286.86,0.05
13115,5779,299,1,725.08,0.05
13116,5779,108,1,378.75,0.0
13117,5780,3,1,978.72,0.15
13118,5780,82,1,235.49,0.0
13119,5780,33,1,217.73,0.05
13120,5781,298,1,238.39,0.0
13121,5781,16,2,245.66,0.05
13122,5782,171,1,14.73,0.15
13123,5782,56,1,186.07,0.0
13124,5783,262,1,214.85,0.0
13125,5784,44,1,6.81,0.05
13126,5785,99,1,496.87,0.0
13127,5786,180,1,843.45,0.0
13128,5787,123,1,840.94,0.0
13129,5787,206,1,612.54,0.0
13130,5788,86,1,443.6,0.0
13131,5789,187,1,127.57,0.0
13132,5790,12,2,156.75,0.0
13133,5791,79,1,308.93,0.0
13134,5791,276,1,341.21,0.0
13135,5792,108,1,378.75,0.0
13136,5792,16,1,245.66,0.0
13137,5793,133,3,479.79,0.0
13138,5793,242,1,166.1,0.0
13139,5793,33,-1,217.73,0.2
13140,5793,241,1,306.12,0.1
13141,5794,193,1,351.11,0.05
13142,5794,208,1,260.07,0.0
13143,5794,98,2,71.96,0.0
13144,5795,259,1,533.22,0.0
13145,5796,182,1,500.91,0.0
13146,5796,28,2,749.19,0.0
13147,5797,256,1,537.93,0.0
13148,5797,73,1,346.78,0.0
13149,5797,268,1,23.79,0.0
13150,5798,241,1,306.12,0.1
13151,5798,253,1,621.95,0.0
13152,5799,114,1,23.97,0.0
13153,5799,297,1,89.43,0.0
13154,5800,298,1,238.39,0.05
13155,5800,72,1,286.08,0.0
13156,5801,90,3,219.22,0.15
13157,5801,135,1,550.83,0.05
13158,5801,230,2,829.69,0.0
13159,5801,23,1,235.35,0.0
13160,5801,285,1,667.54,0.0
13161,5802,294,1,141.94,0.0
13162,5802,29,1,103.82,0.2
13163,5803,21,1,614.24,0.1
13164,5803,89,1,247.06,0.0
13165,5803,44,1,6.81,0.05
13166,5803,205,1,367.74,0.1
13167,5804,84,3,43.2,0.0
13168,5804,19,1,727.02,0.05
13169,5805,231,1,410.59,0.05
13170,5806,253,-1,621.95,0.1
13171,5807,258,2,626.09,0.15
13172,5807,228,2,162.75,0.0
13173,5808,153,2,530.38,0.0
13174,5808,174,1,864.84,0.0
13175,5808,252,2,274.43,0.0
13176,5808,148,2,304.48,0.2
13177,5808,234,1,486.72,0.15
13178,5809,221,1,704.75,0.2
13179,5809,253,1,621.95,0.0
13180,5810,72,1,286.08,0.0
13181,5810,215,1,501.1,0.15
13182,5811,129,1,492.47,0.0
13183,5811,148,2,304.48,0.0
13184,5812,141,2,251.45,0.0
13185,5813,238,1,192.17,0.0
13186,5813,83,1,243.1,0.2
13187,5813,156,1,372.8,0.05
13188,5813,40,1,171.89,0.0
13189,5813,9,1,66.57,0.1
13190,5814,22,1,205.71,0.0
13191,5814,273,2,560.24,0.05
13192,5815,73,1,346.78,0.0
13193,5816,204,1,578.66,0.0
13194,5817,210,1,177.09,0.0
13195,5817,232,1,71.83,0.15
13196,5818,75,1,299.66,0.1
13197,5818,211,1,943.9,0.0
13198,5819,82,1,235.49,0.0
13199,5820,285,2,667.54,0.1
13200,5820,166,2,278.38,0.0
13201,5821,20,1,548.49,0.05
13202,5821,13,1,152.16,0.0
13203,5821,31,1,976.57,0.0
13204,5822,249,2,682.27,0.05
13205,5822,294,1,141.94,0.05
13206,5823,91,1,369.86,0.0
13207,5824,200,1,533.81,0.0
13208,5825,243,1,746.93,0.15
13209,5825,199,1,51.0,0.1
13210,5826,48,2,231.62,0.0
13211,5826,200,1,533.81,0.0
13212,5826,180,1,843.45,0.0
13213,5827,138,1,54.35,0.0
13214,5828,12,1,156.75,0.0
13215,5828,149,1,382.77,0.15
13216,5829,112,1,10.73,0.15
13217,5830,93,1,98.57,0.05
13218,5830,116,-1,862.37,0.1
13219,5830,9,1,66.57,0.0
13220,5831,30,1,477.17,0.0
13221,5831,287,2,754.14,0.15
13222,5832,64,1,29.71,0.05
13223,5833,164,1,446.58,0.0
13224,5833,126,2,240.49,0.0
13225,5834,161,2,68.77,0.0
13226,5834,165,1,605.76,0.0
13227,5834,267,3,253.7,0.1
13228,5835,246,1,574.84,0.0
13229,5836,288,1,515.26,0.0
13230,5836,170,3,723.66,0.05
13231,5836,263,1,222.36,0.1
13232,5837,218,1,127.17,0.0
13233,5837,149,1,382.77,0.0
13234,5837,245,-1,1160.3575,0.15
13235,5838,169,3,458.05,0.0
13236,5839,52,2,12.48,0.0
13237,5840,9,1,66.57,0.0
13238,5841,259,1,533.22,0.0
13239,5841,30,1,477.17,0.1
13240,5841,289,1,635.36,0.1
13241,5842,200,1,533.81,0.0
13242,5843,219,1,211.99,0.05
13243,5843,69,1,274.11,0.1
13244,5843,274,1,528.78,0.2
13245,5843,36,2,749.87,0.0
13246,5844,160,1,150.1,0.15
13247,5845,265,1,839.64,0.0
13248,5845,8,1,295.82,0.15
13249,5845,100,1,283.25,0.0
13250,5845,194,1,222.76,0.05
13251,5846,80,1,166.05,0.1
13252,5846,184,1,278.4,0.0
13253,5846,170,1,723.66,0.0
13254,5847,232,1,71.83,0.2
13255,5847,87,1,564.0,0.2
13256,5848,113,2,55.28,0.0
13257,5848,247,1,708.26,0.0
13259,5849,126,1,240.49,0.0
13260,5849,271,1,756.22,0.0
13261,5849,29,1,103.82,0.0
13262,5850,29,1,103.82,0.0
13263,5851,25,1,282.92,0.0
13264,5851,126,1,240.49,0.05
13265,5851,199,1,51.0,0.0
13266,5852,158,1,282.03,0.05
13267,5853,150,1,182.12,0.0
13268,5853,122,1,607.34,0.0
13269,5853,31,1,976.57,0.0
13270,5853,284,1,228.9,0.0
13271,5853,217,2,479.18,0.05
13272,5854,149,1,382.77,0.0
13273,5855,204,1,578.66,0.05
13274,5856,116,2,862.37,0.0
13275,5857,291,1,19.78,0.0
13276,5858,242,1,166.1,0.0
13277,5858,170,1,723.66,0.05
13278,5859,11,1,216.27,0.1
13279,5859,78,2,213.82,0.0
13280,5859,79,1,308.93,0.1
13281,5860,278,1,402.71,0.0
13282,5860,192,1,697.79,0.0
13283,5861,107,1,963.92,0.1
13284,5861,131,2,797.13,0.1
13285,5862,11,1,216.27,0.0
13286,5862,193,1,351.11,0.0
13287,5863,283,1,680.49,0.05
13288,5863,61,1,512.76,0.1
13289,5863,23,2,235.35,0.1
13290,5864,147,1,517.03,0.0
13291,5865,270,-1,1160.3575,0.0
13292,5865,129,1,492.47,0.0
13293,5866,27,2,686.85,0.0
13294,5866,15,1,536.46,0.0
13295,5866,209,1,797.01,0.05
13296,5866,159,1,818.3,0.15
13297,5866,65,1,460.75,0.0
13298,5867,133,1,479.79,0.0
13299,5868,249,1,682.27,0.05
13300,5869,226,1,211.98,0.0
13301,5870,157,1,701.5,0.1
13302,5870,95,1,711.68,0.1
13303,5870,99,1,496.87,0.05
13304,5871,92,1,148.78,0.1
13305,5872,83,1,243.1,0.0
13306,5872,4,1,17.97,0.0
13307,5872,72,1,286.08,0.1
13308,5872,124,1,640.23,0.2
13309,5873,218,1,127.17,0.05
13310,5873,272,1,5.69,0.05
13311,5874,295,1,139.02,0.0
13312,5874,23,1,235.35,0.15
13313,5875,261,2,429.63,0.15
13314,5875,290,1,908.96,0.0
13315,5875,294,-1,141.94,0.0
13316,5876,136,1,974.39,0.0
13317,5877,190,2,707.42,0.0
13318,5877,80,1,166.05,0.05
13319,5877,126,1,240.49,0.0
13320,5877,235,1,370.09,0.2
13321,5877,218,3,127.17,0.1
13322,5878,196,1,518.75,0.0
13324,5878,43,1,97.72,0.0
13325,5879,264,1,16.2,0.0
13326,5880,102,1,396.98,0.05
13327,5881,23,1,235.35,0.0
13328,5881,84,1,43.2,0.1
13329,5882,136,1,974.39,0.0
13330,5882,282,2,280.61,0.0
13331,5883,280,1,121.8,0.05
13332,5883,288,2,515.26,0.0
13333,5883,186,1,290.81,0.0
13334,5884,36,1,749.87,0.0
13335,5884,229,1,690.53,0.1
13337,5885,101,1,488.42,0.0
13338,5885,41,1,376.48,0.0
13339,5886,114,1,23.97,0.05
13340,5887,234,3,486.72,0.0
13341,5887,74,1,171.2,0.05
13342,5888,279,1,226.81,0.0
13343,5888,52,1,12.48,0.0
13344,5888,244,2,263.25,0.0
13345,5889,44,1,6.81,0.0
13346,5889,230,1,829.69,0.15
13347,5890,89,1,247.06,0.0
13348,5891,81,1,779.01,0.05
13349,5891,57,1,510.39,0.0
13350,5891,5,2,503.34,0.15
13351,5892,62,2,244.7,0.0
13352,5892,279,1,226.81,0.0
13353,5892,272,1,5.69,0.0
13354,5893,38,3,364.99,0.0
13355,5893,239,1,517.8,0.0
13356,5894,233,1,82.49,0.05
13357,5895,143,1,421.93,0.0
13358,5896,274,2,528.78,0.0
13359,5896,190,1,707.42,0.0
13360,5897,213,1,111.83,0.0
13361,5897,209,1,797.01,0.0
13362,5898,101,1,488.42,0.0
13363,5898,94,-1,514.73,0.0
13364,5899,269,2,603.81,0.0
13365,5899,156,2,372.8,0.1
13366,5900,258,1,626.09,0.0
13367,5901,6,1,531.19,0.2
13368,5902,276,2,341.21,0.05
13369,5902,232,3,71.83,0.05
13370,5903,32,1,338.4,0.0
13371,5904,208,1,260.07,0.05
13372,5905,185,1,582.19,0.0
13373,5906,292,1,425.68,0.0
13374,5906,110,3,52.92,0.0
13375,5907,139,2,835.42,0.0
13376,5907,55,1,395.52,0.05
13377,5908,175,1,600.57,0.0
13378,5908,273,1,560.24,0.0
13379,5908,27,1,686.85,0.2
13380,5909,181,3,37.18,0.0
13381,5909,100,1,283.25,0.1
13382,5909,166,2,278.38,0.15
13383,5909,281,1,146.98,0.1
13384,5909,268,1,23.79,0.0
13385,5910,124,1,640.23,0.1
13386,5910,165,1,605.76,0.2
13387,5910,224,-1,23.12,0.15
13388,5911,194,2,222.76,0.05
13389,5911,274,2,528.78,0.0
13390,5912,67,2,355.8,0.0
13391,5912,71,1,362.18,0.0
13392,5913,216,3,492.92,0.0
13393,5914,82,3,235.49,0.05
13394,5914,50,1,240.1,0.0
13395,5915,171,1,14.73,0.05
13396,5916,195,1,132.26,0.1
13397,5916,118,1,611.17,0.1
13398,5916,158,3,282.03,0.2
13399,5917,224,2,23.12,0.1
13400,5918,212,1,445.65,0.0
13401,5918,80,1,166.05,0.0
13402,5918,251,1,439.11,0.05
13403,5918,46,1,397.56,0.0
13404,5919,190,1,707.42,0.0
13405,5919,173,1,587.7,0.0
13406,5919,265,1,839.64,0.0
13407,5919,16,1,245.66,0.2
13408,5920,75,1,299.66,0.0
13409,5920,100,1,283.25,0.05
13410,5921,15,1,536.46,0.05
13411,5922,165,1,605.76,0.0
13413,5922,12,1,156.75,0.15
13414,5923,291,2,19.78,0.1
13415,5924,15,1,536.46,0.0
13416,5924,231,1,410.59,0.0
13417,5925,85,1,530.7,0.0
13418,5925,233,1,82.49,0.1
13419,5925,61,2,512.76,0.0
13420,5925,189,1,24.7,0.0
13421,5926,54,1,679.71,0.1
13422,5927,2,1,807.37,0.0
13423,5928,277,1,437.32,0.0
13424,5928,221,1,704.75,0.1
13425,5928,140,1,500.02,0.0
13426,5928,296,1,361.73,0.15
13427,5928,298,1,238.39,0.15
13428,5929,229,3,690.53,0.0
13429,5929,168,3,649.6,0.0
13430,5930,217,1,479.18,0.0
13431,5930,114,1,23.97,0.0
13432,5931,218,2,127.17,0.05
13433,5931,230,1,829.69,0.0
13434,5931,167,2,39.88,0.0
13435,5932,217,1,479.18,0.0
13436,5932,2,1,807.37,0.0
13437,5932,280,1,121.8,0.1
13438,5932,202,1,514.85,0.0
13439,5933,160,1,150.1,0.0
13440,5934,82,1,235.49,0.05
13441,5934,19,1,727.02,0.0
13442,5934,161,2,68.77,0.15
13443,5935,165,2,605.76,0.0
13444,5935,190,1,707.42,0.0
13445,5935,288,1,515.26,0.2
13446,5935,88,1,275.21,0.0
13447,5936,104,1,957.31,0.15
13448,5936,226,3,211.98,0.0
13449,5936,246,2,574.84,0.0
13450,5937,96,1,682.77,0.1
13451,5937,287,1,754.14,0.0
13452,5938,98,1,71.96,0.05
13453,5938,144,1,299.76,0.05
13454,5938,106,3,150.04,0.0
13455,5939,6,1,531.19,0.1
13456,5939,53,1,192.38,0.05
13457,5939,113,2,55.28,0.1
13458,5940,14,1,90.93,0.0
13459,5941,143,1,421.93,0.15
13460,5941,221,1,704.75,0.0
13461,5941,255,-1,249.2,0.0
13462,5942,272,3,5.69,0.15
13463,5942,84,1,43.2,0.1
13464,5943,104,1,957.31,0.05
13465,5943,116,1,862.37,0.15
13466,5944,265,1,839.64,0.0
13467,5944,152,1,910.86,0.1
13468,5945,13,3,152.16,0.0
13469,5945,18,1,35.67,0.1
13470,5946,270,1,1160.3575,0.05
13471,5947,151,2,625.19,0.15
13472,5948,150,1,182.12,0.15
13473,5948,66,1,447.18,0.0
13474,5949,123,1,840.94,0.05
13475,5949,288,1,515.26,0.0
13476,5950,239,1,517.8,0.05
13477,5950,46,1,397.56,0.1
13478,5950,241,1,306.12,0.05
13479,5951,179,1,478.65,0.0
13480,5952,39,1,412.64,0.15
13481,5952,200,1,533.81,0.0
13482,5953,190,1,707.42,0.0
13483,5953,65,1,460.75,0.0
13484,5953,50,1,240.1,0.0
13485,5954,247,2,708.26,0.05
13486,5954,22,1,205.71,0.0
13487,5954,10,1,309.24,0.0
13488,5955,242,1,166.1,0.05
13489,5955,236,1,55.21,0.0
13490,5956,7,3,357.42,0.05
13491,5957,147,1,517.03,0.1
13492,5957,48,2,231.62,0.2
13493,5957,65,1,460.75,0.0
13494,5958,26,2,259.69,0.0
13495,5958,278,2,402.71,0.0
13496,5958,111,1,227.31,0.0
13497,5959,77,3,103.53,0.05
13498,5960,23,2,235.35,0.1
13499,5960,212,3,445.65,0.2
13500,5960,140,1,500.02,0.1
13501,5960,42,1,328.75,0.0
13502,5960,150,1,182.12,0.0
13503,5961,125,1,584.13,0.0
13504,5961,109,3,59.23,0.0
13505,5961,222,1,264.61,0.15
13506,5962,132,3,299.38,0.2
13507,5962,213,1,111.83,0.05
13508,5963,5,1,503.34,0.05
13510,5964,208,2,260.07,0.15
13511,5964,149,1,382.77,0.0
13512,5965,93,1,98.57,0.05
13513,5965,8,1,295.82,0.15
13514,5965,275,1,82.62,0.05
13515,5966,273,2,560.24,0.0
13516,5966,94,1,514.73,0.0
13517,5967,145,1,61.15,0.05
13518,5967,211,2,943.9,0.0
13519,5967,214,1,304.46,0.0
13520,5968,210,1,177.09,0.0
13521,5968,284,2,228.9,0.0
13522,5968,271,1,756.22,0.1
13523,5969,298,1,238.39,0.05
13524,5969,287,2,754.14,0.0
13525,5969,109,1,59.23,0.0
13526,5969,272,1,5.69,0.0
13527,5970,109,1,59.23,0.0
13528,5971,94,1,514.73,0.05
13529,5971,62,2,244.7,0.05
13530,5972,158,1,282.03,0.0
13531,5973,212,1,445.65,0.1
13532,5973,95,1,711.68,0.0
13533,5973,115,2,251.88,0.2
13534,5974,161,3,68.77,0.0
13535,5975,22,1,205.71,0.0
13536,5975,67,1,355.8,0.0
13537,5976,87,2,564.0,0.0
13538,5976,123,1,840.94,0.15
13539,5977,14,2,90.93,0.0
13540,5977,133,1,479.79,0.0
13541,5978,53,1,192.38,0.0
13542,5979,25,1,282.92,0.1
13543,5979,199,3,51.0,0.0
13544,5979,246,-1,574.84,0.05
13545,5980,77,1,103.53,0.0
13546,5981,56,1,186.07,0.0
13547,5981,107,1,963.92,0.15
13548,5981,250,1,1160.3575,0.0
13549,5982,57,1,510.39,0.0
13550,5983,295,1,139.02,0.1
13551,5984,224,1,23.12,0.05
13552,5984,229,1,690.53,0.0
13553,5985,190,1,707.42,0.2
13554,5986,123,1,840.94,0.15
13555,5986,160,2,150.1,0.0
13556,5987,51,1,863.34,0.0
13557,5988,132,1,299.38,0.0
13558,5988,108,1,378.75,0.0
13559,5988,209,1,797.01,0.0
13560,5988,197,3,538.79,0.0
13561,5988,85,1,530.7,0.0
13562,5989,6,1,531.19,0.0
13563,5989,93,1,98.57,0.0
13564,5989,25,2,282.92,0.1
13565,5990,91,2,369.86,0.0
13566,5990,94,1,514.73,0.0
13567,5991,145,1,61.15,0.0
13568,5991,292,1,425.68,0.05
13569,5991,209,1,797.01,0.05
13570,5991,155,1,607.36,0.1
13571,5992,146,1,443.54,0.0
13572,5992,176,3,199.39,0.0
13573,5992,147,-1,517.03,0.15
13574,5992,75,1,299.66,0.0
13575,5993,3,1,978.72,0.0
13576,5993,9,3,66.57,0.0
13577,5994,86,3,443.6,0.1
13578,5995,287,3,754.14,0.05
13579,5995,74,1,171.2,0.0
13580,5995,195,1,132.26,0.0
13581,5996,201,2,567.68,0.0
13582,5996,268,1,23.79,0.0
13583,5997,6,1,531.19,0.0
13585,5997,283,1,680.49,0.0
13586,5997,62,1,244.7,0.15
13587,5997,77,1,103.53,0.15
13588,5998,49,3,850.7,0.05
13589,5998,265,1,839.64,0.05
13590,5999,47,1,513.39,0.1
13591,6000,14,1,90.93,0.1
13592,6000,40,1,171.89,0.05
13593,6000,154,1,115.68,0.0
13594,6000,86,1,443.6,0.2
13595,6000,87,1,564.0,0.2
13596,6001,141,1,251.45,0.0
13597,6002,140,1,500.02,0.0
13598,6002,168,1,649.6,0.1
13599,6002,221,1,704.75,0.0
13600,6003,102,3,396.98,0.0
13601,6003,204,2,578.66,0.0
13602,6004,149,2,382.77,0.1
13603,6004,122,2,607.34,0.0
13604,6005,288,1,515.26,0.15
13605,6005,136,1,974.39,0.0
13606,6006,234,1,486.72,0.0
13607,6007,36,2,749.87,0.0
13608,6007,169,1,458.05,0.0
13609,6008,165,2,605.76,0.05
13610,6008,192,3,697.79,0.0
13611,6009,239,1,517.8,0.0
13612,6009,173,3,587.7,0.0
13613,6009,97,1,628.48,0.0
13614,6009,220,1,475.38,0.1
13615,6009,209,1,797.01,0.0
13616,6010,49,1,850.7,0.0
13617,6011,207,2,518.71,0.05
13618,6011,74,1,171.2,0.2
13619,6011,258,1,626.09,0.15
13620,6011,202,1,514.85,0.15
13621,6011,108,1,378.75,0.0
13622,6012,157,3,701.5,0.0
13623,6013,18,-1,35.67,0.0
13624,6013,253,1,621.95,0.05
13625,6014,80,1,166.05,0.2
13626,6014,25,1,282.92,0.0
13627,6014,85,1,530.7,0.15
13628,6014,271,1,756.22,0.1
13629,6015,181,3,37.18,0.05
13630,6016,86,1,443.6,0.0
13631,6017,242,1,166.1,0.0
13632,6018,172,1,104.56,0.0
13633,6019,3,2,978.72,0.0
13634,6020,182,1,500.91,0.15
13635,6020,123,1,840.94,0.1
13636,6020,191,1,457.7,0.0
13637,6021,90,2,219.22,0.0
13638,6022,204,3,578.66,0.05
13639,6023,270,1,1160.3575,0.0
13640,6023,225,1,939.11,0.0
13641,6023,64,1,29.71,0.1
13642,6024,241,1,306.12,0.05
13643,6025,121,2,183.38,0.0
13644,6025,208,-1,260.07,0.0
13645,6025,294,2,141.94,0.15
13646,6026,138,1,54.35,0.0
13647,6026,206,1,612.54,0.0
13648,6027,104,1,957.31,0.0
13649,6027,182,1,500.91,0.0
13650,6027,23,1,235.35,0.0
13651,6027,100,1,283.25,0.0
13652,6028,219,1,211.99,0.05
13653,6028,267,2,253.7,0.0
13654,6028,124,1,640.23,0.0
13655,6029,220,1,475.38,0.0
13656,6029,173,3,587.7,0.0
13657,6030,231,1,410.59,0.05
13658,6031,278,3,402.71,0.0
13659,6031,168,1,649.6,0.0
13660,6032,234,1,486.72,0.0
13661,6033,285,1,667.54,0.05
13662,6033,62,1,244.7,0.0
13663,6034,18,2,35.67,0.15
13664,6034,284,1,228.9,0.0
13665,6035,219,1,211.99,0.0
13666,6035,189,1,24.7,0.0
13667,6035,78,1,213.82,0.05
13668,6036,271,1,756.22,0.1
13669,6036,143,1,421.93,0.05
13671,6036,181,2,37.18,0.0
13672,6037,183,1,942.96,0.0
13673,6038,76,1,938.11,0.05
13674,6038,182,2,500.91,0.0
13675,6038,276,1,341.21,0.1
13676,6039,288,1,515.26,0.1
13677,6040,258,1,626.09,0.0
13678,6040,203,2,431.09,0.0
13679,6040,137,1,316.92,0.05
13680,6040,166,1,278.38,0.0
13681,6041,288,2,515.26,0.0
13682,6041,30,1,477.17,0.0
13683,6042,299,3,725.08,0.0
13684,6042,78,1,213.82,0.05
13685,6042,63,2,430.39,0.0
13686,6042,117,2,567.69,0.0
13687,6043,272,2,5.69,0.0
13688,6043,225,2,939.11,0.0
13689,6044,290,1,908.96,0.05
13690,6045,89,3,247.06,0.0
13692,6045,187,3,127.57,0.15
13693,6046,95,1,711.68,0.05
13694,6046,204,1,578.66,0.0
13695,6047,25,1,282.92,0.0
13696,6048,185,2,582.19,0.0
13697,6048,107,1,963.92,0.05
13698,6048,236,1,55.21,0.0
13699,6048,144,1,299.76,0.0
13700,6049,225,1,939.11,0.0
13701,6050,106,1,150.04,0.15
13702,6051,226,1,211.98,0.0
13703,6051,21,1,614.24,0.0
13704,6051,88,1,275.21,0.0
13705,6052,115,1,251.88,0.05
13706,6053,34,2,399.8,0.0
13707,6053,275,3,82.62,0.0
13708,6054,211,1,943.9,0.0
13709,6054,38,1,364.99,0.15
13710,6054,157,1,701.5,0.0
13711,6055,59,2,287.12,0.0
13712,6055,111,2,227.31,0.15
13713,6055,186,1,290.81,0.05
13714,6056,73,1,346.78,0.0
13715,6057,59,1,287.12,0.0
13716,6057,2,1,807.37,0.1
13717,6058,233,1,82.49,0.0
13718,6059,267,1,253.7,0.0
13719,6060,247,1,708.26,0.0
13720,6060,64,1,29.71,0.1
13721,6061,268,-1,23.79,0.0
13722,6061,29,1,103.82,0.15
13723,6061,121,1,183.38,0.0
13724,6061,83,1,243.1,0.1
13725,6061,236,1,55.21,0.15
13726,6062,256,2,537.93,0.0
13727,6062,253,1,621.95,0.0
13728,6062,196,1,518.75,0.0
13729,6063,244,1,263.25,0.1
13730,6063,145,1,61.15,0.15
13731,6063,248,3,75.61,0.0
13732,6063,123,1,840.94,0.2
13733,6063,160,1,150.1,0.0
13734,6064,85,1,530.7,0.0
13735,6064,29,1,103.82,0.0
13736,6064,69,1,274.11,0.0
13737,6064,229,1,690.53,0.15
13738,6065,263,2,222.36,0.05
13739,6065,158,1,282.03,0.0
13740,6065,48,1,231.62,0.1
13741,6065,46,1,397.56,0.05
13742,6065,215,1,501.1,0.0
13743,6066,98,1,71.96,0.0
13744,6066,294,1,141.94,0.05
13745,6066,38,1,364.99,0.05
13746,6067,255,1,249.2,0.0
13747,6068,251,1,439.11,0.0
13748,6068,57,1,510.39,0.0
13749,6069,28,1,749.19,0.0
13750,6070,288,2,515.26,0.0
13751,6070,100,1,283.25,0.1
13752,6070,276,1,341.21,0.0
13753,6071,41,1,376.48,0.05
13754,6071,108,1,378.75,0.0
13755,6072,218,1,127.17,0.0
13756,6072,290,1,908.96,0.0
13757,6073,174,1,864.84,0.05
13758,6073,52,1,12.48,0.0
13759,6073,245,-1,1160.3575,0.1
13760,6074,211,1,943.9,0.05
13761,6075,86,1,443.6,0.05
13762,6076,105,3,375.87,0.0
13763,6076,235,1,370.09,0.0
13764,6077,103,2,456.96,0.0
13765,6077,17,1,953.82,0.0
13766,6077,225,1,939.11,0.1
13767,6078,199,1,51.0,0.0
13768,6079,62,1,244.7,0.0
13769,6079,108,1,378.75,0.0
13770,6080,232,1,71.83,0.0
13771,6080,39,1,412.64,0.2
13772,6081,119,1,519.85,0.0
13773,6082,245,2,1160.3575,0.05
13774,6083,189,1,24.7,0.0
13775,6083,183,1,942.96,0.0
13776,6083,199,2,51.0,0.0
13777,6083,121,1,183.38,0.1
13778,6083,138,1,54.35,0.0
13779,6084,104,1,957.31,0.0
13780,6084,278,1,402.71,0.0
13781,6085,187,-1,127.57,0.0
13782,6085,249,1,682.27,0.05
13783,6085,89,1,247.06,0.0
13784,6085,120,1,146.96,0.0
13785,6086,159,1,818.3,0.0
13786,6086,60,1,148.68,0.1
13787,6086,274,1,528.78,0.0
13788,6087,233,2,82.49,0.2
13789,6088,239,1,517.8,0.05
13791,6088,117,1,567.69,0.0
13792,6089,8,2,295.82,0.1
13793,6089,239,2,517.8,0.05
13794,6090,214,1,304.46,0.0
13795,6090,10,1,309.24,0.05
13796,6090,48,1,231.62,0.0
13797,6090,32,3,338.4,0.05
13798,6090,87,1,564.0,0.05
13799,6091,122,3,607.34,0.05
13800,6091,202,2,514.85,0.0
13801,6091,93,1,98.57,0.0
13802,6092,111,1,227.31,0.1
13803,6092,135,1,550.83,0.0
13804,6092,21,2,614.24,0.0
13805,6093,297,2,89.43,0.0
13806,6094,282,1,280.61,0.0
13807,6094,27,1,686.85,0.15
13808,6094,279,2,226.81,0.0
13809,6095,66,1,447.18,0.0
13811,6095,194,1,222.76,0.0
13812,6096,292,1,425.68,0.0
13813,6096,8,1,295.82,0.1
13814,6097,34,1,399.8,0.0
13815,6098,134,2,541.79,0.0
13816,6098,168,3,649.6,0.0
13817,6098,37,2,608.8,0.0
13818,6098,106,2,150.04,0.0
13819,6099,163,1,598.68,0.0
13820,6099,42,1,328.75,0.1
13821,6099,17,1,953.82,0.0
13822,6100,44,1,6.81,0.0
13823,6101,239,1,517.8,0.0
13824,6101,101,3,488.42,0.0
13825,6102,115,1,251.88,0.2
13826,6103,244,1,263.25,0.0
13827,6103,21,3,614.24,0.05
13828,6103,88,1,275.21,0.2
13829,6104,58,1,87.55,0.1
13830,6105,11,1,216.27,0.15
13831,6105,77,1,103.53,0.0
13832,6106,252,1,274.43,0.0
13833,6107,193,1,351.11,0.05
13834,6107,232,1,71.83,0.0
13835,6107,59,2,287.12,0.05
13836,6107,259,1,533.22,0.0
13837,6108,137,-1,316.92,0.0
13838,6108,265,3,839.64,0.0
13839,6109,45,1,511.39,0.2
13840,6110,161,-1,68.77,0.05
13841,6111,139,2,835.42,0.0
13842,6111,99,1,496.87,0.1
13843,6112,226,-1,211.98,0.05
13844,6113,80,1,166.05,0.0
13845,6114,168,1,649.6,0.05
13846,6115,109,1,59.23,0.0
13847,6115,282,1,280.61,0.0
13848,6116,214,1,304.46,0.0
13849,6116,235,1,370.09,0.0
13850,6116,143,1,421.93,0.0
13851,6117,221,1,704.75,0.0
13852,6118,70,1,402.01,0.05
13853,6118,47,1,513.39,0.0
13854,6118,264,1,16.2,0.1
13855,6119,118,3,611.17,0.0
13856,6119,157,1,701.5,0.2
13857,6119,107,1,963.92,0.0
13858,6120,169,1,458.05,0.0
13859,6120,162,3,126.53,0.0
13860,6121,147,1,517.03,0.0
13861,6122,274,1,528.78,0.1
13862,6122,129,1,492.47,0.0
13863,6123,242,1,166.1,0.0
13864,6124,279,2,226.81,0.0
13865,6125,169,1,458.05,0.0
13866,6125,191,1,457.7,0.0
13867,6126,299,1,725.08,0.0
13868,6127,9,1,66.57,0.1
13869,6128,106,1,150.04,0.0
13870,6128,127,1,111.4,0.2
13871,6129,73,2,346.78,0.0
13872,6129,77,1,103.53,0.0
13873,6129,22,1,205.71,0.05
13874,6130,34,1,399.8,0.0
13875,6131,174,3,864.84,0.05
13876,6131,132,1,299.38,0.15
13877,6132,42,1,328.75,0.0
13879,6132,188,1,550.0,0.0
13880,6132,128,3,686.4,0.0
13881,6133,47,1,513.39,0.05
13882,6133,291,1,19.78,0.1
13883,6134,119,1,519.85,0.1
13884,6135,244,2,263.25,0.0
13885,6136,116,1,862.37,0.05
13886,6137,108,1,378.75,0.1
13887,6138,157,1,701.5,0.0
13888,6138,284,1,228.9,0.0
13889,6139,213,1,111.83,0.0
13890,6139,171,1,14.73,0.0
13891,6140,193,1,351.11,0.0
13892,6140,148,1,304.48,0.1
13893,6140,205,1,367.74,0.15
13894,6140,89,1,247.06,0.2
13895,6141,223,1,57.85,0.15
13896,6141,262,1,214.85,0.0
13897,6142,144,1,299.76,0.05
13898,6142,115,1,251.88,0.0
13899,6142,287,2,754.14,0.0
13900,6142,151,1,625.19,0.2
13901,6142,112,1,10.73,0.15
13902,6143,42,2,328.75,0.15
13903,6144,47,2,513.39,0.05
13904,6145,240,1,555.47,0.05
13905,6145,204,-1,578.66,0.0
13906,6145,246,1,574.84,0.0
13907,6146,48,1,231.62,0.2
13908,6147,43,1,97.72,0.15
13909,6147,84,1,43.2,0.0
13910,6148,175,1,600.57,0.0
13911,6148,46,1,397.56,0.0
13912,6148,254,1,286.86,0.0
13913,6149,225,1,939.11,0.0
13914,6149,256,3,537.93,0.0
13915,6150,262,1,214.85,0.0
13916,6151,178,1,563.12,0.0
13917,6152,47,1,513.39,0.1
13918,6152,252,2,274.43,0.1
13919,6153,126,1,240.49,0.05
13920,6154,274,2,528.78,0.0
13921,6154,53,1,192.38,0.2
13922,6155,258,1,626.09,0.0
13923,6155,105,1,375.87,0.05
13924,6155,223,2,57.85,0.15
13925,6155,290,1,908.96,0.1
13926,6155,225,3,939.11,0.15
13927,6156,155,2,607.36,0.0
13928,6157,141,2,251.45,0.1
13929,6157,223,1,57.85,0.05
13930,6158,25,1,282.92,0.1
13931,6159,110,1,52.92,0.1
13932,6159,48,1,231.62,0.0
13933,6159,209,3,797.01,0.1
13934,6159,275,1,82.62,0.0
13935,6159,265,1,839.64,0.15
13936,6160,137,1,316.92,0.05
13937,6160,258,1,626.09,0.1
13938,6161,47,2,513.39,0.0
13939,6161,179,1,478.65,0.05
13940,6162,138,1,54.35,0.0
13941,6163,32,1,338.4,0.0
13942,6164,71,1,362.18,0.05
13943,6165,187,1,127.57,0.0
13944,6165,249,2,682.27,0.0
13945,6165,272,1,5.69,0.0
13946,6166,32,1,338.4,0.0
13947,6166,288,1,515.26,0.05
13948,6167,217,3,479.18,0.05
13949,6167,200,1,533.81,0.1
13950,6168,207,1,518.71,0.05
13951,6168,142,1,717.32,0.1
13952,6169,163,1,598.68,0.1
13953,6169,84,1,43.2,0.2
13954,6169,182,-1,500.91,0.0
13955,6170,27,1,686.85,0.0
13956,6171,285,3,667.54,0.05
13957,6172,27,3,686.85,0.15
13958,6172,108,1,378.75,0.0
13959,6172,239,1,517.8,0.0
13960,6173,207,1,518.71,0.1
13961,6173,41,2,376.48,0.15
13962,6174,286,1,47.93,0.1
13963,6174,2,1,807.37,0.15
13964,6175,50,1,240.1,0.0
13965,6175,258,1,626.09,0.0
13966,6175,198,1,266.02,0.0
13967,6176,275,1,82.62,0.0
13968,6176,268,1,23.79,0.1
13969,6177,231,1,410.59,0.05
13970,6177,157,1,701.5,0.1
13971,6178,253,1,621.95,0.0
13972,6178,278,1,402.71,0.0
13973,6178,195,1,132.26,0.0
13974,6178,150,2,182.12,0.1
13975,6178,4,1,17.97,0.0
13976,6179,82,2,235.49,0.0
13977,6179,181,1,37.18,0.0
13978,6179,149,1,382.77,0.0
13979,6179,276,1,341.21,0.0
13980,6179,256,1,537.93,0.0
13981,6180,174,2,864.84,0.2
13982,6181,69,1,274.11,0.0
13983,6181,269,3,603.81,0.0
13984,6182,261,1,429.63,0.2
13985,6183,73,2,346.78,0.1
13986,6184,287,1,754.14,0.0
13987,6185,84,1,43.2,0.0
13988,6186,217,1,479.18,0.15
13989,6186,108,1,378.75,0.0
13990,6187,225,2,939.11,0.1
13991,6187,59,1,287.12,0.0
13992,6187,88,1,275.21,0.0
13993,6188,61,1,512.76,0.05
13994,6189,101,1,488.42,0.0
13995,6189,166,3,278.38,0.05
13996,6190,247,1,708.26,0.0
13997,6190,291,1,19.78,0.0
13998,6191,196,1,518.75,0.0
13999,6191,279,1,226.81,0.15
14000,6192,91,3,369.86,0.05
14001,6193,6,1,531.19,0.0
14002,6194,240,3,555.47,0.0
14003,6194,265,1,839.64,0.1
14004,6195,62,1,244.7,0.0
14005,6195,1,1,433.54,0.05
14006,6195,136,1,974.39,0.05
14007,6195,209,2,797.01,0.0
14008,6195,288,2,515.26,0.05
14009,6196,96,1,682.77,0.0
14010,6197,57,1,510.39,0.0
14011,6197,212,1,445.65,0.0
14012,6197,70,1,402.01,0.0
14013,6198,59,1,287.12,0.0
14014,6199,249,1,682.27,0.0
14015,6199,90,1,219.22,0.0
14016,6199,204,1,578.66,0.0
14017,6200,197,1,538.79,0.05
14018,6200,87,1,564.0,0.15
14019,6200,33,3,217.73,0.0
14020,6200,14,1,90.93,0.0
14021,6201,223,1,57.85,0.0
14022,6201,16,2,245.66,0.0
14023,6201,30,2,477.17,0.0
14024,6201,108,1,378.75,0.05
14025,6202,296,1,361.73,0.0
14026,6202,170,1,723.66,0.15
14027,6203,93,1,98.57,0.1
14028,6204,38,1,364.99,0.0
14030,6205,169,1,458.05,0.0
14031,6205,57,1,510.39,0.0
14032,6205,269,1,603.81,0.0
14033,6206,97,1,628.48,0.0
14034,6206,91,1,369.86,0.0
14035,6207,54,1,679.71,0.1
14036,6208,247,1,708.26,0.05
14037,6208,118,1,611.17,0.0
14038,6209,238,1,192.17,0.0
14039,6209,241,1,306.12,0.0
14040,6210,67,1,355.8,0.0
14041,6210,110,1,52.92,0.0
14042,6211,197,2,538.79,0.0
14043,6212,91,3,369.86,0.0
14044,6213,83,1,243.1,0.0
14045,6213,105,1,375.87,0.0
14046,6213,76,1,938.11,0.0
14047,6213,1,1,433.54,0.0
14048,6213,202,1,514.85,0.2
14049,6214,11,2,216.27,0.05
14050,6214,132,3,299.38,0.1
14051,6215,195,1,132.26,0.2
14052,6215,182,3,500.91,0.2
14053,6216,249,1,682.27,0.15
14054,6217,296,1,361.73,0.0
14055,6217,69,1,274.11,0.05
14056,6218,158,1,282.03,0.0
14057,6218,45,2,511.39,0.0
14058,6219,131,1,797.13,0.0
14059,6220,291,1,19.78,0.15
14060,6221,94,1,514.73,0.1
14061,6221,234,1,486.72,0.2
14062,6221,80,1,166.05,0.0
14063,6221,60,1,148.68,0.05
14064,6222,258,2,626.09,0.0
14065,6223,208,1,260.07,0.0
14066,6224,229,3,690.53,0.15
14067,6224,19,1,727.02,0.0
14068,6225,207,2,518.71,0.0
14069,6225,239,1,517.8,0.0
14070,6226,233,1,82.49,0.1
14071,6226,115,2,251.88,0.0
14072,6226,33,3,217.73,0.1
14073,6226,286,1,47.93,0.0
14074,6227,37,1,608.8,0.0
14075,6227,47,1,513.39,0.0
14076,6228,244,1,263.25,0.05
14077,6228,225,1,939.11,0.1
14078,6229,250,1,1160.3575,0.05
14079,6230,214,1,304.46,0.0
14080,6230,122,1,607.34,0.0
14081,6231,112,1,10.73,0.05
14082,6231,210,1,177.09,0.0
14083,6231,104,1,957.31,0.15
14084,6232,117,1,567.69,0.0
14085,6233,103,1,456.96,0.2
14086,6234,216,1,492.92,0.0
14087,6234,126,1,240.49,0.0
14088,6234,177,1,156.12,0.0
14089,6234,8,1,295.82,0.15
14090,6235,95,-1,711.68,0.0
14091,6236,190,1,707.42,0.0
14092,6237,210,1,177.09,0.1
14093,6237,141,2,251.45,0.1
14094,6238,246,1,574.84,0.0
14095,6238,238,1,192.17,0.0
14096,6238,239,1,517.8,0.1
14097,6239,285,1,667.54,0.0
14098,6240,58,1,87.55,0.2
14099,6240,253,1,621.95,0.05
14100,6240,170,1,723.66,0.0
14101,6241,113,1,55.28,0.1
14102,6241,54,1,679.71,0.1
14103,6242,176,2,199.39,0.1
14104,6242,253,1,621.95,0.15
14105,6242,43,1,97.72,0.0
14106,6242,105,1,375.87,0.1
14107,6243,53,3,192.38,0.0
14108,6243,107,1,963.92,0.05
14109,6244,142,1,717.32,0.0
14110,6244,3,1,978.72,0.0
14111,6245,16,1,245.66,0.05
14112,6246,158,1,282.03,0.1
14113,6247,68,1,133.13,0.0
14114,6247,269,1,603.81,0.0
14115,6247,207,1,518.71,0.1
14116,6248,81,1,779.01,0.15
14117,6249,239,1,517.8,0.1
14118,6249,187,1,127.57,0.1
14119,6249,166,-1,278.38,0.1
14120,6249,6,1,531.19,0.05
14121,6249,293,3,709.48,0.0
14122,6250,198,1,266.02,0.0
14123,6250,74,1,171.2,0.0
14124,6250,182,2,500.91,0.05
14125,6251,48,2,231.62,0.15
14126,6251,277,-1,437.32,0.0
14127,6251,156,1,372.8,0.0
14128,6251,146,1,443.54,0.0
14129,6252,58,1,87.55,0.0
14130,6252,113,1,55.28,0.0
14131,6252,179,-1,478.65,0.1
14132,6252,242,1,166.1,0.05
14133,6253,118,1,611.17,0.15
14134,6253,127,1,111.4,0.0
14135,6254,296,2,361.73,0.0
14136,6255,47,1,513.39,0.05
14137,6255,287,1,754.14,0.0
14138,6256,30,1,477.17,0.0
14139,6256,258,1,626.09,0.1
14140,6256,72,2,286.08,0.15
14141,6257,250,1,1160.3575,0.0
14142,6258,291,-1,19.78,0.15
14143,6258,96,2,682.77,0.05
14144,6259,2,1,807.37,0.0
14145,6259,202,1,514.85,0.0
14146,6259,194,1,222.76,0.05
14147,6260,136,2,974.39,0.0
14148,6261,37,1,608.8,0.0
14149,6262,153,1,530.38,0.0
14150,6262,16,1,245.66,0.0
14151,6263,284,1,228.9,0.15
14152,6264,275,1,82.62,0.0
14153,6264,251,1,439.11,0.0
14154,6265,256,1,537.93,0.0
14155,6266,50,1,240.1,0.0
14156,6266,122,-1,607.34,0.0
14157,6266,221,1,704.75,0.05
14158,6267,244,1,263.25,0.2
14159,6267,242,1,166.1,0.1
14160,6268,263,3,222.36,0.0
14161,6268,168,1,649.6,0.0
14162,6269,126,1,240.49,0.0
14163,6269,155,1,607.36,0.0
14164,6269,262,1,214.85,0.0
14165,6269,216,2,492.92,0.0
14166,6269,202,-1,514.85,0.0
14167,6270,178,2,563.12,0.0
14168,6270,132,1,299.38,0.2
14169,6270,137,1,316.92,0.05
14170,6270,214,2,304.46,0.0
14171,6270,104,3,957.31,0.0
14172,6271,6,1,531.19,0.0
14173,6272,264,1,16.2,0.0
14174,6272,101,1,488.42,0.0
14175,6272,60,1,148.68,0.0
14176,6272,7,1,357.42,0.05
14177,6272,298,1,238.39,0.05
14178,6273,199,1,51.0,0.0
14179,6273,171,1,14.73,0.0
14180,6273,176,2,199.39,0.0
14181,6274,282,2,280.61,0.15
14182,6274,276,1,341.21,0.0
14183,6275,175,1,600.57,0.1
14184,6276,237,2,335.88,0.0
14185,6276,165,1,605.76,0.2
14186,6277,104,3,957.31,0.0
14187,6278,232,3,71.83,0.0
14188,6278,190,1,707.42,0.0
14189,6279,212,3,445.65,0.2
14190,6280,215,2,501.1,0.1
14191,6281,76,3,938.11,0.05
14192,6281,120,1,146.96,0.05
14193,6282,129,1,492.47,0.15
14194,6282,189,3,24.7,0.0
14195,6282,179,2,478.65,0.1
14196,6283,274,1,528.78,0.1
14197,6283,69,2,274.11,0.0
14198,6283,99,1,496.87,0.0
14199,6283,275,1,82.62,0.0
14200,6283,132,1,299.38,0.15
14201,6284,121,1,183.38,0.0
14202,6284,87,1,564.0,0.0
14204,6284,209,1,797.01,0.0
14205,6285,87,-1,564.0,0.1
14206,6285,266,1,110.99,0.0
14207,6286,266,1,110.99,0.0
14208,6287,63,1,430.39,0.05
14209,6287,199,2,51.0,0.05
14210,6287,238,1,192.17,0.0
14211,6287,27,2,686.85,0.05
14212,6287,300,1,133.29,0.05
14213,6288,100,3,283.25,0.15
14214,6288,87,1,564.0,0.0
14215,6288,163,1,598.68,0.1
14216,6288,117,1,567.69,0.0
14217,6289,247,3,708.26,0.0
14218,6290,170,3,723.66,0.0
14219,6290,274,1,528.78,0.1
14220,6290,242,1,166.1,0.0
14221,6290,102,1,396.98,0.1
14222,6291,190,1,707.42,0.0
14223,6291,126,1,240.49,0.0
14224,6291,172,1,104.56,0.0
14225,6291,82,2,235.49,0.0
14226,6292,183,2,942.96,0.0
14227,6292,88,2,275.21,0.0
14228,6293,83,1,243.1,0.0
14229,6293,254,1,286.86,0.0
14230,6294,61,1,512.76,0.05
14231,6294,19,1,727.02,0.0
14232,6294,146,-1,443.54,0.15
14233,6295,277,2,437.32,0.05
14234,6295,197,1,538.79,0.15
14235,6295,281,1,146.98,0.0
14236,6295,136,1,974.39,0.0
14237,6296,42,1,328.75,0.0
14238,6297,281,2,146.98,0.0
14239,6297,283,1,680.49,0.1
14240,6298,31,2,976.57,0.0
14241,6298,143,1,421.93,0.0
14242,6299,54,1,679.71,0.0
14243,6299,128,1,686.4,0.0
14244,6300,208,1,260.07,0.2
14245,6300,3,1,978.72,0.1
14246,6301,231,1,410.59,0.0
14247,6301,135,1,550.83,0.05
14248,6302,213,2,111.83,0.0
14249,6302,42,1,328.75,0.0
14250,6302,219,1,211.99,0.0
14251,6302,184,1,278.4,0.0
14252,6303,28,1,749.19,0.05
14253,6303,29,3,103.82,0.0
14254,6304,80,1,166.05,0.2
14255,6304,236,1,55.21,0.05
14256,6305,213,1,111.83,0.2
14257,6306,211,1,943.9,0.0
14258,6307,129,2,492.47,0.05
14259,6308,165,3,605.76,0.0
14260,6309,288,1,515.26,0.0
14261,6310,186,2,290.81,0.0
14262,6310,52,1,12.48,0.0
14263,6311,46,2,397.56,0.05
14264,6311,199,1,51.0,0.0
14265,6312,196,2,518.75,0.0
14266,6313,249,1,682.27,0.0
14267,6313,196,1,518.75,0.0
14268,6314,295,3,139.02,0.0
14269,6315,99,1,496.87,0.05
14270,6315,93,1,98.57,0.0
14271,6316,136,3,974.39,0.0
14272,6316,13,1,152.16,0.0
14273,6317,18,1,35.67,0.1
14274,6318,11,3,216.27,0.15
14275,6319,26,1,259.69,0.1
14276,6319,218,1,127.17,0.1
14277,6319,130,1,454.11,0.0
14278,6320,275,1,82.62,0.2
14279,6320,159,1,818.3,0.05
14280,6321,244,3,263.25,0.0
14281,6321,291,1,19.78,0.0
14282,6322,153,1,530.38,0.05
14283,6322,160,1,150.1,0.0
14284,6322,226,2,211.98,0.0
14285,6323,239,1,517.8,0.1
14286,6323,149,2,382.77,0.0
14287,6323,231,1,410.59,0.0
14288,6324,164,1,446.58,0.05
14289,6325,52,1,12.48,0.0
14290,6325,246,2,574.84,0.0
14291,6325,39,1,412.64,0.0
14292,6326,285,1,667.54,0.2
14293,6327,233,-1,82.49,0.0
14294,6327,124,1,640.23,0.1
14295,6327,245,-1,1160.3575,0.0
14296,6328,18,-1,35.67,0.1
14297,6328,283,1,680.49,0.0
14298,6328,209,1,797.01,0.0
14299,6328,184,1,278.4,0.0
14300,6329,47,1,513.39,0.05
14301,6329,84,1,43.2,0.05
14302,6330,292,1,425.68,0.0
14303,6330,64,1,29.71,0.05
14304,6331,223,1,57.85,0.0
14305,6331,87,1,564.0,0.0
14306,6332,257,-1,8.4,0.15
14307,6333,85,1,530.7,0.05
14308,6333,216,1,492.92,0.0
14309,6333,18,1,35.67,0.0
14310,6333,50,2,240.1,0.05
14311,6333,267,2,253.7,0.0
14312,6334,105,1,375.87,0.0
14313,6334,46,2,397.56,0.0
14314,6334,123,1,840.94,0.0
14315,6335,169,1,458.05,0.0
14316,6336,50,1,240.1,0.0
14317,6336,110,1,52.92,0.05
14318,6337,180,2,843.45,0.15
14319,6337,152,1,910.86,0.0
14320,6338,49,1,850.7,0.0
14321,6339,58,1,87.55,0.0
14322,6339,17,2,953.82,0.0
14323,6339,101,2,488.42,0.0
14324,6339,150,2,182.12,0.0
14325,6340,180,1,843.45,0.2
14326,6340,107,1,963.92,0.0
14327,6341,90,1,219.22,0.0
14328,6341,30,1,477.17,0.05
14329,6342,142,1,717.32,0.05
14330,6342,272,1,5.69,0.0
14331,6343,293,1,709.48,0.0
14332,6343,294,2,141.94,0.0
14333,6344,262,1,214.85,0.05
14334,6345,184,1,278.4,0.05
14335,6345,175,1,600.57,0.0
14336,6346,64,1,29.71,0.0
14337,6346,228,1,162.75,0.0
14338,6347,24,1,696.97,0.05
14339,6348,13,1,152.16,0.0
14340,6349,298,1,238.39,0.0
14341,6349,132,1,299.38,0.1
14342,6349,283,2,680.49,0.1
14343,6349,203,1,431.09,0.0
14344,6350,112,1,10.73,0.15
14345,6350,299,1,725.08,0.0
14346,6350,32,1,338.4,0.0
14347,6350,21,1,614.24,0.0
14348,6351,160,1,150.1,0.0
14349,6352,299,3,725.08,0.0
14350,6353,165,1,605.76,0.0
14351,6353,300,1,133.29,0.0
14353,6353,280,1,121.8,0.15
14354,6354,196,2,518.75,0.0
14355,6354,34,2,399.8,0.0
14356,6354,69,1,274.11,0.05
14357,6354,151,1,625.19,0.0
14358,6355,254,3,286.86,0.0
14359,6356,242,1,166.1,0.05
14360,6356,33,1,217.73,0.05
14361,6357,58,1,87.55,0.0
14362,6358,153,3,530.38,0.2
14363,6358,5,1,503.34,0.0
14364,6358,111,1,227.31,0.0
14365,6358,251,1,439.11,0.05
14366,6358,124,1,640.23,0.0
14367,6359,74,1,171.2,0.15
14368,6360,196,1,518.75,0.1
14369,6360,269,1,603.81,0.0
14370,6361,82,2,235.49,0.0
14371,6362,223,1,57.85,0.0
14372,6362,208,1,260.07,0.05
14373,6362,112,1,10.73,0.0
14374,6362,232,1,71.83,0.15
14375,6362,293,1,709.48,0.1
14376,6363,277,1,437.32,0.0
14377,6363,127,2,111.4,0.1
14378,6363,94,1,514.73,0.05
14379,6364,94,1,514.73,0.0
14380,6365,101,1,488.42,0.0
14381,6365,99,1,496.87,0.1
14382,6366,45,1,511.39,0.05
14383,6367,167,1,39.88,0.0
14384,6367,272,1,5.69,0.0
14385,6367,187,1,127.57,0.2
14386,6368,23,1,235.35,0.0
14387,6368,133,1,479.79,0.1
14388,6368,105,1,375.87,0.05
14389,6368,213,2,111.83,0.0
14390,6369,86,2,443.6,0.1
14391,6369,168,1,649.6,0.0
14393,6369,138,1,54.35,0.0
14394,6369,82,1,235.49,0.1
14395,6369,81,1,779.01,0.0
14396,6370,231,-1,410.59,0.0
14397,6371,109,1,59.23,0.0
14398,6372,222,1,264.61,0.05
14399,6373,250,1,1160.3575,0.0
14400,6373,233,3,82.49,0.0
14401,6374,15,1,536.46,0.0
14402,6374,274,1,528.78,0.0
14403,6375,121,1,183.38,0.05
14404,6375,102,1,396.98,0.0
14405,6375,135,1,550.83,0.15
14406,6375,289,1,635.36,0.0
14407,6375,275,1,82.62,0.0
14408,6376,33,1,217.73,0.0
14409,6377,53,1,192.38,0.15
14410,6378,8,1,295.82,0.0
14411,6379,271,1,756.22,0.0
14412,6379,242,1,166.1,0.2
14413,6379,226,1,211.98,0.0
14414,6380,228,1,162.75,0.0
14415,6381,80,1,166.05,0.0
14416,6381,106,1,150.04,0.2
14417,6381,164,-1,446.58,0.05
14418,6381,296,2,361.73,0.15
14419,6381,213,1,111.83,0.0
14420,6382,53,1,192.38,0.0
14421,6382,81,1,779.01,0.0
14422,6383,20,1,548.49,0.05
14423,6383,265,1,839.64,0.1
14424,6383,285,2,667.54,0.0
14425,6383,3,1,978.72,0.05
14426,6384,199,1,51.0,0.0
14427,6384,10,1,309.24,0.05
14428,6384,180,1,843.45,0.0
14429,6385,78,1,213.82,0.0
14430,6385,254,2,286.86,0.1
14431,6386,290,1,908.96,0.0
14432,6386,48,1,231.62,0.0
14433,6387,90,1,219.22,0.0
14434,6387,158,2,282.03,0.15
14435,6388,156,2,372.8,0.05
14436,6388,288,1,515.26,0.2
14437,6389,188,3,550.0,0.0
14438,6390,155,1,607.36,0.0
14439,6390,115,2,251.88,0.0
14440,6390,53,1,192.38,0.05
14441,6391,277,1,437.32,0.0
14442,6392,184,2,278.4,0.0
14443,6392,238,1,192.17,0.1
14444,6393,203,1,431.09,0.05
14445,6393,34,2,399.8,0.0
14446,6394,297,1,89.43,0.15
14447,6394,204,2,578.66,0.0
14448,6394,294,3,141.94,0.0
14449,6394,48,1,231.62,0.0
14450,6395,14,1,90.93,0.0
14451,6396,20,1,548.49,0.2
14452,6397,154,1,115.68,0.0
14453,6397,102,1,396.98,0.0
14455,6398,87,1,564.0,0.0
14456,6398,118,1,611.17,0.15
14457,6398,182,1,500.91,0.1
14458,6399,242,1,166.1,0.0
14459,6399,169,1,458.05,0.15
14460,6399,70,1,402.01,0.0
14461,6400,277,1,437.32,0.1
14462,6400,54,2,679.71,0.0
14463,6400,182,1,500.91,0.0
14464,6401,110,1,52.92,0.0
14465,6401,140,1,500.02,0.1
14466,6401,184,1,278.4,0.15
14467,6402,124,2,640.23,0.15
14468,6402,172,1,104.56,0.0
14469,6402,88,1,275.21,0.0
14470,6402,246,1,574.84,0.1
14471,6403,114,1,23.97,0.0
14472,6403,278,1,402.71,0.0
14473,6403,101,-1,488.42,0.05
14474,6403,5,2,503.34,0.0
14475,6403,34,1,399.8,0.2
14476,6404,167,1,39.88,0.15
14477,6405,265,1,839.64,0.15
14478,6406,104,2,957.31,0.0
14479,6407,22,2,205.71,0.15
14480,6408,25,2,282.92,0.0
14481,6408,83,1,243.1,0.0
14482,6409,159,1,818.3,0.0
14483,6410,61,1,512.76,0.05
14484,6411,220,1,475.38,0.1
14485,6411,106,1,150.04,0.0
14486,6411,44,3,6.81,0.0
14487,6411,85,1,530.7,0.0
14488,6412,187,1,127.57,0.0
14489,6412,181,1,37.18,0.0
14490,6413,206,1,612.54,0.05
14491,6413,96,1,682.77,0.2
14492,6414,249,1,682.27,0.15
14493,6414,250,1,1160.3575,0.0
14494,6415,134,1,541.79,0.15
14495,6415,44,-1,6.81,0.0
14496,6416,58,1,87.55,0.0
14497,6416,172,1,104.56,0.0
14498,6416,148,1,304.48,0.0
14499,6417,216,1,492.92,0.1
14500,6418,186,1,290.81,0.15
14501,6419,258,1,626.09,0.05
14502,6419,10,2,309.24,0.1
14503,6420,41,1,376.48,0.0
14504,6420,64,3,29.71,0.0
14505,6420,17,1,953.82,0.0
14506,6420,169,1,458.05,0.1
14507,6420,276,1,341.21,0.0
14508,6421,125,1,584.13,0.0
14509,6421,10,1,309.24,0.2
14510,6421,210,2,177.09,0.0
14511,6422,70,1,402.01,0.0
14512,6422,127,3,111.4,0.0
14513,6422,85,2,530.7,0.15
14514,6423,110,1,52.92,0.0
14515,6424,82,2,235.49,0.0
14516,6424,185,1,582.19,0.1
14517,6425,164,2,446.58,0.0
14518,6426,242,1,166.1,0.05
14519,6426,110,1,52.92,0.0
14520,6427,163,-1,598.68,0.0
14521,6428,96,1,682.77,0.05
14522,6429,82,1,235.49,0.15
14523,6429,237,2,335.88,0.0
14524,6430,139,1,835.42,0.05
14525,6430,79,1,308.93,0.0
14526,6430,298,-1,238.39,0.0
14527,6430,294,1,141.94,0.0
14528,6431,15,1,536.46,0.0
14529,6431,114,1,23.97,0.05
14530,6431,55,-1,395.52,0.0
14531,6432,35,1,425.48,0.0
14532,6432,174,1,864.84,0.1
14533,6432,10,1,309.24,0.05
14534,6432,121,1,183.38,0.15
14535,6433,68,1,133.13,0.15
14536,6433,117,1,567.69,0.15
14537,6434,230,2,829.69,0.15
14538,6435,87,1,564.0,0.05
14539,6435,50,2,240.1,0.1
14540,6436,39,1,412.64,0.2
14541,6436,188,1,550.0,0.0
14542,6436,147,1,517.03,0.0
14543,6436,73,1,346.78,0.1
14544,6436,37,1,608.8,0.0
14545,6437,189,1,24.7,0.0
14546,6437,41,1,376.48,0.0
14547,6438,236,2,55.21,0.0
14548,6439,18,1,35.67,0.1
14549,6440,229,1,690.53,0.15
14550,6441,240,1,555.47,0.15
14551,6441,222,2,264.61,0.0
14553,6441,128,1,686.4,0.15
14554,6441,41,1,376.48,0.1
14555,6442,248,2,75.61,0.05
14556,6442,65,1,460.75,0.0
14557,6443,54,1,679.71,0.05
14558,6443,266,3,110.99,0.0
14559,6444,130,2,454.11,0.0
14560,6445,40,2,171.89,0.0
14561,6446,185,1,582.19,0.0
14562,6446,108,1,378.75,0.0
14563,6447,293,1,709.48,0.05
14564,6448,75,1,299.66,0.1
14565,6448,106,1,150.04,0.0
14566,6448,299,2,725.08,0.0
14567,6449,106,2,150.04,0.0
14568,6449,273,1,560.24,0.05
14569,6449,116,3,862.37,0.1
14570,6450,99,2,496.87,0.05
14571,6451,152,1,910.86,0.15
14572,6451,86,-1,443.6,0.15
14573,6451,273,1,560.24,0.0
14574,6452,87,1,564.0,0.0
14575,6453,133,2,479.79,0.05
14576,6453,129,2,492.47,0.1
14577,6454,215,1,501.1,0.0
14578,6454,151,2,625.19,0.0
14579,6455,177,1,156.12,0.05
14580,6455,289,1,635.36,0.0
14581,6456,131,1,797.13,0.0
14582,6457,34,3,399.8,0.0
14583,6457,109,1,59.23,0.05
14584,6458,164,1,446.58,0.0
14585,6458,296,2,361.73,0.0
14586,6459,26,1,259.69,0.15
14587,6459,292,1,425.68,0.0
14588,6460,253,2,621.95,0.0
14589,6461,227,3,192.19,0.05
14590,6461,294,1,141.94,0.0
14591,6461,124,3,640.23,0.0
14592,6462,34,1,399.8,0.1
14593,6462,77,1,103.53,0.1
14594,6462,87,1,564.0,0.0
14595,6463,160,2,150.1,0.05
14596,6463,144,1,299.76,0.0
14597,6463,74,3,171.2,0.05
14598,6463,99,1,496.87,0.05
14599,6463,201,1,567.68,0.0
14600,6464,192,2,697.79,0.2
14601,6464,155,2,607.36,0.0
14602,6465,85,1,530.7,0.05
14603,6465,257,1,8.4,0.05
14604,6465,24,1,696.97,0.0
14605,6466,132,1,299.38,0.15
14606,6467,207,1,518.71,0.1
14607,6468,99,1,496.87,0.0
14608,6469,291,1,19.78,0.0
14609,6469,230,1,829.69,0.0
14610,6469,89,1,247.06,0.0
14611,6469,125,1,584.13,0.0
14612,6469,280,1,121.8,0.0
14613,6470,158,1,282.03,0.0
14614,6470,192,1,697.79,0.0
14615,6470,261,2,429.63,0.1
14616,6471,209,1,797.01,0.0
14617,6471,14,1,90.93,0.0
14618,6471,93,1,98.57,0.0
14619,6472,104,1,957.31,0.0
14620,6472,15,1,536.46,0.05
14621,6473,31,3,976.57,0.0
14622,6474,83,1,243.1,0.0
14623,6474,200,3,533.81,0.0
14624,6474,81,1,779.01,0.0
14625,6474,130,2,454.11,0.0
14626,6475,60,1,148.68,0.0
14627,6476,23,1,235.35,0.0
14628,6477,163,1,598.68,0.0
14629,6477,148,1,304.48,0.0
14630,6477,43,1,97.72,0.0
14631,6477,269,1,603.81,0.2
14632,6478,236,1,55.21,0.0
14633,6478,211,2,943.9,0.0
14634,6479,202,1,514.85,0.0
14635,6479,282,1,280.61,0.15
14636,6479,273,1,560.24,0.1
14637,6480,162,2,126.53,0.1
14638,6480,49,1,850.7,0.0
14639,6481,130,1,454.11,0.0
14640,6481,234,1,486.72,0.0
14641,6481,174,1,864.84,0.1
14642,6482,146,1,443.54,0.05
14643,6482,38,1,364.99,0.0
14644,6483,138,2,54.35,0.0
14645,6483,258,3,626.09,0.0
14646,6484,181,3,37.18,0.0
14647,6484,245,1,1160.3575,0.0
14648,6485,74,1,171.2,0.2
14649,6486,83,1,243.1,0.0
14650,6486,69,1,274.11,0.0
14651,6487,210,1,177.09,0.0
14652,6488,211,1,943.9,0.0
14653,6488,252,1,274.43,0.0
14654,6488,146,1,443.54,0.0
14655,6488,243,1,746.93,0.1
14656,6488,187,1,127.57,0.0
14657,6489,62,1,244.7,0.0
14658,6490,82,1,235.49,0.0
14659,6491,46,1,397.56,0.0
14660,6491,11,1,216.27,0.0
14661,6492,103,1,456.96,0.05
14662,6492,183,1,942.96,0.05
14663,6492,43,1,97.72,0.05
14664,6493,146,1,443.54,0.0
14665,6494,242,1,166.1,0.0
14666,6495,159,2,818.3,0.15
14667,6495,287,2,754.14,0.0
14668,6496,191,1,457.7,0.0
14669,6496,43,1,97.72,0.05
14670,6496,176,1,199.39,0.05
14671,6497,68,2,133.13,0.15
14672,6497,280,1,121.8,0.15
14673,6498,119,1,519.85,0.1
14674,6498,179,1,478.65,0.1
14675,6498,103,2,456.96,0.0
14676,6498,41,1,376.48,0.05
14677,6499,130,1,454.11,0.1
14678,6500,138,3,54.35,0.05
14679,6500,165,1,605.76,0.0
14680,6500,161,1,68.77,0.15
14681,6500,171,1,14.73,0.0
14682,6500,8,1,295.82,0.0
14683,6501,297,1,89.43,0.0
14684,6502,32,1,338.4,0.05
14685,6502,247,1,708.26,0.2
14686,6503,178,1,563.12,0.0
14687,6503,298,1,238.39,0.15
14688,6503,12,3,156.75,0.0
14689,6503,174,2,864.84,0.0
14690,6503,152,-1,910.86,0.2
14691,6504,59,1,287.12,0.05
14692,6505,269,2,603.81,0.05
14693,6506,52,1,12.48,0.0
14694,6506,41,1,376.48,0.0
14695,6507,94,2,514.73,0.1
14696,6507,288,2,515.26,0.05
14697,6508,199,1,51.0,0.05
14698,6509,265,3,839.64,0.0
14699,6509,282,1,280.61,0.0
14700,6510,17,1,953.82,0.0
14701,6511,158,1,282.03,0.15
14702,6511,67,1,355.8,0.05
14703,6511,265,1,839.64,0.0
14704,6511,239,3,517.8,0.1
14705,6512,241,1,306.12,0.0
14706,6512,36,2,749.87,0.0
14707,6513,131,1,797.13,0.0
14708,6513,209,1,797.01,0.0
14709,6513,48,1,231.62,0.0
14710,6513,53,3,192.38,0.0
14711,6514,212,1,445.65,0.0
14712,6514,55,1,395.52,0.15
14713,6514,70,1,402.01,0.0
14714,6514,174,1,864.84,0.05
14715,6514,112,1,10.73,0.15
14716,6515,240,1,555.47,0.0
14717,6515,212,1,445.65,0.1
14718,6516,216,1,492.92,0.05
14719,6516,63,2,430.39,0.0
14720,6516,253,1,621.95,0.0
14721,6517,108,1,378.75,0.1
14722,6517,3,1,978.72,0.0
14723,6518,98,1,71.96,0.0
14724,6519,93,2,98.57,0.0
14725,6520,274,1,528.78,0.0
14726,6520,238,1,192.17,0.15
14727,6520,97,2,628.48,0.0
14728,6520,204,3,578.66,0.0
14729,6521,210,1,177.09,0.0
14730,6522,153,1,530.38,0.0
14731,6522,40,1,171.89,0.15
14732,6523,66,2,447.18,0.0
14733,6524,47,3,513.39,0.2
14734,6525,82,1,235.49,0.0
14735,6526,147,2,517.03,0.0
14736,6527,4,1,17.97,0.0
14737,6528,17,1,953.82,0.1
14738,6529,286,1,47.93,0.1
14739,6530,212,1,445.65,0.0
14741,6530,147,1,517.03,0.05
14742,6531,71,1,362.18,0.1
14743,6532,100,1,283.25,0.0
14744,6533,198,-1,266.02,0.1
14745,6533,16,1,245.66,0.1
14746,6533,121,1,183.38,0.0
14747,6534,167,1,39.88,0.0
14748,6535,16,1,245.66,0.1
14749,6536,49,1,850.7,0.05
14750,6536,292,1,425.68,0.1
14751,6536,272,1,5.69,0.0
14752,6537,154,1,115.68,0.15
14753,6537,152,2,910.86,0.1
14754,6537,221,1,704.75,0.15
14755,6538,28,1,749.19,0.0
14756,6539,159,1,818.3,0.0
14757,6539,72,1,286.08,0.0
14758,6539,180,1,843.45,0.2
14759,6540,186,1,290.81,0.15
14760,6540,198,1,266.02,0.1
14761,6541,129,2,492.47,0.0
14762,6541,216,1,492.92,0.15
14763,6542,260,1,619.66,0.0
14764,6542,197,-1,538.79,0.0
14765,6543,109,3,59.23,0.0
14766,6543,180,1,843.45,0.15
14767,6544,182,1,500.91,0.05
14768,6545,114,1,23.97,0.0
14769,6545,298,2,238.39,0.0
14770,6545,145,3,61.15,0.15
14771,6545,90,1,219.22,0.0
14772,6546,288,1,515.26,0.2
14773,6546,110,1,52.92,0.0
14774,6546,63,1,430.39,0.2
14775,6547,181,1,37.18,0.0
14776,6548,210,1,177.09,0.0
14777,6548,36,1,749.87,0.05
14778,6548,185,1,582.19,0.0
14779,6549,122,1,607.34,0.15
14780,6549,111,1,227.31,0.0
14781,6549,49,1,850.7,0.0
14782,6549,255,1,249.2,0.0
14783,6550,202,-1,514.85,0.0
14784,6551,267,1,253.7,0.1
14785,6551,263,1,222.36,0.0
14786,6552,98,2,71.96,0.0
14787,6552,67,1,355.8,0.0
14788,6552,261,1,429.63,0.0
14789,6553,123,1,840.94,0.0
14790,6553,221,2,704.75,0.0
14791,6554,36,1,749.87,0.0
14792,6554,135,-1,550.83,0.0
14793,6555,230,1,829.69,0.0
14794,6555,249,1,682.27,0.0
14795,6556,263,1,222.36,0.05
14796,6557,198,1,266.02,0.0
14797,6557,213,1,111.83,0.0
14798,6557,89,3,247.06,0.0
14799,6558,22,2,205.71,0.0
14800,6558,127,2,111.4,0.0
14801,6559,283,1,680.49,0.05
14802,6559,184,1,278.4,0.1
14803,6560,147,2,517.03,0.0
14804,6560,158,1,282.03,0.05
14805,6561,218,1,127.17,0.05
14806,6561,270,1,1160.3575,0.0
14807,6561,85,1,530.7,0.1
14808,6562,25,1,282.92,0.0
14809,6562,199,3,51.0,0.05
14810,6563,218,1,127.17,0.0
14811,6564,75,1,299.66,0.0
14812,6565,52,2,12.48,0.0
14813,6565,129,1,492.47,0.1
14814,6565,92,1,148.78,0.2
14815,6566,127,1,111.4,0.0
14816,6566,73,1,346.78,0.0
14817,6566,69,2,274.11,0.0
14818,6566,204,2,578.66,0.15
14819,6567,166,1,278.38,0.0
14820,6567,11,1,216.27,0.0
14821,6568,245,1,1160.3575,0.1
14822,6568,46,1,397.56,0.15
14823,6569,238,1,192.17,0.2
14824,6570,135,1,550.83,0.0
14825,6570,27,2,686.85,0.05
14826,6570,207,1,518.71,0.1
14827,6570,281,2,146.98,0.1
14828,6571,61,1,512.76,0.0
14829,6572,22,1,205.71,0.0
14830,6572,85,1,530.7,0.0
14831,6572,131,1,797.13,0.05
14832,6573,215,2,501.1,0.0
14833,6573,163,2,598.68,0.05
14834,6573,14,1,90.93,0.1
14835,6573,15,2,536.46,0.15
14836,6574,172,1,104.56,0.0
14837,6574,285,2,667.54,0.0
14838,6575,236,2,55.21,0.0
14839,6576,180,2,843.45,0.0
14840,6576,92,2,148.78,0.1
14841,6577,167,1,39.88,0.0
14842,6577,213,1,111.83,0.15
14843,6577,191,3,457.7,0.1
14844,6578,146,1,443.54,0.0
14845,6578,166,-1,278.38,0.0
14846,6579,298,1,238.39,0.0
14847,6579,114,1,23.97,0.0
14848,6580,50,1,240.1,0.0
14849,6581,53,1,192.38,0.0
14850,6582,68,1,133.13,0.0
14851,6582,282,1,280.61,0.15
14852,6583,141,1,251.45,0.2
14853,6583,183,1,942.96,0.05
14854,6584,247,1,708.26,0.0
14855,6584,100,1,283.25,0.0
14856,6584,268,1,23.79,0.05
14857,6585,70,2,402.01,0.0
14858,6585,201,2,567.68,0.0
14859,6585,264,2,16.2,0.1
14860,6586,168,1,649.6,0.05
14861,6586,144,-1,299.76,0.0
14862,6587,146,1,443.54,0.0
14863,6587,260,1,619.66,0.05
14864,6587,249,1,682.27,0.2
14865,6588,40,2,171.89,0.05
14866,6589,135,1,550.83,0.0
14867,6589,293,1,709.48,0.0
14868,6589,166,1,278.38,0.0
14869,6589,121,1,183.38,0.15
14870,6589,45,1,511.39,0.0
14871,6590,53,1,192.38,0.0
14872,6591,36,1,749.87,0.0
14873,6592,232,1,71.83,0.0
14874,6593,6,2,531.19,0.0
14875,6593,220,-1,475.38,0.1
14876,6593,86,-1,443.6,0.05
14877,6593,71,2,362.18,0.1
14878,6594,202,1,514.85,0.0
14879,6594,19,1,727.02,0.2
14880,6595,109,1,59.23,0.0
14881,6595,99,1,496.87,0.0
14882,6595,252,1,274.43,0.05
14883,6595,125,2,584.13,0.0
14884,6595,95,1,711.68,0.0
14885,6596,257,1,8.4,0.0
14886,6596,134,1,541.79,0.0
14887,6596,224,1,23.12,0.15
14888,6597,192,1,697.79,0.0
14889,6598,146,1,443.54,0.0
14890,6599,56,1,186.07,0.0
14891,6599,43,1,97.72,0.0
14892,6599,217,1,479.18,0.15
14893,6600,39,1,412.64,0.05
14894,6600,196,1,518.75,0.0
14895,6601,58,1,87.55,0.0
14896,6601,77,1,103.53,0.05
14897,6602,36,1,749.87,0.15
14898,6603,47,1,513.39,0.0
14899,6604,299,1,725.08,0.1
14900,6604,55,1,395.52,0.05
14901,6605,146,2,443.54,0.0
14902,6606,42,1,328.75,0.05
14903,6606,116,1,862.37,0.05
14904,6606,105,1,375.87,0.0
14905,6606,21,1,614.24,0.1
14906,6607,290,1,908.96,0.05
14907,6607,166,1,278.38,0.0
14908,6608,49,1,850.7,0.0
14909,6608,9,1,66.57,0.1
14910,6609,299,1,725.08,0.0
14911,6609,220,1,475.38,0.0
14912,6609,40,1,171.89,0.0
14913,6609,238,1,192.17,0.0
14914,6609,21,1,614.24,0.0
14915,6610,242,1,166.1,0.1
14916,6610,125,2,584.13,0.0
14917,6611,102,1,396.98,0.0
14918,6612,176,1,199.39,0.0
14919,6612,63,2,430.39,0.0
14920,6612,155,1,607.36,0.0
14921,6612,229,1,690.53,0.15
14922,6613,162,1,126.53,0.1
14923,6614,91,1,369.86,0.1
14924,6614,175,1,600.57,0.05
14926,6614,156,1,372.8,0.0
14927,6615,285,1,667.54,0.0
14928,6616,47,1,513.39,0.0
14929,6616,166,1,278.38,0.0
14930,6616,220,1,475.38,0.0
14931,6616,259,2,533.22,0.0
14932,6617,25,1,282.92,0.15
14933,6617,66,1,447.18,0.15
14934,6617,45,1,511.39,0.0
14935,6618,115,1,251.88,0.05
14936,6619,293,1,709.48,0.0
14937,6620,132,1,299.38,0.0
14938,6620,143,2,421.93,0.05
14939,6621,289,1,635.36,0.0
14940,6621,55,1,395.52,0.0
14941,6622,246,1,574.84,0.05
14942,6622,118,1,611.17,0.0
14943,6623,203,1,431.09,0.05
14944,6623,292,1,425.68,0.05
14945,6623,114,1,23.97,0.0
14946,6624,212,2,445.65,0.15
14947,6624,64,1,29.71,0.15
14948,6625,17,1,953.82,0.15
14949,6625,295,1,139.02,0.0
14950,6625,122,1,607.34,0.0
14951,6625,133,1,479.79,0.05
14952,6626,121,1,183.38,0.1
14953,6626,24,1,696.97,0.1
14954,6627,296,1,361.73,0.0
14955,6627,130,2,454.11,0.2
14956,6627,62,1,244.7,0.0
14957,6627,30,1,477.17,0.0
14958,6628,274,1,528.78,0.0
14959,6628,165,2,605.76,0.0
14960,6629,278,1,402.71,0.0
14961,6629,36,1,749.87,0.0
14962,6629,224,3,23.12,0.0
14963,6630,117,1,567.69,0.0
14964,6630,290,1,908.96,0.0
14965,6630,229,1,690.53,0.0
14966,6630,247,1,708.26,0.1
14967,6631,166,3,278.38,0.0
14968,6631,42,1,328.75,0.0
14969,6631,195,1,132.26,0.0
14970,6632,87,1,564.0,0.0
14971,6632,289,3,635.36,0.0
14972,6632,229,1,690.53,0.1
14973,6632,290,1,908.96,0.0
14974,6633,160,-1,150.1,0.2
14975,6633,105,1,375.87,0.1
14976,6633,283,1,680.49,0.0
14977,6634,174,1,864.84,0.0
14978,6635,68,1,133.13,0.0
14980,6635,112,3,10.73,0.15
14981,6636,20,1,548.49,0.0
14982,6637,299,1,725.08,0.1
14983,6637,178,1,563.12,0.0
14984,6638,108,1,378.75,0.1
14985,6639,231,1,410.59,0.05
14986,6639,91,1,369.86,0.15
14987,6640,74,1,171.2,0.0
14988,6640,32,1,338.4,0.0
14989,6640,83,3,243.1,0.1
14990,6640,252,2,274.43,0.1
14991,6641,90,1,219.22,0.0
14992,6642,92,1,148.78,0.0
14993,6642,176,1,199.39,0.0
14994,6642,241,1,306.12,0.05
14995,6643,118,3,611.17,0.1
14996,6644,276,3,341.21,0.0
14997,6644,57,1,510.39,0.0
14998,6644,95,2,711.68,0.0
14999,6645,47,2,513.39,0.0
15000,6645,145,3,61.15,0.0
15001,6646,18,1,35.67,0.0
15002,6647,239,1,517.8,0.1
15003,6647,279,1,226.81,0.0
15004,6647,53,1,192.38,0.0
15005,6647,16,3,245.66,0.0
15006,6647,8,1,295.82,0.0
15007,6648,292,1,425.68,0.05
15008,6648,213,3,111.83,0.0
15009,6648,150,1,182.12,0.0
15010,6648,242,1,166.1,0.0
15011,6648,17,1,953.82,0.0
15012,6649,62,2,244.7,0.0
15013,6650,35,1,425.48,0.0
15014,6650,171,1,14.73,0.1
15015,6650,117,2,567.69,0.0
15016,6651,250,1,1160.3575,0.15
15017,6651,192,1,697.79,0.05
15018,6651,207,1,518.71,0.0
15019,6651,107,1,963.92,0.05
15020,6651,162,1,126.53,0.2
15021,6652,133,1,479.79,0.0
15022,6652,239,1,517.8,0.1
15023,6652,245,1,1160.3575,0.0
15024,6652,160,3,150.1,0.0
15025,6652,2,1,807.37,0.0
15026,6653,173,2,587.7,0.0
15027,6653,7,1,357.42,0.0
15028,6654,9,1,66.57,0.05
15029,6655,28,2,749.19,0.05
15030,6655,206,2,612.54,0.0
15031,6655,282,1,280.61,0.0
15032,6655,15,3,536.46,0.0
15033,6656,176,1,199.39,0.0
15034,6656,112,1,10.73,0.1
15035,6657,188,-1,550.0,0.0
15036,6658,279,1,226.81,0.05
15037,6659,249,1,682.27,0.0
15038,6660,165,1,605.76,0.2
15039,6660,45,1,511.39,0.05
15040,6660,283,2,680.49,0.0
15041,6661,58,1,87.55,0.1
15042,6662,159,1,818.3,0.0
15043,6663,172,3,104.56,0.05
15044,6663,66,1,447.18,0.1
15045,6663,91,1,369.86,0.0
15046,6664,291,3,19.78,0.05
15047,6664,87,1,564.0,0.0
15048,6665,288,1,515.26,0.15
15049,6666,120,1,146.96,0.05
15050,6666,66,1,447.18,0.1
15051,6667,199,1,51.0,0.0
15052,6668,20,-1,548.49,0.0
15053,6668,151,1,625.19,0.1
15054,6668,16,-1,245.66,0.0
15055,6668,225,1,939.11,0.0
15056,6669,193,1,351.11,0.15
15057,6669,10,1,309.24,0.0
15058,6669,261,3,429.63,0.0
15059,6670,241,1,306.12,0.1
15060,6671,268,1,23.79,0.0
15061,6671,246,1,574.84,0.2
15062,6672,54,1,679.71,0.05
15063,6672,18,2,35.67,0.1
15064,6672,218,2,127.17,0.0
15065,6673,263,1,222.36,0.0
15066,6673,77,1,103.53,0.0
15067,6674,299,2,725.08,0.0
15068,6674,99,1,496.87,0.0
15069,6674,213,1,111.83,0.05
15070,6675,145,1,61.15,0.05
15071,6675,108,2,378.75,0.0
15072,6675,34,1,399.8,0.0
15073,6675,56,1,186.07,0.15
15074,6675,68,1,133.13,0.1
15076,6676,127,1,111.4,0.0
15077,6676,140,3,500.02,0.15
15078,6677,296,1,361.73,0.0
15079,6678,142,1,717.32,0.0
15080,6679,21,1,614.24,0.0
15081,6680,50,1,240.1,0.0
15082,6680,150,1,182.12,0.1
15083,6681,255,1,249.2,0.0
15084,6681,16,1,245.66,0.0
15085,6681,102,-1,396.98,0.0
15086,6682,233,2,82.49,0.05
15087,6682,79,1,308.93,0.1
15088,6683,35,2,425.48,0.0
15089,6683,171,2,14.73,0.15
15090,6683,89,1,247.06,0.0
15091,6683,156,3,372.8,0.0
15092,6684,85,1,530.7,0.0
15093,6684,206,1,612.54,0.0
15094,6685,239,1,517.8,0.1
15095,6685,20,2,548.49,0.2
15096,6685,52,1,12.48,0.05
15097,6686,123,1,840.94,0.0
15098,6686,87,1,564.0,0.05
15099,6686,105,1,375.87,0.0
15100,6687,65,1,460.75,0.15
15101,6688,41,1,376.48,0.0
15102,6688,22,2,205.71,0.0
15103,6688,75,1,299.66,0.05
15104,6688,114,1,23.97,0.15
15105,6688,76,2,938.11,0.0
15106,6689,238,1,192.17,0.0
15107,6689,99,1,496.87,0.0
15108,6690,166,2,278.38,0.0
15109,6691,120,1,146.96,0.0
15110,6692,116,1,862.37,0.0
15111,6693,82,1,235.49,0.05
15112,6694,270,1,1160.3575,0.0
15113,6694,67,1,355.8,0.2
15114,6694,289,2,635.36,0.1
15115,6694,224,1,23.12,0.0
15116,6694,119,1,519.85,0.15
15117,6695,163,1,598.68,0.05
15118,6695,73,1,346.78,0.0
15119,6695,250,1,1160.3575,0.05
15120,6696,96,1,682.77,0.0
15121,6697,45,-1,511.39,0.05
15122,6697,55,1,395.52,0.0
15123,6697,78,1,213.82,0.0
15124,6697,48,1,231.62,0.0
15125,6697,111,1,227.31,0.0
15126,6698,219,1,211.99,0.05
15127,6698,246,2,574.84,0.05
15128,6698,158,1,282.03,0.0
15129,6698,264,3,16.2,0.0
15130,6698,206,1,612.54,0.0
15131,6699,13,1,152.16,0.0
15132,6699,116,1,862.37,0.2
15133,6700,64,1,29.71,0.0
15134,6700,145,1,61.15,0.0
15135,6700,127,1,111.4,0.0
15136,6700,156,1,372.8,0.0
15137,6701,71,1,362.18,0.1
15138,6702,13,-1,152.16,0.0
15139,6703,68,1,133.13,0.1
15140,6703,115,1,251.88,0.15
15141,6704,233,1,82.49,0.0
15142,6704,297,1,89.43,0.0
15143,6704,8,1,295.82,0.0
15144,6704,208,1,260.07,0.0
15145,6705,8,2,295.82,0.0
15146,6706,123,1,840.94,0.0
15147,6707,213,2,111.83,0.0
15148,6708,243,3,746.93,0.0
15149,6708,36,2,749.87,0.05
15150,6708,178,2,563.12,0.0
15151,6709,210,1,177.09,0.15
15152,6709,187,1,127.57,0.05
15153,6710,245,1,1160.3575,0.0
15154,6711,196,1,518.75,0.0
15155,6711,280,1,121.8,0.0
15156,6711,233,1,82.49,0.05
15157,6712,128,1,686.4,0.15
15158,6712,35,1,425.48,0.2
15159,6712,144,3,299.76,0.0
15160,6713,139,2,835.42,0.1
15161,6713,297,1,89.43,0.15
15162,6713,8,1,295.82,0.0
15163,6714,50,1,240.1,0.0
15164,6714,31,1,976.57,0.15
15165,6714,27,1,686.85,0.15
15166,6715,180,1,843.45,0.1
15167,6716,214,3,304.46,0.15
15168,6716,41,1,376.48,0.05
15169,6717,167,-1,39.88,0.15
15170,6717,84,1,43.2,0.0
15171,6718,198,1,266.02,0.0
15172,6718,30,1,477.17,0.0
15173,6719,257,1,8.4,0.05
15174,6719,133,2,479.79,0.1
15175,6720,139,3,835.42,0.05
15176,6720,235,1,370.09,0.1
15177,6720,118,1,611.17,0.0
15178,6721,31,1,976.57,0.0
15179,6721,33,3,217.73,0.05
15180,6722,54,1,679.71,0.0
15181,6722,91,1,369.86,0.0
15182,6722,273,1,560.24,0.0
15183,6723,252,2,274.43,0.05
15184,6723,59,1,287.12,0.0
15185,6723,10,1,309.24,0.0
15186,6723,103,1,456.96,0.0
15187,6724,211,1,943.9,0.0
15188,6724,293,2,709.48,0.2
15189,6725,21,3,614.24,0.1
15190,6726,300,1,133.29,0.0
15191,6727,37,1,608.8,0.0
15192,6727,12,2,156.75,0.0
15193,6728,239,1,517.8,0.0
15194,6729,176,1,199.39,0.0
15195,6729,102,1,396.98,0.15
15196,6729,149,1,382.77,0.0
15197,6730,145,1,61.15,0.1
15198,6730,240,1,555.47,0.0
15199,6731,130,1,454.11,0.05
15200,6732,151,2,625.19,0.1
15201,6732,261,-1,429.63,0.0
15202,6733,99,1,496.87,0.05
15203,6733,53,1,192.38,0.15
15204,6733,104,3,957.31,0.0
15205,6734,218,1,127.17,0.0
15206,6734,230,1,829.69,0.2
15207,6735,253,1,621.95,0.0
15208,6735,4,1,17.97,0.05
15209,6736,182,1,500.91,0.0
15210,6736,56,1,186.07,0.05
15211,6737,281,1,146.98,0.2
15212,6738,132,3,299.38,0.0
15213,6739,88,1,275.21,0.1
15214,6740,233,2,82.49,0.0
15215,6741,207,2,518.71,0.1
15216,6742,147,2,517.03,0.05
15217,6742,256,1,537.93,0.1
15218,6743,103,1,456.96,0.15
15219,6744,186,3,290.81,0.1
15220,6744,3,1,978.72,0.0
15221,6745,295,1,139.02,0.0
15222,6745,34,1,399.8,0.15
15223,6746,108,1,378.75,0.0
15224,6746,299,1,725.08,0.0
15225,6746,197,1,538.79,0.05
15226,6747,141,1,251.45,0.1
15227,6748,249,1,682.27,0.0
15228,6749,195,1,132.26,0.0
15229,6750,134,1,541.79,0.2
15230,6750,84,1,43.2,0.0
15231,6750,297,1,89.43,0.0
15232,6750,262,1,214.85,0.05
15233,6751,22,3,205.71,0.2
15234,6752,34,1,399.8,0.0
15235,6752,164,1,446.58,0.1
15236,6752,187,2,127.57,0.1
15237,6753,68,1,133.13,0.0
15238,6753,155,3,607.36,0.0
15239,6754,292,1,425.68,0.15
15240,6754,178,2,563.12,0.15
15241,6754,177,3,156.12,0.0
15242,6755,67,1,355.8,0.0
15243,6756,52,1,12.48,0.0
15244,6756,247,1,708.26,0.15
15245,6756,24,2,696.97,0.05
15246,6757,173,1,587.7,0.0
15247,6757,117,1,567.69,0.15
15248,6757,29,2,103.82,0.0
15250,6757,122,1,607.34,0.0
15251,6758,220,1,475.38,0.0
15252,6758,231,1,410.59,0.2
15253,6758,134,1,541.79,0.05
15254,6758,22,1,205.71,0.15
15255,6759,92,1,148.78,0.1
15256,6759,99,1,496.87,0.0
15257,6759,114,1,23.97,0.0
15258,6759,276,1,341.21,0.1
15259,6760,61,1,512.76,0.0
15260,6761,85,1,530.7,0.05
15261,6761,160,2,150.1,0.0
15262,6761,248,1,75.61,0.05
15263,6762,84,1,43.2,0.0
15264,6762,261,1,429.63,0.0
15265,6763,171,2,14.73,0.0
15266,6763,245,1,1160.3575,0.0
15267,6763,296,1,361.73,0.05
15268,6763,214,2,304.46,0.0
15269,6764,294,2,141.94,0.0
15270,6765,200,1,533.81,0.0
15271,6765,115,1,251.88,0.1
15272,6766,215,1,501.1,0.0
15273,6766,195,1,132.26,0.0
15274,6766,51,2,863.34,0.0
15275,6766,142,2,717.32,0.0
15276,6767,37,1,608.8,0.1
15277,6768,2,1,807.37,0.05
15278,6768,138,-1,54.35,0.0
15279,6768,280,1,121.8,0.1
15280,6768,33,-1,217.73,0.0
15281,6768,71,1,362.18,0.2
15282,6769,1,2,433.54,0.0
15283,6769,17,2,953.82,0.0
15284,6769,261,1,429.63,0.1
15285,6769,18,1,35.67,0.2
15286,6770,213,1,111.83,0.15
15287,6770,263,1,222.36,0.0
15288,6771,9,2,66.57,0.1
15289,6771,117,2,567.69,0.1
15290,6771,76,1,938.11,0.05
15291,6771,51,2,863.34,0.0
15292,6772,205,2,367.74,0.0
15293,6773,119,1,519.85,0.2
15294,6773,260,1,619.66,0.0
15295,6773,31,1,976.57,0.15
15296,6774,110,-1,52.92,0.0
15297,6775,117,1,567.69,0.15
15298,6775,7,1,357.42,0.1
15299,6775,300,1,133.29,0.1
15300,6776,253,2,621.95,0.15
15301,6776,42,2,328.75,0.0
15302,6776,238,1,192.17,0.1
15303,6776,43,1,97.72,0.0
15304,6776,41,1,376.48,0.0
15305,6777,185,2,582.19,0.0
15306,6777,69,1,274.11,0.0
15307,6777,85,2,530.7,0.05
15308,6778,65,1,460.75,0.0
15309,6779,272,1,5.69,0.0
15310,6779,25,2,282.92,0.0
15311,6779,107,1,963.92,0.0
15312,6780,5,1,503.34,0.15
15313,6780,28,1,749.19,0.15
15314,6781,9,2,66.57,0.05
15315,6782,47,1,513.39,0.1
15316,6782,182,1,500.91,0.0
15317,6782,250,1,1160.3575,0.15
15318,6782,255,2,249.2,0.0
15319,6782,265,2,839.64,0.1
15320,6783,105,1,375.87,0.0
15321,6783,145,1,61.15,0.05
15322,6783,78,1,213.82,0.0
15323,6784,274,2,528.78,0.0
15324,6785,12,2,156.75,0.1
15325,6785,128,2,686.4,0.0
15326,6785,237,3,335.88,0.0
15327,6786,142,1,717.32,0.1
15328,6786,274,1,528.78,0.0
15329,6786,11,2,216.27,0.2
15330,6787,114,1,23.97,0.15
15331,6788,114,1,23.97,0.0
15332,6788,172,1,104.56,0.1
15333,6788,122,1,607.34,0.05
15334,6789,265,-1,839.64,0.1
15335,6789,163,1,598.68,0.0
15336,6789,111,2,227.31,0.1
15337,6790,160,1,150.1,0.0
15338,6791,218,1,127.17,0.1
15339,6792,164,1,446.58,0.0
15340,6792,277,2,437.32,0.0
15341,6792,105,3,375.87,0.0
15342,6792,271,1,756.22,0.0
15343,6793,48,1,231.62,0.0
15344,6793,199,2,51.0,0.0
15345,6793,274,1,528.78,0.15
15346,6793,248,1,75.61,0.0
15347,6793,8,1,295.82,0.0
15348,6794,51,1,863.34,0.1
15349,6795,9,1,66.57,0.0
15350,6796,225,1,939.11,0.0
15351,6796,209,2,797.01,0.0
15352,6797,94,1,514.73,0.0
15353,6797,29,1,103.82,0.0
15354,6797,86,3,443.6,0.0
15355,6797,15,1,536.46,0.15
15356,6798,207,1,518.71,0.15
15357,6799,205,3,367.74,0.1
15358,6800,291,1,19.78,0.0
15359,6800,298,1,238.39,0.0
15360,6801,98,1,71.96,0.1
15361,6802,44,1,6.81,0.0
15362,6802,72,2,286.08,0.0
15363,6802,293,1,709.48,0.0
15364,6803,90,1,219.22,0.2
15365,6803,252,1,274.43,0.0
15366,6804,184,2,278.4,0.0
15367,6804,95,2,711.68,0.0
15368,6805,247,1,708.26,0.0
15369,6806,41,1,376.48,0.2
15370,6807,39,1,412.64,0.0
15371,6807,177,1,156.12,0.1
15372,6808,270,2,1160.3575,0.0
15373,6808,259,1,533.22,0.05
15374,6808,79,2,308.93,0.0
15375,6809,92,1,148.78,0.0
15376,6809,240,1,555.47,0.15
15377,6809,47,2,513.39,0.15
15378,6809,226,1,211.98,0.0
15379,6809,80,2,166.05,0.0
15380,6810,246,1,574.84,0.05
15381,6810,224,2,23.12,0.0
15382,6811,297,1,89.43,0.0
15383,6811,198,1,266.02,0.0
15384,6811,287,1,754.14,0.0
15385,6812,22,1,205.71,0.15
15386,6813,160,1,150.1,0.0
15387,6813,10,1,309.24,0.0
15388,6813,4,1,17.97,0.1
15389,6813,221,1,704.75,0.05
15390,6814,124,1,640.23,0.0
15391,6814,5,1,503.34,0.0
15392,6814,123,1,840.94,0.0
15393,6815,204,1,578.66,0.0
15394,6815,295,1,139.02,0.0
15395,6816,34,1,399.8,0.0
15396,6816,235,1,370.09,0.0
15397,6817,131,1,797.13,0.0
15398,6818,80,2,166.05,0.05
15399,6818,277,1,437.32,0.05
15400,6818,285,1,667.54,0.1
15401,6819,80,1,166.05,0.05
15402,6819,83,2,243.1,0.0
15403,6819,247,1,708.26,0.0
15404,6820,264,2,16.2,0.05
15405,6820,203,1,431.09,0.2
15406,6821,56,1,186.07,0.2
15407,6822,56,1,186.07,0.0
15408,6822,21,1,614.24,0.0
15409,6823,274,1,528.78,0.0
15410,6823,257,2,8.4,0.0
15411,6823,76,1,938.11,0.05
15412,6824,172,3,104.56,0.05
15413,6824,138,2,54.35,0.0
15414,6824,211,1,943.9,0.15
15415,6824,127,1,111.4,0.05
15416,6825,246,1,574.84,0.0
15417,6826,64,-1,29.71,0.0
15418,6826,8,1,295.82,0.0
15419,6827,261,1,429.63,0.1
15420,6827,122,1,607.34,0.0
15421,6827,230,2,829.69,0.2
15422,6828,9,1,66.57,0.0
15423,6828,275,2,82.62,0.1
15424,6829,133,1,479.79,0.0
15425,6829,2,1,807.37,0.05
15426,6830,58,1,87.55,0.0
15427,6830,210,1,177.09,0.2
15428,6831,143,1,421.93,0.0
15429,6832,165,1,605.76,0.0
15430,6832,129,1,492.47,0.0
15431,6832,62,1,244.7,0.0
15432,6833,156,1,372.8,0.0
15433,6833,53,1,192.38,0.1
15434,6834,248,1,75.61,0.05
15435,6835,94,2,514.73,0.1
15436,6836,20,1,548.49,0.1
15437,6836,32,1,338.4,0.15
15438,6836,220,1,475.38,0.0
15439,6837,203,1,431.09,0.0
15440,6838,190,1,707.42,0.0
15441,6838,133,1,479.79,0.0
15442,6839,207,2,518.71,0.0
15443,6840,186,1,290.81,0.05
15444,6841,208,2,260.07,0.0
15445,6842,221,2,704.75,0.05
15446,6842,91,-1,369.86,0.0
15447,6842,298,1,238.39,0.05
15448,6842,251,1,439.11,0.2
15449,6843,125,1,584.13,0.15
15450,6843,237,1,335.88,0.15
15451,6844,75,1,299.66,0.0
15452,6844,46,1,397.56,0.1
15453,6844,255,1,249.2,0.1
15454,6844,270,1,1160.3575,0.15
15455,6845,88,1,275.21,0.0
15456,6845,246,2,574.84,0.1
15457,6845,135,3,550.83,0.0
15458,6845,234,1,486.72,0.05
15459,6846,27,1,686.85,0.05
15460,6846,242,1,166.1,0.0
15461,6847,65,1,460.75,0.0
15462,6848,90,2,219.22,0.0
15463,6848,4,1,17.97,0.2
15464,6848,41,1,376.48,0.0
15466,6849,9,2,66.57,0.0
15467,6849,122,1,607.34,0.0
15468,6849,106,1,150.04,0.05
15469,6850,95,1,711.68,0.05
15470,6851,299,1,725.08,0.0
15471,6851,110,1,52.92,0.05
15472,6852,219,1,211.99,0.15
15473,6852,136,2,974.39,0.0
15474,6852,93,1,98.57,0.0
15475,6852,191,2,457.7,0.0
15476,6852,134,1,541.79,0.0
15477,6853,215,3,501.1,0.0
15478,6853,141,1,251.45,0.1
15479,6854,37,1,608.8,0.05
15480,6854,105,1,375.87,0.0
15481,6854,131,2,797.13,0.1
15482,6855,101,2,488.42,0.0
15483,6855,48,1,231.62,0.1
15484,6856,289,3,635.36,0.2
15485,6857,297,2,89.43,0.0
15486,6858,208,1,260.07,0.0
15487,6858,220,1,475.38,0.0
15488,6858,14,2,90.93,0.05
15489,6859,172,1,104.56,0.0
15490,6859,242,1,166.1,0.0
15491,6859,264,1,16.2,0.0
15492,6859,39,1,412.64,0.2
15493,6860,184,3,278.4,0.0
15494,6860,80,1,166.05,0.0
15495,6860,97,1,628.48,0.1
15496,6861,91,1,369.86,0.0
15497,6862,113,1,55.28,0.0
15498,6862,63,1,430.39,0.0
15499,6862,258,1,626.09,0.0
15501,6863,197,1,538.79,0.1
15502,6864,190,1,707.42,0.1
15503,6864,151,3,625.19,0.1
15504,6865,263,3,222.36,0.0
15505,6865,252,2,274.43,0.05
15506,6866,128,2,686.4,0.0
15507,6866,131,1,797.13,0.1
15508,6866,265,1,839.64,0.1
15509,6867,58,1,87.55,0.2
15510,6867,150,1,182.12,0.0
15511,6868,190,1,707.42,0.15
15512,6868,68,1,133.13,0.0
15513,6868,67,1,355.8,0.15
15514,6868,90,3,219.22,0.15
15515,6868,210,1,177.09,0.0
15516,6869,11,2,216.27,0.05
15517,6870,152,1,910.86,0.1
15518,6870,66,2,447.18,0.0
15519,6870,230,1,829.69,0.05
15520,6871,151,1,625.19,0.1
15521,6872,115,1,251.88,0.0
15522,6872,57,1,510.39,0.15
15523,6873,16,1,245.66,0.0
15524,6873,112,1,10.73,0.0
15525,6874,274,1,528.78,0.15
15526,6875,225,1,939.11,0.0
15527,6875,252,1,274.43,0.0
15528,6875,64,1,29.71,0.0
15529,6875,66,1,447.18,0.0
15531,6876,183,2,942.96,0.0
15532,6876,236,1,55.21,0.0
15533,6877,69,1,274.11,0.15
15534,6877,175,1,600.57,0.1
15535,6878,160,1,150.1,0.05
15536,6879,86,1,443.6,0.0
15537,6880,12,1,156.75,0.1
15538,6880,180,1,843.45,0.1
15539,6880,118,1,611.17,0.0
15540,6881,255,1,249.2,0.0
15541,6881,73,1,346.78,0.0
15542,6882,162,1,126.53,0.0
15543,6883,82,1,235.49,0.2
15544,6883,201,1,567.68,0.05
15545,6883,248,1,75.61,0.0
15546,6884,266,1,110.99,0.15
15547,6885,143,2,421.93,0.05
15548,6885,276,1,341.21,0.0
15549,6886,168,1,649.6,0.0
15550,6886,208,2,260.07,0.05
15551,6886,80,2,166.05,0.05
15552,6886,9,1,66.57,0.2
15553,6886,219,1,211.99,0.0
15554,6887,95,1,711.68,0.0
15555,6887,59,1,287.12,0.0
15556,6888,72,2,286.08,0.0
15557,6889,24,1,696.97,0.2
15558,6889,218,3,127.17,0.0
15559,6890,158,1,282.03,0.0
15560,6891,20,2,548.49,0.0
15561,6891,215,1,501.1,0.0
15562,6892,49,1,850.7,0.0
15563,6893,213,1,111.83,0.05
15564,6893,104,1,957.31,0.0
15565,6893,110,1,52.92,0.0
15566,6894,207,1,518.71,0.1
15567,6895,163,1,598.68,0.05
15568,6895,40,2,171.89,0.0
15569,6896,298,3,238.39,0.0
15570,6897,275,2,82.62,0.0
15571,6898,190,2,707.42,0.0
15572,6898,100,1,283.25,0.0
15573,6899,107,1,963.92,0.05
15574,6899,69,1,274.11,0.15
15575,6900,75,2,299.66,0.0
15576,6900,152,1,910.86,0.0
15577,6900,127,1,111.4,0.0
15578,6900,293,3,709.48,0.2
15579,6900,221,2,704.75,0.0
15580,6901,54,1,679.71,0.0
15581,6901,273,1,560.24,0.05
15582,6902,128,1,686.4,0.0
15583,6902,96,1,682.77,0.0
15584,6903,266,1,110.99,0.0
15585,6904,209,1,797.01,0.0
15586,6904,125,1,584.13,0.0
15587,6905,241,1,306.12,0.0
15588,6906,115,2,251.88,0.0
15589,6906,225,1,939.11,0.1
15590,6907,232,1,71.83,0.0
15591,6908,103,1,456.96,0.0
15592,6909,128,1,686.4,0.1
15593,6909,47,1,513.39,0.0
15594,6910,232,1,71.83,0.0
15595,6910,275,1,82.62,0.15
15596,6910,155,1,607.36,0.0
15597,6911,168,1,649.6,0.0
15598,6912,41,-1,376.48,0.1
15599,6912,35,1,425.48,0.0
15600,6912,184,1,278.4,0.1
15601,6913,253,1,621.95,0.0
15602,6913,1,1,433.54,0.0
15603,6913,90,1,219.22,0.0
15604,6913,70,1,402.01,0.05
15605,6914,193,1,351.11,0.05
15606,6914,246,1,574.84,0.2
15607,6915,195,1,132.26,0.15
15608,6916,121,1,183.38,0.15
15609,6917,299,1,725.08,0.0
15610,6918,285,1,667.54,0.0
15611,6919,290,2,908.96,0.0
15612,6920,108,1,378.75,0.0
15613,6920,252,1,274.43,0.0
15614,6921,244,1,263.25,0.0
15615,6921,106,1,150.04,0.15
15616,6922,207,1,518.71,0.0
15617,6923,99,1,496.87,0.0
15618,6924,283,1,680.49,0.15
15619,6924,25,1,282.92,0.0
15620,6925,81,1,779.01,0.0
15621,6925,155,2,607.36,0.15
15622,6925,175,2,600.57,0.15
15623,6926,40,1,171.89,0.1
15624,6926,197,1,538.79,0.0
15625,6926,153,2,530.38,0.2
15626,6926,227,1,192.19,0.0
15627,6926,231,2,410.59,0.15
15628,6927,23,1,235.35,0.0
15629,6927,97,1,628.48,0.0
15630,6928,218,3,127.17,0.0
15631,6929,244,1,263.25,0.1
15632,6929,162,1,126.53,0.0
15633,6929,160,1,150.1,0.05
15634,6929,28,2,749.19,0.2
15635,6929,70,1,402.01,0.0
15636,6930,235,1,370.09,0.0
15637,6930,88,1,275.21,0.05
15638,6931,224,2,23.12,0.1
15639,6931,223,1,57.85,0.05
15640,6931,258,1,626.09,0.05
15641,6931,287,1,754.14,0.05
15642,6931,113,2,55.28,0.0
15643,6932,4,1,17.97,0.05
15644,6932,260,1,619.66,0.1
15645,6932,261,1,429.63,0.05
15646,6933,42,1,328.75,0.0
15647,6933,174,1,864.84,0.1
15648,6933,72,2,286.08,0.2
15649,6934,44,2,6.81,0.15
15650,6934,225,1,939.11,0.0
15651,6935,140,1,500.02,0.05
15652,6935,156,1,372.8,0.1
15653,6935,71,1,362.18,0.0
15654,6935,265,2,839.64,0.2
15655,6936,259,1,533.22,0.0
15656,6936,126,1,240.49,0.0
15657,6937,253,1,621.95,0.0
15658,6937,113,3,55.28,0.1
15659,6937,256,1,537.93,0.0
15660,6938,56,1,186.07,0.1
15661,6938,77,1,103.53,0.0
15662,6939,300,2,133.29,0.0
15663,6940,24,1,696.97,0.1
15664,6940,236,1,55.21,0.0
15665,6941,99,1,496.87,0.05
15666,6942,63,1,430.39,0.2
15667,6942,299,-1,725.08,0.0
15668,6943,33,1,217.73,0.0
15669,6943,299,1,725.08,0.15
15670,6943,115,1,251.88,0.0
15671,6944,109,3,59.23,0.1
15672,6945,218,1,127.17,0.0
15673,6945,66,2,447.18,0.15
15674,6945,222,1,264.61,0.05
15675,6945,112,1,10.73,0.05
15676,6946,13,1,152.16,0.1
15677,6946,46,1,397.56,0.0
15678,6946,176,1,199.39,0.0
15679,6947,288,1,515.26,0.0
15680,6948,93,1,98.57,0.1
15681,6948,242,3,166.1,0.0
15682,6948,228,1,162.75,0.0
15683,6948,15,1,536.46,0.1
15684,6949,275,1,82.62,0.0
15685,6949,227,1,192.19,0.0
15686,6950,104,1,957.31,0.0
15687,6950,11,1,216.27,0.05
15688,6950,133,1,479.79,0.0
15689,6951,266,1,110.99,0.0
15690,6951,276,1,341.21,0.0
15691,6951,192,1,697.79,0.0
15692,6951,143,1,421.93,0.0
15693,6951,16,2,245.66,0.05
15694,6952,248,1,75.61,0.1
15695,6952,260,1,619.66,0.0
15696,6952,95,2,711.68,0.0
15697,6952,31,1,976.57,0.0
15698,6952,53,1,192.38,0.1
15699,6953,292,2,425.68,0.1
15700,6953,54,1,679.71,0.2
15702,6953,167,1,39.88,0.0
15703,6954,179,2,478.65,0.1
15704,6955,258,2,626.09,0.0
15705,6955,56,1,186.07,0.1
15706,6956,197,1,538.79,0.0
15707,6957,113,1,55.28,0.0
15708,6957,194,1,222.76,0.1
15709,6957,247,1,708.26,0.05
15710,6958,76,1,938.11,0.0
15711,6958,107,1,963.92,0.0
15712,6958,145,1,61.15,0.0
15713,6958,8,2,295.82,0.05
15714,6958,125,1,584.13,0.1
15715,6959,37,1,608.8,0.0
15716,6960,143,1,421.93,0.05
15717,6960,103,1,456.96,0.2
15718,6960,75,1,299.66,0.0
15719,6961,162,1,126.53,0.05
15720,6961,93,1,98.57,0.2
15721,6961,76,3,938.11,0.0
15722,6962,29,1,103.82,0.0
15723,6963,285,1,667.54,0.0
15724,6963,296,1,361.73,0.0
15725,6963,49,2,850.7,0.05
15726,6964,214,1,304.46,0.0
15727,6964,232,1,71.83,0.0
15728,6965,10,1,309.24,0.15
15729,6966,135,2,550.83,0.0
15730,6966,150,1,182.12,0.0
15731,6967,285,1,667.54,0.0
15732,6967,150,1,182.12,0.0
15733,6968,81,1,779.01,0.0
15734,6969,249,1,682.27,0.05
15735,6969,132,1,299.38,0.0
15736,6969,77,1,103.53,0.0
15737,6970,110,1,52.92,0.15
15738,6970,259,1,533.22,0.0
15739,6970,79,1,308.93,0.0
15740,6970,57,1,510.39,0.0
15741,6971,1,1,433.54,0.05
15743,6971,231,1,410.59,0.0
15744,6971,275,1,82.62,0.15
15745,6971,218,1,127.17,0.1
15746,6972,62,1,244.7,0.0
15747,6972,110,1,52.92,0.0
15748,6973,114,1,23.97,0.0
15749,6974,47,1,513.39,0.0
15750,6974,232,1,71.83,0.0
15751,6974,154,2,115.68,0.0
15752,6975,72,2,286.08,0.1
15753,6975,6,1,531.19,0.05
15754,6976,61,1,512.76,0.1
15755,6976,177,2,156.12,0.0
15756,6976,79,1,308.93,0.0
15757,6977,231,1,410.59,0.0
15758,6977,174,1,864.84,0.15
15759,6978,34,1,399.8,0.0
15760,6978,91,1,369.86,0.05
15761,6978,117,1,567.69,0.0
15762,6978,18,1,35.67,0.05
15763,6979,117,1,567.69,0.1
15764,6979,261,1,429.63,0.0
15765,6980,197,1,538.79,0.0
15766,6981,107,2,963.92,0.0
15767,6981,297,1,89.43,0.15
15768,6981,4,1,17.97,0.0
15769,6982,35,1,425.48,0.05
15770,6982,91,1,369.86,0.15
15771,6983,91,1,369.86,0.0
15772,6983,73,1,346.78,0.0
15773,6984,27,1,686.85,0.0
15774,6984,298,3,238.39,0.0
15775,6984,219,1,211.99,0.0
15776,6985,167,1,39.88,0.0
15777,6985,222,1,264.61,0.0
15778,6986,113,-1,55.28,0.0
15779,6986,261,1,429.63,0.0
15780,6987,11,2,216.27,0.1
15781,6987,277,1,437.32,0.0
15782,6987,248,1,75.61,0.1
15783,6988,47,1,513.39,0.0
15784,6988,111,1,227.31,0.1
15785,6989,74,2,171.2,0.15
15786,6989,245,2,1160.3575,0.0
15787,6990,97,1,628.48,0.0
15788,6990,119,1,519.85,0.0
15789,6990,123,1,840.94,0.15
15790,6990,165,1,605.76,0.0
15791,6991,253,1,621.95,0.0
15792,6991,150,1,182.12,0.1
15793,6991,275,1,82.62,0.0
15794,6992,279,1,226.81,0.05
15795,6992,38,1,364.99,0.05
15796,6993,181,1,37.18,0.0
15797,6993,185,1,582.19,0.05
15798,6993,183,1,942.96,0.0
15799,6993,34,1,399.8,0.05
15800,6993,103,-1,456.96,0.0
15801,6994,86,1,443.6,0.0
15802,6994,244,2,263.25,0.15
15803,6994,235,1,370.09,0.1
15804,6995,189,1,24.7,0.0
15805,6995,116,2,862.37,0.05
15806,6995,83,1,243.1,0.0
15807,6996,39,1,412.64,0.15
15808,6997,170,1,723.66,0.05
15810,6997,53,1,192.38,0.0
15811,6997,192,1,697.79,0.15
15812,6998,6,1,531.19,0.1
15813,6998,210,2,177.09,0.1
15814,6998,26,1,259.69,0.0
15815,6999,32,1,338.4,0.0
15816,7000,199,1,51.0,0.0
15817,7000,269,1,603.81,0.0
15818,7001,268,1,23.79,0.0
15819,7001,242,2,166.1,0.0
15820,7001,199,3,51.0,0.05
15821,7001,61,1,512.76,0.1
15822,7002,145,1,61.15,0.15
15823,7002,233,1,82.49,0.0
15824,7002,145,1,61.15,0.0
15825,7003,210,2,177.09,0.0
15826,7004,92,1,148.78,0.0
15827,7004,128,1,686.4,0.0
15828,7004,8,1,295.82,0.0
15829,7004,31,1,976.57,0.0
15830,7004,294,2,141.94,0.0
15831,7005,207,1,518.71,0.0
15832,7005,186,2,290.81,0.0
15833,7005,199,1,51.0,0.0
15834,7006,187,1,127.57,0.0
15835,7006,129,1,492.47,0.1
15836,7006,86,-1,443.6,0.1
15837,7007,244,1,263.25,0.2
15838,7007,274,3,528.78,0.1
15839,7008,37,2,608.8,0.0
15840,7008,55,2,395.52,0.0
15841,7009,198,2,266.02,0.0
15842,7009,180,1,843.45,0.0
15843,7009,246,2,574.84,0.0
15844,7009,162,1,126.53,0.0
15845,7010,199,1,51.0,0.05
15846,7011,30,1,477.17,0.15
15847,7011,15,1,536.46,0.0
15848,7012,188,1,550.0,0.0
15849,7012,251,1,439.11,0.0
15850,7012,280,2,121.8,0.0
15851,7013,203,1,431.09,0.15
15852,7014,22,1,205.71,0.05
15853,7014,189,1,24.7,0.0
15854,7015,273,1,560.24,0.0
15855,7015,253,1,621.95,0.0
15856,7015,240,1,555.47,0.05
15857,7015,95,1,711.68,0.05
15858,7016,52,1,12.48,0.15
15859,7016,31,-1,976.57,0.0
15860,7017,141,2,251.45,0.0
15861,7017,179,1,478.65,0.1
15862,7017,170,1,723.66,0.0
15863,7018,64,1,29.71,0.0
15864,7019,51,2,863.34,0.0
15865,7020,253,1,621.95,0.0
15866,7021,144,1,299.76,0.0
15867,7021,212,1,445.65,0.1
15868,7022,272,1,5.69,0.15
15869,7022,139,1,835.42,0.15
15870,7023,299,2,725.08,0.0
15871,7024,171,1,14.73,0.1
15872,7024,222,1,264.61,0.0
15873,7024,289,1,635.36,0.1
15874,7025,165,1,605.76,0.0
15875,7026,113,1,55.28,0.0
15876,7026,49,1,850.7,0.0
15877,7026,50,2,240.1,0.0
15878,7026,199,1,51.0,0.0
15879,7026,70,1,402.01,0.0
15880,7027,157,1,701.5,0.0
15881,7028,226,1,211.98,0.0
15882,7028,226,2,211.98,0.0
15883,7029,72,2,286.08,0.15
15884,7030,228,1,162.75,0.0
15885,7030,55,1,395.52,0.0
15886,7030,225,1,939.11,0.1
15887,7031,188,1,550.0,0.0
15888,7032,195,2,132.26,0.0
15889,7033,234,1,486.72,0.15
15890,7034,47,2,513.39,0.0
15891,7034,268,1,23.79,0.0
15892,7035,56,1,186.07,0.0
15893,7035,121,1,183.38,0.0
15894,7036,26,1,259.69,0.1
15895,7037,286,1,47.93,0.0
15896,7038,242,1,166.1,0.0
15897,7038,171,1,14.73,0.0
15898,7039,288,1,515.26,0.0
15899,7039,34,2,399.8,0.2
15900,7039,240,1,555.47,0.05
15901,7039,36,1,749.87,0.0
15902,7040,271,1,756.22,0.0
15903,7041,292,1,425.68,0.0
15904,7041,35,1,425.48,0.05
15905,7042,266,1,110.99,0.2
15906,7042,289,1,635.36,0.0
15907,7042,263,1,222.36,0.0
15909,7043,45,1,511.39,0.0
15910,7043,195,2,132.26,0.0
15911,7043,91,1,369.86,0.0
15912,7043,256,1,537.93,0.0
15913,7043,174,1,864.84,0.1
15914,7044,137,1,316.92,0.0
15915,7045,2,1,807.37,0.15
15916,7046,283,1,680.49,0.15
15917,7047,89,2,247.06,0.1
15918,7047,280,1,121.8,0.05
15919,7047,281,2,146.98,0.0
15920,7048,246,1,574.84,0.0
15921,7048,254,1,286.86,0.1
15922,7048,257,2,8.4,0.0
15923,7048,133,1,479.79,0.1
15924,7049,136,1,974.39,0.0
15925,7049,162,2,126.53,0.0
15926,7050,68,1,133.13,0.15
15927,7050,14,1,90.93,0.2
15928,7050,276,1,341.21,0.1
15929,7050,12,1,156.75,0.0
15930,7051,76,2,938.11,0.0
15931,7051,162,1,126.53,0.15
15932,7051,214,1,304.46,0.0
15933,7052,199,2,51.0,0.0
15934,7052,144,1,299.76,0.0
15935,7053,116,1,862.37,0.2
15936,7054,180,1,843.45,0.1
15937,7055,66,1,447.18,0.0
15938,7056,256,1,537.93,0.0
15939,7056,188,1,550.0,0.0
15940,7057,149,2,382.77,0.1
15941,7058,182,1,500.91,0.0
15942,7059,89,1,247.06,0.0
15943,7059,166,1,278.38,0.0
15944,7060,223,1,57.85,0.05
15945,7061,182,1,500.91,0.0
15946,7062,64,1,29.71,0.15
15947,7062,228,3,162.75,0.2
15948,7062,163,1,598.68,0.0
15949,7063,255,1,249.2,0.0
15950,7064,280,1,121.8,0.1
15951,7065,81,2,779.01,0.05
15952,7066,222,1,264.61,0.2
15953,7066,130,1,454.11,0.05
15954,7066,228,1,162.75,0.0
15955,7066,212,1,445.65,0.05
15956,7067,13,1,152.16,0.15
15957,7067,56,1,186.07,0.0
15958,7068,227,1,192.19,0.05
15959,7068,72,1,286.08,0.0
15960,7068,46,1,397.56,0.0
15961,7068,62,3,244.7,0.15
15962,7069,150,-1,182.12,0.2
15963,7070,68,1,133.13,0.0
15964,7071,180,1,843.45,0.0
15965,7072,53,1,192.38,0.0
15966,7072,23,2,235.35,0.05
15967,7072,102,-1,396.98,0.0
15968,7073,7,1,357.42,0.0
15969,7073,65,1,460.75,0.0
15970,7073,2,1,807.37,0.0
15971,7073,178,1,563.12,0.0
15972,7074,139,1,835.42,0.15
15973,7074,176,1,199.39,0.0
15974,7074,207,3,518.71,0.2
15975,7075,167,2,39.88,0.0
15976,7075,33,2,217.73,0.05
15977,7075,119,1,519.85,0.05
15978,7076,51,1,863.34,0.0
15979,7076,76,3,938.11,0.0
15980,7076,50,1,240.1,0.0
15981,7077,238,1,192.17,0.0
15982,7077,54,1,679.71,0.05
15983,7078,257,1,8.4,0.05
15984,7078,104,1,957.31,0.05
15985,7078,47,1,513.39,0.0
15986,7078,59,1,287.12,0.0
15987,7078,131,1,797.13,0.15
15988,7079,249,1,682.27,0.0
15989,7080,13,1,152.16,0.0
15990,7080,142,1,717.32,0.0
15991,7080,253,1,621.95,0.0
15992,7080,228,1,162.75,0.0
15993,7081,7,1,357.42,0.0
15994,7082,253,1,621.95,0.0
15995,7082,56,1,186.07,0.05
15996,7082,27,1,686.85,0.15
15997,7083,21,1,614.24,0.0
15998,7083,61,1,512.76,0.15
15999,7083,193,2,351.11,0.0
16000,7083,278,1,402.71,0.1
16001,7083,172,1,104.56,0.0
16002,7084,192,1,697.79,0.0
16003,7084,145,1,61.15,0.0
16004,7085,101,1,488.42,0.0
16005,7085,111,1,227.31,0.05
16006,7086,189,1,24.7,0.0
16007,7086,262,3,214.85,0.0
16008,7086,171,1,14.73,0.0
16009,7086,225,1,939.11,0.0
16010,7087,192,1,697.79,0.0
16011,7088,64,1,29.71,0.0
16012,7088,6,1,531.19,0.0
16013,7088,137,1,316.92,0.0
16014,7089,298,1,238.39,0.0
16015,7089,183,1,942.96,0.0
16016,7090,30,1,477.17,0.0
16017,7091,219,1,211.99,0.0
16018,7092,180,2,843.45,0.0
16019,7092,251,1,439.11,0.05
16020,7093,80,1,166.05,0.0
16021,7094,237,1,335.88,0.1
16022,7095,175,3,600.57,0.0
16023,7095,267,1,253.7,0.05
16024,7095,83,1,243.1,0.1
16025,7096,148,1,304.48,0.0
16026,7096,265,2,839.64,0.0
16027,7097,19,1,727.02,0.15
16028,7097,128,1,686.4,0.05
16029,7097,40,1,171.89,0.0
16030,7097,218,2,127.17,0.0
16031,7098,13,1,152.16,0.2
16032,7099,215,1,501.1,0.0
16033,7099,252,3,274.43,0.0
16034,7099,75,2,299.66,0.05
16035,7099,86,1,443.6,0.0
16036,7100,166,2,278.38,0.0
16037,7100,148,1,304.48,0.15
16038,7100,140,3,500.02,0.0
16039,7101,251,1,439.11,0.0
16040,7102,130,1,454.11,0.0
16041,7103,236,1,55.21,0.2
16042,7103,7,1,357.42,0.0
16043,7103,177,1,156.12,0.05
16044,7104,42,1,328.75,0.05
16045,7104,127,1,111.4,0.2
16046,7104,21,-1,614.24,0.15
16047,7105,235,1,370.09,0.0
16048,7105,145,1,61.15,0.0
16049,7106,48,1,231.62,0.0
16050,7106,156,1,372.8,0.1
16051,7106,59,1,287.12,0.0
16052,7106,258,1,626.09,0.0
16053,7106,291,-1,19.78,0.2
16054,7107,240,2,555.47,0.05
16055,7108,240,1,555.47,0.1
16056,7109,284,1,228.9,0.0
16057,7110,103,1,456.96,0.0
16058,7110,175,-1,600.57,0.0
16059,7111,78,1,213.82,0.0
16060,7111,64,1,29.71,0.0
16061,7111,224,-1,23.12,0.05
16062,7112,68,1,133.13,0.2
16063,7112,31,2,976.57,0.0
16064,7112,143,1,421.93,0.0
16065,7113,190,1,707.42,0.2
16066,7114,156,3,372.8,0.0
16067,7115,190,1,707.42,0.1
16068,7115,172,1,104.56,0.0
16069,7116,228,3,162.75,0.05
16070,7117,135,1,550.83,0.0
16071,7117,127,1,111.4,0.0
16072,7117,296,2,361.73,0.0
16073,7118,73,2,346.78,0.05
16074,7118,84,1,43.2,0.1
16075,7118,127,1,111.4,0.1
16076,7118,41,1,376.48,0.05
16077,7118,188,1,550.0,0.0
16078,7119,215,3,501.1,0.0
16079,7120,79,1,308.93,0.0
16080,7120,91,1,369.86,0.0
16081,7120,159,1,818.3,0.05
16082,7121,138,2,54.35,0.0
16083,7122,8,1,295.82,0.0
16084,7123,151,1,625.19,0.0
16085,7123,49,1,850.7,0.0
16086,7123,279,1,226.81,0.2
16087,7124,237,1,335.88,0.0
16088,7124,15,1,536.46,0.0
16089,7125,276,1,341.21,0.0
16090,7125,83,1,243.1,0.05
16091,7126,8,1,295.82,0.1
16092,7126,230,1,829.69,0.1
16093,7127,158,1,282.03,0.0
16094,7128,250,1,1160.3575,0.0
16095,7128,170,1,723.66,0.0
16096,7129,238,1,192.17,0.0
16097,7129,82,1,235.49,0.0
16098,7130,218,1,127.17,0.1
16099,7130,223,1,57.85,0.2
16100,7131,176,1,199.39,0.15
16101,7131,133,1,479.79,0.0
16102,7132,77,2,103.53,0.2
16103,7132,276,1,341.21,0.0
16104,7133,195,1,132.26,0.05
16105,7133,67,2,355.8,0.0
16106,7134,281,-1,146.98,0.05
16107,7134,90,1,219.22,0.0
16108,7134,217,1,479.18,0.0
16109,7135,238,1,192.17,0.2
16110,7136,74,1,171.2,0.0
16111,7137,55,1,395.52,0.05
16112,7137,20,1,548.49,0.0
16113,7137,220,1,475.38,0.0
16114,7137,61,2,512.76,0.0
16115,7137,277,1,437.32,0.05
16116,7138,292,1,425.68,0.0
16117,7138,271,1,756.22,0.0
16118,7138,140,-1,500.02,0.0
16119,7139,232,1,71.83,0.0
16120,7139,12,1,156.75,0.1
16121,7140,21,2,614.24,0.1
16122,7140,212,1,445.65,0.0
16123,7140,209,1,797.01,0.1
16124,7140,30,1,477.17,0.0
16125,7140,40,3,171.89,0.05
16126,7141,100,2,283.25,0.0
16127,7142,244,2,263.25,0.0
16128,7143,142,1,717.32,0.1
16129,7143,176,1,199.39,0.0
16130,7144,282,1,280.61,0.0
16131,7145,285,2,667.54,0.15
16132,7145,12,3,156.75,0.0
16133,7146,274,1,528.78,0.0
16134,7146,91,1,369.86,0.2
16135,7146,160,3,150.1,0.05
16136,7147,128,2,686.4,0.0
16137,7148,297,2,89.43,0.0
16138,7148,226,1,211.98,0.0
16139,7149,174,1,864.84,0.0
16140,7149,82,1,235.49,0.05
16141,7150,64,1,29.71,0.0
16142,7150,260,1,619.66,0.1
16143,7151,111,1,227.31,0.0
16144,7151,282,1,280.61,0.1
16145,7152,97,1,628.48,0.0
16146,7153,50,1,240.1,0.15
16147,7154,214,1,304.46,0.0
16149,7154,183,1,942.96,0.0
16150,7154,14,-1,90.93,0.0
16151,7155,155,1,607.36,0.0
16152,7156,190,1,707.42,0.0
16153,7156,203,1,431.09,0.05
16154,7156,143,1,421.93,0.0
16155,7157,294,1,141.94,0.0
16157,7157,96,3,682.77,0.0
16158,7157,292,1,425.68,0.0
16159,7157,182,1,500.91,0.0
16160,7157,34,1,399.8,0.0
16161,7158,282,3,280.61,0.1
16162,7158,90,1,219.22,0.0
16163,7159,87,2,564.0,0.0
16164,7159,138,1,54.35,0.05
16165,7159,158,1,282.03,0.0
16166,7160,283,1,680.49,0.0
16167,7160,213,1,111.83,0.1
16168,7161,21,1,614.24,0.0
16169,7161,206,1,612.54,0.15
16170,7161,83,1,243.1,0.0
16171,7161,194,2,222.76,0.0
16172,7162,295,2,139.02,0.2
16173,7162,193,1,351.11,0.05
16174,7162,48,1,231.62,0.0
16175,7163,171,1,14.73,0.0
16176,7163,283,1,680.49,0.05
16177,7163,131,3,797.13,0.0
16178,7164,138,1,54.35,0.1
16179,7164,54,1,679.71,0.2
16180,7164,157,1,701.5,0.05
16181,7164,249,2,682.27,0.05
16182,7164,134,1,541.79,0.0
16183,7165,18,1,35.67,0.05
16184,7165,4,3,17.97,0.0
16185,7165,7,1,357.42,0.0
16186,7166,105,1,375.87,0.0
16187,7166,174,2,864.84,0.0
16188,7167,151,2,625.19,0.0
16189,7167,271,1,756.22,0.0
16190,7167,203,1,431.09,0.05
16191,7167,286,2,47.93,0.0
16192,7168,41,3,376.48,0.0
16193,7169,67,1,355.8,0.15
16194,7169,271,1,756.22,0.0
16195,7169,15,2,536.46,0.05
16196,7170,154,1,115.68,0.05
16197,7170,113,1,55.28,0.1
16198,7171,238,1,192.17,0.05
16199,7172,138,1,54.35,0.0
16200,7172,199,1,51.0,0.0
16201,7173,80,2,166.05,0.0
16202,7173,227,1,192.19,0.15
16203,7173,212,-1,445.65,0.05
16204,7174,130,1,454.11,0.0
16205,7174,293,2,709.48,0.0
16206,7174,9,2,66.57,0.0
16207,7175,239,3,517.8,0.0
16208,7176,184,1,278.4,0.0
16209,7176,268,1,23.79,0.0
16210,7177,120,1,146.96,0.0
16211,7177,286,1,47.93,0.0
16212,7178,165,-1,605.76,0.0
16213,7178,146,1,443.54,0.15
16214,7178,74,1,171.2,0.0
16215,7178,126,2,240.49,0.0
16216,7178,179,1,478.65,0.0
16217,7179,157,1,701.5,0.05
16218,7179,87,1,564.0,0.0
16219,7180,31,1,976.57,0.0
16220,7180,201,1,567.68,0.0
16221,7181,13,2,152.16,0.1
16222,7181,123,1,840.94,0.0
16223,7181,82,2,235.49,0.1
16224,7182,98,1,71.96,0.0
16225,7182,208,2,260.07,0.0
16226,7182,73,1,346.78,0.05
16227,7182,201,3,567.68,0.0
16228,7183,143,2,421.93,0.0
16229,7183,33,1,217.73,0.2
16230,7183,247,1,708.26,0.0
16231,7183,221,1,704.75,0.05
16232,7183,232,3,71.83,0.1
16233,7184,202,3,514.85,0.0
16234,7184,126,1,240.49,0.0
16235,7184,277,1,437.32,0.0
16236,7185,270,1,1160.3575,0.0
16237,7185,153,1,530.38,0.0
16238,7186,112,1,10.73,0.0
16239,7186,287,1,754.14,0.1
16240,7186,185,-1,582.19,0.0
16241,7186,169,1,458.05,0.1
16242,7186,292,1,425.68,0.0
16243,7187,104,1,957.31,0.0
16244,7188,292,1,425.68,0.05
16245,7189,68,1,133.13,0.0
16246,7189,14,1,90.93,0.05
16248,7189,173,1,587.7,0.2
16249,7190,3,1,978.72,0.05
16250,7190,183,1,942.96,0.05
16251,7190,45,1,511.39,0.0
16252,7191,183,1,942.96,0.0
16253,7191,88,1,275.21,0.15
16254,7191,124,2,640.23,0.15
16255,7192,207,2,518.71,0.0
16256,7193,275,1,82.62,0.0
16257,7194,100,1,283.25,0.1
16258,7194,190,1,707.42,0.1
16259,7194,26,-1,259.69,0.05
16260,7194,166,3,278.38,0.0
16261,7194,87,1,564.0,0.0
16262,7195,64,1,29.71,0.0
16263,7195,199,1,51.0,0.1
16264,7195,191,1,457.7,0.05
16265,7195,246,1,574.84,0.05
16266,7195,146,1,443.54,0.0
16267,7196,46,1,397.56,0.0
16268,7197,110,1,52.92,0.15
16269,7198,265,1,839.64,0.0
16270,7198,62,1,244.7,0.0
16271,7199,201,1,567.68,0.2
16272,7200,238,1,192.17,0.0
16273,7201,266,1,110.99,0.05
16274,7201,242,1,166.1,0.0
16275,7202,60,1,148.68,0.0
16276,7203,175,1,600.57,0.05
16277,7203,270,1,1160.3575,0.0
16278,7204,88,1,275.21,0.0
16279,7205,124,2,640.23,0.0
16280,7205,170,1,723.66,0.0
16281,7205,184,1,278.4,0.1
16282,7206,54,1,679.71,0.15
16283,7207,47,2,513.39,0.0
16284,7207,41,1,376.48,0.0
16285,7208,299,1,725.08,0.0
16286,7208,248,3,75.61,0.1
16287,7208,203,1,431.09,0.0
16288,7209,101,1,488.42,0.0
16289,7209,295,1,139.02,0.1
16290,7210,37,1,608.8,0.0
16291,7211,221,2,704.75,0.0
16292,7212,104,3,957.31,0.05
16293,7213,269,3,603.81,0.0
16294,7213,3,1,978.72,0.1
16295,7214,137,3,316.92,0.0
16296,7214,187,2,127.57,0.2
16297,7214,156,-1,372.8,0.0
16298,7214,136,1,974.39,0.05
16299,7215,84,-1,43.2,0.05
16300,7215,186,1,290.81,0.0
16301,7215,90,1,219.22,0.0
16302,7215,114,1,23.97,0.0
16303,7215,109,1,59.23,0.0
16304,7216,277,1,437.32,0.1
16305,7216,171,1,14.73,0.05
16306,7216,166,1,278.38,0.0
16307,7216,163,1,598.68,0.0
16308,7217,29,1,103.82,0.1
16309,7218,88,2,275.21,0.0
16310,7218,58,3,87.55,0.2
16311,7218,12,1,156.75,0.0
16312,7219,215,2,501.1,0.15
16313,7219,223,1,57.85,0.05
16314,7219,209,1,797.01,0.0
16315,7219,126,2,240.49,0.05
16316,7220,67,3,355.8,0.0
16317,7220,16,2,245.66,0.1
16318,7220,91,1,369.86,0.05
16319,7221,85,1,530.7,0.15
16320,7222,282,1,280.61,0.0
16321,7223,146,1,443.54,0.0
16322,7223,97,1,628.48,0.0
16323,7223,158,1,282.03,0.05
16324,7224,134,1,541.79,0.0
16325,7225,172,-1,104.56,0.0
16326,7225,8,1,295.82,0.0
16327,7225,119,3,519.85,0.0
16328,7226,277,1,437.32,0.1
16329,7227,141,1,251.45,0.0
16330,7227,251,1,439.11,0.1
16331,7228,108,1,378.75,0.1
16332,7228,15,2,536.46,0.0
16333,7228,255,2,249.2,0.2
16334,7228,95,2,711.68,0.0
16335,7229,15,1,536.46,0.05
16336,7229,298,1,238.39,0.0
16337,7229,90,1,219.22,0.05
16338,7229,279,1,226.81,0.15
16339,7229,240,1,555.47,0.0
16340,7230,186,1,290.81,0.0
16341,7230,196,2,518.75,0.15
16342,7231,231,1,410.59,0.15
16343,7231,5,1,503.34,0.2
16344,7232,102,1,396.98,0.0
16345,7232,115,3,251.88,0.05
16346,7232,289,1,635.36,0.0
16347,7232,16,1,245.66,0.0
16348,7233,248,1,75.61,0.0
16349,7233,34,1,399.8,0.0
16350,7233,21,3,614.24,0.0
16351,7233,234,1,486.72,0.0
16352,7234,191,2,457.7,0.0
16353,7234,160,1,150.1,0.0
16354,7234,260,1,619.66,0.2
16355,7235,226,2,211.98,0.0
16356,7236,119,1,519.85,0.05
16357,7237,245,1,1160.3575,0.2
16358,7237,12,3,156.75,0.1
16359,7238,270,1,1160.3575,0.0
16360,7238,269,2,603.81,0.0
16361,7238,98,1,71.96,0.0
16362,7239,9,1,66.57,0.2
16363,7240,29,1,103.82,0.0
16364,7241,29,1,103.82,0.0
16365,7241,128,1,686.4,0.0
16366,7241,291,2,19.78,0.05
16367,7242,240,1,555.47,0.05
16368,7242,65,3,460.75,0.0
16369,7243,264,1,16.2,0.15
16370,7244,142,2,717.32,0.0
16371,7244,53,1,192.38,0.1
16372,7244,144,2,299.76,0.0
16373,7245,84,2,43.2,0.0
16374,7245,91,1,369.86,0.0
16375,7245,43,3,97.72,0.0
16376,7246,39,2,412.64,0.0
16377,7246,170,2,723.66,0.0
16378,7246,241,3,306.12,0.0
16379,7247,300,1,133.29,0.0
16380,7248,106,1,150.04,0.0
16381,7249,124,1,640.23,0.0
16382,7249,67,1,355.8,0.0
16383,7249,284,1,228.9,0.0
16384,7249,107,2,963.92,0.0
16385,7250,279,3,226.81,0.0
16386,7251,212,1,445.65,0.0
16387,7252,229,1,690.53,0.05
16388,7252,148,2,304.48,0.0
16389,7252,299,1,725.08,0.05
16390,7252,203,1,431.09,0.0
16391,7252,87,1,564.0,0.0
16392,7253,240,1,555.47,0.0
16393,7253,222,3,264.61,0.1
16394,7254,220,1,475.38,0.1
16395,7254,160,1,150.1,0.0
16396,7255,8,1,295.82,0.1
16397,7255,215,2,501.1,0.2
16398,7255,207,2,518.71,0.05
16399,7255,193,-1,351.11,0.0
16400,7256,127,1,111.4,0.05
16401,7257,77,1,103.53,0.0
16402,7257,180,3,843.45,0.0
16403,7258,55,1,395.52,0.0
16404,7258,205,1,367.74,0.1
16405,7258,182,1,500.91,0.0
16406,7258,167,3,39.88,0.05
16407,7259,60,1,148.68,0.1
16408,7260,190,1,707.42,0.0
16409,7261,97,1,628.48,0.15
16410,7262,151,2,625.19,0.05
16412,7263,33,1,217.73,0.15
16413,7263,279,3,226.81,0.0
16414,7263,28,-1,749.19,0.0
16415,7264,187,1,127.57,0.0
16416,7265,212,1,445.65,0.0
16417,7265,83,1,243.1,0.0
16418,7265,207,1,518.71,0.0
16419,7266,50,1,240.1,0.0
16420,7266,20,1,548.49,0.05
16421,7267,33,1,217.73,0.0
16422,7267,48,1,231.62,0.2
16423,7268,37,1,608.8,0.05
16424,7269,9,1,66.57,0.0
16425,7269,127,1,111.4,0.0
16426,7270,59,2,287.12,0.15
16427,7270,97,1,628.48,0.1
16428,7270,208,1,260.07,0.0
16429,7271,86,1,443.6,0.05
16430,7272,297,1,89.43,0.0
16431,7272,257,-1,8.4,0.15
16432,7272,31,1,976.57,0.1
16433,7272,100,2,283.25,0.1
16434,7272,216,1,492.92,0.0
16435,7273,103,2,456.96,0.1
16436,7274,265,1,839.64,0.0
16437,7274,101,1,488.42,0.0
16438,7275,115,1,251.88,0.0
16439,7276,217,1,479.18,0.0
16440,7277,72,1,286.08,0.0
16441,7277,286,1,47.93,0.0
16442,7278,89,1,247.06,0.15
16443,7278,89,1,247.06,0.0
16444,7278,20,1,548.49,0.0
16445,7279,208,2,260.07,0.0
16446,7280,65,1,460.75,0.0
16447,7280,127,1,111.4,0.0
16448,7280,71,3,362.18,0.0
16449,7281,257,1,8.4,0.0
16450,7281,99,3,496.87,0.0
16451,7282,78,1,213.82,0.0
16452,7283,280,-1,121.8,0.0
16453,7283,268,1,23.79,0.0
16454,7283,173,1,587.7,0.0
16455,7284,157,1,701.5,0.0
16456,7284,195,1,132.26,0.1
16457,7285,32,2,338.4,0.0
16458,7285,300,2,133.29,0.1
16459,7285,112,-1,10.73,0.0
16460,7285,246,1,574.84,0.1
16461,7286,184,1,278.4,0.1
16462,7286,56,1,186.07,0.0
16463,7286,221,3,704.75,0.05
16464,7287,177,2,156.12,0.0
16465,7287,67,1,355.8,0.0
16466,7287,16,3,245.66,0.0
16467,7288,141,2,251.45,0.1
16468,7288,179,1,478.65,0.0
16469,7288,126,1,240.49,0.0
16470,7289,230,2,829.69,0.0
16471,7289,240,1,555.47,0.0
16472,7289,138,1,54.35,0.0
16473,7290,22,1,205.71,0.15
16474,7290,137,2,316.92,0.0
16475,7290,148,1,304.48,0.05
16476,7291,246,2,574.84,0.0
16477,7291,23,2,235.35,0.0
16478,7292,176,1,199.39,0.05
16479,7292,102,1,396.98,0.0
16480,7293,34,1,399.8,0.1
16481,7293,186,1,290.81,0.0
16482,7294,217,1,479.18,0.0
16483,7295,147,1,517.03,0.0
16484,7295,230,1,829.69,0.1
16485,7295,277,3,437.32,0.05
16486,7296,28,1,749.19,0.0
16487,7296,165,1,605.76,0.0
16488,7296,168,1,649.6,0.0
16489,7297,140,2,500.02,0.0
16490,7297,74,1,171.2,0.0
16491,7297,283,1,680.49,0.0
16492,7298,79,1,308.93,0.0
16493,7298,127,1,111.4,0.0
16494,7299,198,1,266.02,0.0
16495,7299,70,1,402.01,0.0
16496,7299,211,1,943.9,0.15
16497,7300,15,1,536.46,0.1
16498,7301,296,1,361.73,0.05
16499,7301,293,-1,709.48,0.0
16500,7301,26,1,259.69,0.1
16501,7302,72,1,286.08,0.0
16502,7303,252,-1,274.43,0.2
16503,7303,134,1,541.79,0.0
16504,7303,133,1,479.79,0.0
16505,7303,67,1,355.8,0.2
16506,7304,179,3,478.65,0.0
16507,7304,70,1,402.01,0.0
16508,7304,278,1,402.71,0.0
16509,7304,166,-1,278.38,0.0
16510,7305,129,1,492.47,0.0
16511,7306,61,1,512.76,0.0
16512,7306,47,1,513.39,0.0
16513,7306,195,1,132.26,0.0
16514,7306,6,1,531.19,0.05
16515,7306,290,1,908.96,0.0
16516,7307,67,2,355.8,0.0
16517,7308,145,1,61.15,0.2
16518,7308,266,1,110.99,0.0
16519,7308,117,2,567.69,0.15
16520,7308,27,1,686.85,0.15
16521,7309,116,1,862.37,0.0
16522,7309,195,1,132.26,0.2
16523,7310,298,1,238.39,0.0
16524,7311,35,1,425.48,0.05
16525,7312,126,1,240.49,0.05
16526,7313,158,2,282.03,0.1
16527,7314,218,2,127.17,0.15
16528,7314,9,1,66.57,0.1
16529,7314,296,2,361.73,0.05
16530,7314,54,1,679.71,0.0
16531,7315,272,3,5.69,0.1
16532,7315,74,1,171.2,0.05
16533,7315,205,3,367.74,0.0
16534,7316,227,1,192.19,0.0
16535,7317,124,2,640.23,0.0
16536,7317,65,1,460.75,0.0
16537,7318,101,1,488.42,0.2
16538,7318,277,-1,437.32,0.1
16539,7318,207,1,518.71,0.05
16540,7319,49,1,850.7,0.15
16541,7320,68,1,133.13,0.15
16542,7320,86,1,443.6,0.0
16543,7320,187,1,127.57,0.2
16544,7321,283,1,680.49,0.0
16545,7321,134,1,541.79,0.0
16546,7322,72,1,286.08,0.0
16547,7323,287,2,754.14,0.0
16548,7324,286,1,47.93,0.0
16549,7325,17,2,953.82,0.2
16550,7326,155,1,607.36,0.05
16551,7326,293,1,709.48,0.0
16552,7326,149,2,382.77,0.0
16553,7327,157,1,701.5,0.0
16554,7327,60,1,148.68,0.0
16555,7328,243,1,746.93,0.05
16556,7328,185,1,582.19,0.15
16557,7329,282,1,280.61,0.05
16558,7329,72,1,286.08,0.1
16560,7330,109,1,59.23,0.0
16561,7331,212,1,445.65,0.0
16562,7332,150,1,182.12,0.15
16563,7332,232,-1,71.83,0.0
16564,7333,183,1,942.96,0.0
16565,7333,80,1,166.05,0.0
16566,7333,232,1,71.83,0.0
16567,7334,206,1,612.54,0.0
16568,7334,148,1,304.48,0.1
16569,7335,96,2,682.77,0.0
16570,7335,140,2,500.02,0.15
16571,7336,166,1,278.38,0.05
16572,7337,71,1,362.18,0.1
16573,7338,139,1,835.42,0.0
16574,7339,277,1,437.32,0.0
16575,7340,61,1,512.76,0.0
16576,7340,252,1,274.43,0.0
16577,7341,281,1,146.98,0.0
16578,7341,71,1,362.18,0.0
16579,7341,233,1,82.49,0.0
16580,7341,151,1,625.19,0.05
16581,7342,53,1,192.38,0.0
16582,7342,37,1,608.8,0.0
16583,7343,179,1,478.65,0.15
16584,7344,143,1,421.93,0.05
16585,7345,40,1,171.89,0.0
16586,7345,255,1,249.2,0.15
16587,7345,278,2,402.71,0.0
16588,7346,33,1,217.73,0.0
16589,7346,270,1,1160.3575,0.1
16590,7347,30,1,477.17,0.0
16591,7348,242,1,166.1,0.05
16592,7348,240,1,555.47,0.05
16593,7348,121,2,183.38,0.15
16594,7349,65,1,460.75,0.1
16595,7349,257,1,8.4,0.0
16596,7349,128,1,686.4,0.1
16597,7349,167,1,39.88,0.0
16598,7349,34,2,399.8,0.0
16599,7350,144,1,299.76,0.0
16600,7350,77,1,103.53,0.2
16602,7350,42,1,328.75,0.0
16603,7351,202,2,514.85,0.05
16604,7352,27,2,686.85,0.2
16605,7352,162,1,126.53,0.2
16606,7352,75,1,299.66,0.2
16607,7353,281,1,146.98,0.0
16608,7354,236,1,55.21,0.1
16609,7354,75,1,299.66,0.0
16610,7354,33,1,217.73,0.1
16611,7355,40,1,171.89,0.0
16612,7355,128,1,686.4,0.0
16613,7355,197,3,538.79,0.05
16614,7356,38,1,364.99,0.1
16615,7356,202,1,514.85,0.05
16616,7356,39,1,412.64,0.0
16617,7357,272,2,5.69,0.1
16618,7358,69,1,274.11,0.0
16619,7359,199,1,51.0,0.0
16620,7359,250,1,1160.3575,0.0
16621,7359,267,1,253.7,0.2
16622,7360,169,3,458.05,0.1
16623,7361,192,1,697.79,0.05
16624,7361,280,1,121.8,0.0
16625,7361,269,2,603.81,0.0
16626,7362,242,1,166.1,0.0
16627,7362,63,1,430.39,0.0
16628,7362,28,1,749.19,0.0
16629,7363,276,-1,341.21,0.0
16630,7363,9,2,66.57,0.0
16631,7363,207,3,518.71,0.0
16632,7364,199,1,51.0,0.0
16633,7365,137,-1,316.92,0.15
16634,7366,136,2,974.39,0.1
16635,7366,108,1,378.75,0.1
16636,7366,175,1,600.57,0.05
16637,7367,157,1,701.5,0.15
16638,7368,26,1,259.69,0.0
16639,7368,168,1,649.6,0.1
16640,7368,130,1,454.11,0.15
16641,7368,250,1,1160.3575,0.0
16642,7368,53,1,192.38,0.0
16643,7369,95,1,711.68,0.0
16644,7369,73,1,346.78,0.0
16645,7369,140,1,500.02,0.0
16646,7370,53,1,192.38,0.05
16647,7370,222,1,264.61,0.0
16648,7370,214,1,304.46,0.0
16649,7370,34,1,399.8,0.0
16650,7370,17,2,953.82,0.1
16652,7371,277,1,437.32,0.05
16653,7371,22,2,205.71,0.05
16654,7371,286,1,47.93,0.15
16655,7372,1,1,433.54,0.0
16656,7372,96,-1,682.77,0.15
16657,7372,155,2,607.36,0.05
16658,7373,63,1,430.39,0.15
16659,7374,55,1,395.52,0.0
16660,7374,28,1,749.19,0.0
16661,7375,280,1,121.8,0.0
16662,7375,299,1,725.08,0.05
16663,7376,190,1,707.42,0.0
16664,7376,95,2,711.68,0.0
16665,7376,166,3,278.38,0.0
16666,7376,196,1,518.75,0.1
16667,7377,109,1,59.23,0.0
16668,7377,266,1,110.99,0.05
16669,7377,262,2,214.85,0.05
16670,7378,157,1,701.5,0.0
16671,7379,155,1,607.36,0.1
16672,7379,247,1,708.26,0.1
16673,7380,173,1,587.7,0.0
16674,7380,28,2,749.19,0.1
16675,7380,26,1,259.69,0.05
16676,7380,52,1,12.48,0.0
16677,7380,69,2,274.11,0.1
16678,7381,184,1,278.4,0.15
16679,7381,47,1,513.39,0.0
16680,7381,225,1,939.11,0.1
16681,7381,19,3,727.02,0.05
16682,7382,270,1,1160.3575,0.0
16683,7383,83,1,243.1,0.0
16684,7383,146,2,443.54,0.0
16685,7384,235,1,370.09,0.0
16686,7385,251,1,439.11,0.0
16688,7385,54,1,679.71,0.0
16689,7386,274,1,528.78,0.0
16690,7386,123,1,840.94,0.0
16691,7387,77,1,103.53,0.0
16692,7388,77,1,103.53,0.0
16693,7388,43,1,97.72,0.1
16694,7388,63,1,430.39,0.05
16695,7388,72,1,286.08,0.0
16696,7388,219,2,211.99,0.0
16697,7389,130,1,454.11,0.0
16698,7389,69,1,274.11,0.1
16699,7389,215,1,501.1,0.0
16700,7390,111,1,227.31,0.0
16701,7390,156,-1,372.8,0.1
16702,7391,5,1,503.34,0.05
16703,7392,142,2,717.32,0.0
16704,7393,70,1,402.01,0.0
16705,7393,277,1,437.32,0.0
16706,7393,275,1,82.62,0.0
16707,7394,247,1,708.26,0.2
16708,7394,26,1,259.69,0.0
16709,7395,36,2,749.87,0.0
16710,7395,247,1,708.26,0.1
16711,7395,68,1,133.13,0.2
16712,7396,2,2,807.37,0.1
16713,7397,126,1,240.49,0.0
16714,7397,255,2,249.2,0.05
16715,7398,230,1,829.69,0.0
16716,7398,276,1,341.21,0.0
16717,7399,148,1,304.48,0.0
16718,7400,183,1,942.96,0.0
16719,7401,95,3,711.68,0.15
16720,7402,90,1,219.22,0.0
16721,7403,257,1,8.4,0.0
16722,7404,187,1,127.57,0.0
16723,7404,129,1,492.47,0.15
16724,7405,278,1,402.71,0.0
16725,7405,47,1,513.39,0.0
16726,7405,140,1,500.02,0.0
16727,7406,251,1,439.11,0.0
16728,7407,156,1,372.8,0.1
16729,7408,38,1,364.99,0.0
16730,7408,245,2,1160.3575,0.0
16731,7409,223,1,57.85,0.1
16732,7409,76,1,938.11,0.15
16733,7410,89,1,247.06,0.15
16734,7410,82,1,235.49,0.0
16735,7411,197,1,538.79,0.1
16736,7411,11,1,216.27,0.0
16737,7411,126,1,240.49,0.0
16738,7412,260,1,619.66,0.05
16739,7412,132,2,299.38,0.0
16740,7413,86,2,443.6,0.2
16741,7414,130,1,454.11,0.0
16742,7415,125,1,584.13,0.15
16743,7415,23,2,235.35,0.05
16744,7416,69,2,274.11,0.05
16745,7417,76,1,938.11,0.05
16746,7418,240,3,555.47,0.2
16747,7418,20,1,548.49,0.0
16748,7419,133,1,479.79,0.05
16749,7419,87,1,564.0,0.15
16750,7420,290,1,908.96,0.15
16751,7421,12,1,156.75,0.0
16752,7422,255,2,249.2,0.0
16753,7423,46,2,397.56,0.0
16754,7423,282,1,280.61,0.1
16755,7424,174,1,864.84,0.15
16756,7424,300,1,133.29,0.0
16757,7424,151,1,625.19,0.0
16758,7424,75,2,299.66,0.1
16759,7425,272,2,5.69,0.05
16760,7426,228,3,162.75,0.0
16761,7426,246,1,574.84,0.0
16762,7427,73,1,346.78,0.0
16763,7428,70,1,402.01,0.0
16764,7429,190,1,707.42,0.0
16765,7429,166,1,278.38,0.0
16766,7429,16,1,245.66,0.0
16767,7430,34,2,399.8,0.0
16768,7430,191,1,457.7,0.0
16769,7430,133,2,479.79,0.05
16770,7431,215,1,501.1,0.15
16771,7431,92,2,148.78,0.0
16772,7431,90,1,219.22,0.15
16773,7432,140,1,500.02,0.15
16774,7433,65,2,460.75,0.0
16775,7433,131,1,797.13,0.05
16776,7434,262,1,214.85,0.0
16777,7435,128,1,686.4,0.0
16778,7435,132,2,299.38,0.15
16779,7436,300,1,133.29,0.0
16780,7436,45,2,511.39,0.0
16781,7437,18,2,35.67,0.15
16782,7437,72,-1,286.08,0.15
16783,7437,62,1,244.7,0.0
16784,7438,149,2,382.77,0.0
16785,7438,121,1,183.38,0.0
16786,7439,166,1,278.38,0.0
16787,7439,139,1,835.42,0.0
16788,7440,203,1,431.09,0.0
16789,7440,212,-1,445.65,0.0
16790,7440,42,1,328.75,0.1
16791,7440,166,2,278.38,0.0
16792,7441,132,2,299.38,0.0
16793,7441,36,1,749.87,0.1
16794,7442,160,2,150.1,0.0
16795,7442,1,1,433.54,0.0
16796,7442,280,2,121.8,0.1
16797,7443,127,2,111.4,0.0
16798,7444,176,2,199.39,0.0
16799,7444,40,1,171.89,0.15
16800,7445,251,1,439.11,0.05
16801,7445,96,1,682.77,0.0
16802,7446,194,1,222.76,0.0
16803,7447,93,2,98.57,0.2
16804,7447,118,1,611.17,0.1
16805,7448,274,2,528.78,0.0
16806,7449,213,1,111.83,0.0
16807,7449,44,1,6.81,0.15
16808,7449,232,2,71.83,0.15
16809,7450,170,1,723.66,0.0
16810,7451,272,1,5.69,0.05
16811,7451,120,1,146.96,0.0
16812,7451,205,3,367.74,0.15
16813,7452,263,1,222.36,0.0
16814,7452,279,2,226.81,0.05
16815,7452,251,1,439.11,0.0
16816,7452,146,1,443.54,0.0
16817,7453,147,1,517.03,0.0
16818,7453,54,2,679.71,0.0
16819,7454,167,2,39.88,0.0
16820,7455,151,-1,625.19,0.2
16821,7455,102,1,396.98,0.0
16822,7456,3,1,978.72,0.0
16823,7456,141,1,251.45,0.0
16824,7457,152,3,910.86,0.05
16825,7457,104,1,957.31,0.0
16826,7458,182,1,500.91,0.0
16827,7458,109,2,59.23,0.05
16828,7459,159,2,818.3,0.0
16829,7460,230,1,829.69,0.05
16830,7460,220,1,475.38,0.0
16831,7461,244,1,263.25,0.0
16832,7462,236,2,55.21,0.0
16833,7463,105,1,375.87,0.0
16834,7464,137,1,316.92,0.1
16835,7465,40,1,171.89,0.1
16836,7466,7,1,357.42,0.05
16837,7467,257,2,8.4,0.0
16838,7468,30,1,477.17,0.0
16839,7468,40,1,171.89,0.0
16840,7469,292,1,425.68,0.2
16841,7469,123,1,840.94,0.0
16842,7469,82,1,235.49,0.0
16843,7469,166,1,278.38,0.0
16844,7470,133,1,479.79,0.15
16845,7471,31,3,976.57,0.0
16846,7471,192,1,697.79,0.0
16847,7472,107,2,963.92,0.1
16848,7472,275,3,82.62,0.0
16849,7472,89,1,247.06,0.1
16850,7472,258,1,626.09,0.15
16851,7473,158,1,282.03,0.0
16852,7473,102,1,396.98,0.0
16853,7474,210,1,177.09,0.1
16854,7475,113,1,55.28,0.1
16855,7476,18,1,35.67,0.0
16856,7476,231,2,410.59,0.1
16857,7477,224,1,23.12,0.0
16858,7477,246,1,574.84,0.0
16859,7477,227,1,192.19,0.15
16860,7477,203,1,431.09,0.0
16861,7477,151,-1,625.19,0.05
16862,7478,110,1,52.92,0.0
16863,7479,171,1,14.73,0.0
16864,7479,220,1,475.38,0.0
16865,7479,294,1,141.94,0.0
16866,7480,97,1,628.48,0.0
16867,7480,234,1,486.72,0.05
16868,7481,243,1,746.93,0.0
16869,7481,189,1,24.7,0.0
16870,7481,285,1,667.54,0.1
16871,7482,187,-1,127.57,0.1
16872,7482,173,1,587.7,0.0
16873,7483,117,1,567.69,0.0
16874,7484,65,1,460.75,0.05
16875,7485,267,1,253.7,0.0
16876,7485,56,1,186.07,0.2
16877,7485,119,2,519.85,0.0
16878,7486,126,2,240.49,0.1
16879,7486,151,1,625.19,0.0
16880,7486,278,1,402.71,0.05
16881,7486,227,2,192.19,0.15
16882,7486,228,1,162.75,0.1
16883,7487,244,2,263.25,0.0
16884,7488,280,1,121.8,0.0
16885,7489,292,1,425.68,0.05
16886,7489,119,1,519.85,0.0
16887,7489,109,3,59.23,0.1
16888,7489,151,1,625.19,0.0
16889,7489,108,1,378.75,0.0
16890,7490,256,1,537.93,0.05
16891,7491,193,1,351.11,0.0
16892,7492,276,1,341.21,0.0
16893,7492,66,1,447.18,0.1
16894,7493,141,2,251.45,0.0
16895,7493,28,1,749.19,0.05
16896,7494,285,1,667.54,0.0
16897,7494,291,1,19.78,0.0
16898,7495,205,1,367.74,0.0
16899,7496,132,1,299.38,0.0
16900,7496,273,1,560.24,0.05
16901,7496,128,1,686.4,0.0
16902,7497,194,1,222.76,0.0
16903,7497,230,1,829.69,0.1
16904,7498,107,-1,963.92,0.0
16905,7499,183,1,942.96,0.15
16906,7500,259,1,533.22,0.0
16907,7500,133,1,479.79,0.0
16908,7500,145,1,61.15,0.0
16909,7500,226,2,211.98,0.15
16910,7500,51,1,863.34,0.05
16911,7501,230,1,829.69,0.0
16912,7502,89,1,247.06,0.15
16913,7502,235,1,370.09,0.0
16914,7503,83,1,243.1,0.15
16915,7503,291,1,19.78,0.0
16916,7503,147,1,517.03,0.0
16917,7503,61,1,512.76,0.1
16918,7504,101,1,488.42,0.0
16919,7504,69,1,274.11,0.0
16920,7505,271,1,756.22,0.0
16921,7506,9,2,66.57,0.0
16922,7507,190,2,707.42,0.15
16923,7508,212,1,445.65,0.1
16924,7508,31,1,976.57,0.15
16925,7508,172,1,104.56,0.0
16926,7508,278,1,402.71,0.05
16927,7508,134,3,541.79,0.0
16928,7509,46,1,397.56,0.0
16929,7510,39,1,412.64,0.0
16930,7511,169,1,458.05,0.1
16931,7511,264,2,16.2,0.1
16932,7511,50,1,240.1,0.0
16933,7511,35,-1,425.48,0.0
16934,7511,298,1,238.39,0.2
16935,7512,85,1,530.7,0.0
16936,7513,237,1,335.88,0.1
16937,7514,144,1,299.76,0.05
16938,7515,282,1,280.61,0.15
16939,7515,45,1,511.39,0.0
16940,7515,208,3,260.07,0.0
16941,7516,148,1,304.48,0.0
16942,7516,115,1,251.88,0.0
16943,7517,296,1,361.73,0.05
16944,7518,54,2,679.71,0.1
16945,7518,116,1,862.37,0.05
16946,7518,13,1,152.16,0.15
16947,7518,18,2,35.67,0.0
16948,7518,292,1,425.68,0.0
16949,7519,277,1,437.32,0.0
16950,7519,49,1,850.7,0.1
16951,7519,245,2,1160.3575,0.05
16952,7520,71,1,362.18,0.05
16953,7521,97,1,628.48,0.0
16954,7521,246,1,574.84,0.1
16955,7521,295,1,139.02,0.05
16956,7522,124,2,640.23,0.2
16957,7522,219,1,211.99,0.0
16958,7523,123,1,840.94,0.0
16959,7524,110,2,52.92,0.0
16960,7524,106,1,150.04,0.05
16961,7524,173,1,587.7,0.05
16962,7525,249,1,682.27,0.05
16963,7525,220,1,475.38,0.0
16964,7525,39,1,412.64,0.2
16965,7526,113,1,55.28,0.0
16966,7527,261,1,429.63,0.1
16967,7527,218,1,127.17,0.1
16968,7528,44,1,6.81,0.15
16969,7529,138,1,54.35,0.1
16970,7529,221,2,704.75,0.05
16971,7530,222,1,264.61,0.0
16972,7530,137,1,316.92,0.1
16973,7530,129,3,492.47,0.05
16974,7531,288,1,515.26,0.0
16975,7531,250,1,1160.3575,0.0
16976,7531,129,2,492.47,0.1
16977,7532,203,1,431.09,0.05
16978,7532,148,3,304.48,0.05
16979,7533,57,1,510.39,0.0
16980,7534,209,3,797.01,0.1
16981,7535,181,1,37.18,0.1
16982,7535,99,1,496.87,0.05
16983,7536,34,1,399.8,0.0
16984,7536,214,1,304.46,0.0
16985,7537,105,2,375.87,0.0
16986,7537,158,1,282.03,0.1
16987,7538,18,1,35.67,0.0
16988,7539,141,2,251.45,0.0
16989,7540,225,1,939.11,0.0
16990,7540,104,2,957.31,0.0
16991,7540,60,1,148.68,0.0
16992,7541,242,2,166.1,0.0
16993,7541,228,1,162.75,0.0
16994,7541,42,1,328.75,0.1
16995,7541,214,3,304.46,0.05
16996,7541,132,1,299.38,0.0
16997,7542,104,1,957.31,0.1
16998,7542,33,3,217.73,0.05
16999,7543,83,1,243.1,0.0
17000,7544,173,1,587.7,0.05
17001,7544,289,1,635.36,0.0
17002,7545,18,1,35.67,0.0
17003,7545,123,1,840.94,0.0
17004,7546,68,2,133.13,0.0
17005,7546,285,1,667.54,0.15
17006,7546,170,1,723.66,0.1
17007,7546,6,1,531.19,0.0
17008,7546,3,1,978.72,0.0
17009,7547,238,1,192.17,0.0
17010,7547,69,1,274.11,0.0
17011,7547,294,1,141.94,0.05
17012,7548,275,1,82.62,0.15
17013,7549,55,1,395.52,0.0
17014,7549,280,2,121.8,0.0
17015,7549,254,1,286.86,0.1
17016,7549,268,2,23.79,0.0
17017,7549,268,1,23.79,0.05
17018,7550,44,1,6.81,0.0
17019,7551,262,1,214.85,0.0
17020,7551,44,3,6.81,0.0
17021,7551,168,1,649.6,0.0
17022,7551,204,1,578.66,0.05
17023,7552,193,2,351.11,0.0
17024,7553,265,1,839.64,0.0
17025,7553,133,3,479.79,0.0
17026,7553,194,1,222.76,0.0
17027,7553,32,1,338.4,0.1
17028,7554,270,2,1160.3575,0.2
17029,7554,149,1,382.77,0.0
17030,7555,208,1,260.07,0.0
17031,7555,109,1,59.23,0.0
17032,7556,189,1,24.7,0.0
17033,7557,198,1,266.02,0.0
17034,7557,77,1,103.53,0.0
17035,7558,151,1,625.19,0.0
17036,7558,249,3,682.27,0.05
17037,7558,282,1,280.61,0.15
17038,7559,273,1,560.24,0.0
17039,7560,67,1,355.8,0.0
17040,7561,108,1,378.75,0.0
17041,7561,123,1,840.94,0.0
17042,7562,134,1,541.79,0.0
17043,7563,81,1,779.01,0.15
17044,7564,40,3,171.89,0.1
17045,7564,235,1,370.09,0.05
17046,7565,24,1,696.97,0.0
17047,7565,180,1,843.45,0.0
17048,7565,127,1,111.4,0.0
17049,7566,137,1,316.92,0.1
17050,7567,266,1,110.99,0.0
17051,7567,66,2,447.18,0.05
17052,7568,246,2,574.84,0.2
17053,7568,142,2,717.32,0.0
17054,7569,197,1,538.79,0.0
17055,7569,257,1,8.4,0.0
17056,7569,267,1,253.7,0.15
17057,7570,273,1,560.24,0.05
17058,7570,203,1,431.09,0.0
17059,7570,100,1,283.25,0.0
17060,7571,72,1,286.08,0.0
17061,7571,46,2,397.56,0.15
17062,7571,168,1,649.6,0.0
17063,7572,5,1,503.34,0.05
17064,7573,178,1,563.12,0.0
17065,7573,14,2,90.93,0.05
17066,7574,5,2,503.34,0.05
17067,7575,117,2,567.69,0.0
17068,7576,219,1,211.99,0.2
17069,7576,75,1,299.66,0.05
17070,7576,52,3,12.48,0.0
17071,7577,71,1,362.18,0.1
17072,7578,212,2,445.65,0.0
17073,7579,228,3,162.75,0.0
17074,7580,203,1,431.09,0.0
17075,7580,161,1,68.77,0.0
17076,7580,110,1,52.92,0.0
17077,7580,181,1,37.18,0.0
17078,7580,49,1,850.7,0.2
17079,7581,7,1,357.42,0.0
17080,7581,120,1,146.96,0.0
17081,7582,74,1,171.2,0.0
17082,7582,172,1,104.56,0.0
17083,7582,149,1,382.77,0.0
17084,7582,11,1,216.27,0.1
17085,7583,15,1,536.46,0.0
17086,7584,159,1,818.3,0.05
17087,7584,254,2,286.86,0.2
17088,7584,152,1,910.86,0.05
17089,7584,163,1,598.68,0.05
17091,7584,126,1,240.49,0.0
17092,7585,168,1,649.6,0.0
17093,7585,266,1,110.99,0.0
17094,7585,156,1,372.8,0.0
17095,7586,7,1,357.42,0.1
17096,7587,128,1,686.4,0.05
17097,7587,240,2,555.47,0.1
17098,7588,95,3,711.68,0.0
17099,7588,202,2,514.85,0.0
17100,7589,28,1,749.19,0.05
17101,7589,145,1,61.15,0.1
17102,7589,32,1,338.4,0.0
17103,7589,63,1,430.39,0.0
17104,7589,184,1,278.4,0.0
17105,7590,158,1,282.03,0.05
17106,7590,82,1,235.49,0.05
17107,7591,179,1,478.65,0.0
17108,7591,160,1,150.1,0.15
17109,7591,213,1,111.83,0.0
17110,7592,223,1,57.85,0.0
17111,7592,210,-1,177.09,0.0
17112,7593,50,1,240.1,0.1
17113,7593,246,1,574.84,0.05
17114,7593,67,1,355.8,0.15
17115,7593,4,1,17.97,0.2
17116,7594,152,1,910.86,0.0
17117,7595,293,1,709.48,0.0
17118,7595,167,2,39.88,0.1
17119,7595,223,2,57.85,0.05
17120,7595,97,1,628.48,0.0
17121,7596,192,2,697.79,0.0
17122,7596,155,1,607.36,0.05
17123,7597,199,1,51.0,0.0
17124,7597,49,1,850.7,0.05
17125,7597,265,1,839.64,0.0
17126,7597,141,1,251.45,0.0
17127,7598,237,2,335.88,0.05
17128,7599,84,1,43.2,0.05
17129,7600,218,1,127.17,0.0
17130,7600,240,1,555.47,0.0
17131,7601,267,1,253.7,0.1
17132,7601,278,1,402.71,0.0
17133,7602,229,1,690.53,0.05
17134,7602,109,1,59.23,0.0
17135,7602,111,2,227.31,0.05
17136,7602,60,1,148.68,0.0
17137,7603,148,1,304.48,0.0
17138,7604,155,1,607.36,0.0
17139,7605,271,1,756.22,0.0
17140,7605,116,1,862.37,0.0
17141,7605,65,1,460.75,0.0
17142,7606,229,3,690.53,0.1
17143,7606,36,1,749.87,0.0
17145,7607,259,1,533.22,0.0
17146,7607,37,1,608.8,0.0
17147,7608,131,3,797.13,0.0
17148,7608,38,1,364.99,0.0
17149,7608,164,1,446.58,0.0
17150,7608,296,-1,361.73,0.0
17151,7609,171,1,14.73,0.2
17152,7609,79,1,308.93,0.15
17153,7609,130,2,454.11,0.15
17154,7610,272,1,5.69,0.0
17155,7610,45,1,511.39,0.15
17156,7611,93,1,98.57,0.0
17157,7612,275,2,82.62,0.0
17158,7612,152,1,910.86,0.1
17159,7613,283,1,680.49,0.0
17160,7614,79,1,308.93,0.0
17161,7614,290,1,908.96,0.0
17162,7614,52,1,12.48,0.0
17163,7614,25,1,282.92,0.0
17164,7615,78,2,213.82,0.05
17165,7615,273,1,560.24,0.1
17166,7616,159,2,818.3,0.0
17167,7616,226,1,211.98,0.0
17168,7617,227,1,192.19,0.05
17169,7618,219,1,211.99,0.0
17170,7618,85,1,530.7,0.05
17171,7618,298,1,238.39,0.05
17172,7619,150,1,182.12,0.0
17173,7619,263,1,222.36,0.0
17174,7619,64,1,29.71,0.05
17175,7619,183,-1,942.96,0.0
17176,7620,199,2,51.0,0.0
17177,7620,162,1,126.53,0.05
17178,7620,97,2,628.48,0.05
17179,7621,159,3,818.3,0.0
17180,7621,255,1,249.2,0.0
17181,7621,285,1,667.54,0.0
17182,7621,203,1,431.09,0.05
17183,7622,102,2,396.98,0.0
17184,7623,193,-1,351.11,0.2
17185,7623,236,1,55.21,0.0
17186,7623,209,1,797.01,0.0
17187,7623,23,2,235.35,0.0
17188,7623,180,1,843.45,0.0
17189,7624,70,2,402.01,0.0
17190,7624,198,1,266.02,0.0
17191,7624,205,1,367.74,0.0
17192,7624,68,1,133.13,0.0
17193,7625,69,1,274.11,0.05
17194,7625,205,1,367.74,0.0
17195,7626,19,1,727.02,0.05
17196,7626,182,1,500.91,0.2
17197,7626,250,1,1160.3575,0.05
17198,7627,140,1,500.02,0.0
17199,7627,299,1,725.08,0.0
17200,7627,242,-1,166.1,0.0
17201,7627,89,1,247.06,0.05
17202,7627,127,3,111.4,0.0
17203,7628,235,1,370.09,0.15
17204,7628,53,2,192.38,0.1
17205,7628,54,1,679.71,0.0
17206,7629,79,1,308.93,0.15
17207,7629,31,-1,976.57,0.1
17208,7630,202,1,514.85,0.2
17209,7631,68,1,133.13,0.0
17210,7632,292,2,425.68,0.15
17211,7632,246,1,574.84,0.0
17213,7633,208,1,260.07,0.0
17214,7633,18,1,35.67,0.1
17215,7634,157,1,701.5,0.15
17216,7635,288,2,515.26,0.0
17217,7636,87,1,564.0,0.0
17218,7636,232,1,71.83,0.2
17219,7637,258,1,626.09,0.0
17220,7637,39,1,412.64,0.0
17221,7637,100,1,283.25,0.2
17222,7637,21,3,614.24,0.05
17223,7638,300,1,133.29,0.0
17224,7638,173,1,587.7,0.0
17225,7639,230,3,829.69,0.0
17226,7639,171,1,14.73,0.0
17227,7640,32,1,338.4,0.0
17228,7641,65,1,460.75,0.05
17229,7641,297,2,89.43,0.0
17230,7642,164,1,446.58,0.0
17231,7643,240,3,555.47,0.0
17232,7643,199,3,51.0,0.0
17233,7643,58,1,87.55,0.15
17234,7644,56,2,186.07,0.0
17235,7645,215,1,501.1,0.05
17236,7645,217,1,479.18,0.0
17237,7646,117,1,567.69,0.0
17238,7646,19,1,727.02,0.05
17239,7647,79,1,308.93,0.1
17240,7647,231,1,410.59,0.0
17241,7648,283,1,680.49,0.0
17242,7648,46,1,397.56,0.0
17243,7649,253,1,621.95,0.05
17244,7650,99,3,496.87,0.0
17245,7650,286,1,47.93,0.0
17246,7650,128,1,686.4,0.1
17247,7650,133,-1,479.79,0.0
17248,7650,220,1,475.38,0.0
17249,7651,275,1,82.62,0.0
17250,7652,65,1,460.75,0.1
17251,7652,60,3,148.68,0.2
17252,7652,133,1,479.79,0.2
17253,7653,193,1,351.11,0.2
17254,7653,237,1,335.88,0.05
17255,7653,39,1,412.64,0.2
17256,7654,35,2,425.48,0.2
17257,7655,149,1,382.77,0.1
17258,7656,281,1,146.98,0.0
17259,7656,12,1,156.75,0.0
17260,7657,112,1,10.73,0.0
17261,7658,274,2,528.78,0.1
17262,7658,110,1,52.92,0.2
17263,7659,194,1,222.76,0.0
17264,7659,41,1,376.48,0.0
17265,7660,48,1,231.62,0.05
17266,7660,144,1,299.76,0.1
17267,7660,148,1,304.48,0.0
17268,7660,46,2,397.56,0.05
17269,7661,149,1,382.77,0.1
17270,7661,61,1,512.76,0.0
17271,7662,53,-1,192.38,0.2
17272,7662,151,1,625.19,0.0
17273,7662,111,2,227.31,0.05
17274,7663,292,1,425.68,0.05
17275,7663,56,1,186.07,0.0
17276,7664,93,1,98.57,0.05
17277,7665,64,1,29.71,0.0
17278,7665,2,1,807.37,0.0
17279,7666,96,1,682.77,0.1
17280,7666,132,1,299.38,0.0
17281,7666,9,-1,66.57,0.0
17282,7666,284,1,228.9,0.0
17283,7667,280,2,121.8,0.0
17284,7667,114,1,23.97,0.1
17285,7667,45,2,511.39,0.0
17286,7668,113,1,55.28,0.0
17287,7668,62,2,244.7,0.0
17288,7668,178,1,563.12,0.15
17289,7669,284,1,228.9,0.0
17290,7669,52,2,12.48,0.15
17291,7670,47,1,513.39,0.1
17293,7670,226,1,211.98,0.0
17294,7671,69,1,274.11,0.1
17295,7672,19,1,727.02,0.0
17296,7672,234,1,486.72,0.1
17297,7672,181,2,37.18,0.0
17298,7673,78,2,213.82,0.0
17299,7673,140,3,500.02,0.0
17300,7673,71,1,362.18,0.1
17301,7673,31,1,976.57,0.15
17302,7674,249,1,682.27,0.1
17303,7674,277,2,437.32,0.05
17304,7675,26,1,259.69,0.1
17305,7675,231,1,410.59,0.0
17307,7675,101,1,488.42,0.15
17308,7675,185,1,582.19,0.0
17309,7676,275,1,82.62,0.0
17310,7677,149,1,382.77,0.0
17311,7677,242,2,166.1,0.1
17312,7678,266,2,110.99,0.0
17313,7679,246,1,574.84,0.05
17314,7679,211,1,943.9,0.1
17315,7679,298,1,238.39,0.1
17316,7679,247,1,708.26,0.0
17317,7679,184,1,278.4,0.0
17318,7680,41,1,376.48,0.1
17319,7681,224,1,23.12,0.2
17320,7681,124,1,640.23,0.0
17321,7681,21,1,614.24,0.0
17322,7681,112,1,10.73,0.2
17323,7681,172,1,104.56,0.1
17324,7682,140,1,500.02,0.1
17325,7682,282,1,280.61,0.0
17326,7683,33,1,217.73,0.0
17327,7684,30,1,477.17,0.0
17328,7685,166,2,278.38,0.05
17329,7685,68,1,133.13,0.0
17330,7686,261,1,429.63,0.0
17331,7687,257,1,8.4,0.0
17332,7687,151,1,625.19,0.0
17333,7687,272,1,5.69,0.0
17334,7688,104,1,957.31,0.0
17335,7688,34,-1,399.8,0.0
17336,7689,126,2,240.49,0.2
17337,7689,97,1,628.48,0.1
17338,7690,268,2,23.79,0.0
17339,7690,158,3,282.03,0.0
17340,7690,259,1,533.22,0.0
17342,7691,25,2,282.92,0.15
17343,7691,263,2,222.36,0.0
17344,7691,59,1,287.12,0.0
17345,7691,238,2,192.17,0.0
17346,7692,52,2,12.48,0.0
17347,7693,297,1,89.43,0.15
17348,7694,288,1,515.26,0.0
17349,7694,147,3,517.03,0.05
17350,7694,143,1,421.93,0.1
17351,7695,248,3,75.61,0.0
17352,7695,178,-1,563.12,0.0
17353,7695,168,-1,649.6,0.0
17354,7696,51,-1,863.34,0.0
17355,7696,157,1,701.5,0.0
17356,7696,146,3,443.54,0.05
17357,7696,296,1,361.73,0.0
17358,7696,297,1,89.43,0.1
17359,7697,71,1,362.18,0.2
17360,7698,103,1,456.96,0.0
17361,7699,81,1,779.01,0.05
17362,7699,54,1,679.71,0.1
17363,7700,154,3,115.68,0.0
17364,7700,106,1,150.04,0.0
17365,7700,42,2,328.75,0.0
17366,7700,65,1,460.75,0.0
17367,7701,22,2,205.71,0.1
17368,7702,64,1,29.71,0.0
17369,7703,13,-1,152.16,0.0
17370,7703,264,1,16.2,0.15
17371,7703,25,2,282.92,0.0
17372,7703,116,1,862.37,0.0
17373,7704,242,1,166.1,0.1
17374,7704,238,1,192.17,0.05
17375,7704,232,1,71.83,0.1
17376,7705,173,1,587.7,0.05
17377,7705,202,1,514.85,0.0
17378,7706,77,1,103.53,0.0
17379,7707,154,1,115.68,0.2
17380,7707,74,1,171.2,0.0
17381,7708,222,1,264.61,0.15
17382,7708,292,1,425.68,0.2
17383,7709,202,1,514.85,0.0
17384,7709,129,1,492.47,0.0
17385,7709,264,1,16.2,0.0
17386,7710,194,1,222.76,0.1
17387,7711,237,1,335.88,0.05
17388,7711,100,1,283.25,0.0
17389,7711,175,1,600.57,0.05
17390,7711,130,1,454.11,0.0
17391,7711,9,1,66.57,0.1
17392,7712,94,1,514.73,0.15
17393,7713,160,1,150.1,0.2
17394,7713,155,3,607.36,0.0
17395,7714,223,1,57.85,0.0
17396,7715,287,1,754.14,0.05
17397,7715,106,1,150.04,0.05
17398,7716,244,-1,263.25,0.0
17399,7716,120,1,146.96,0.15
17400,7716,226,1,211.98,0.0
17401,7716,155,1,607.36,0.1
17402,7717,8,1,295.82,0.05
17403,7717,57,-1,510.39,0.0
17404,7717,283,1,680.49,0.0
17405,7718,81,1,779.01,0.0
17406,7719,146,1,443.54,0.05
17407,7719,185,1,582.19,0.1
17408,7720,252,1,274.43,0.05
17409,7720,286,3,47.93,0.0
17410,7721,207,1,518.71,0.1
17411,7721,43,1,97.72,0.0
17412,7721,229,1,690.53,0.05
17413,7721,264,1,16.2,0.15
17414,7722,62,2,244.7,0.15
17415,7722,170,1,723.66,0.0
17416,7722,227,1,192.19,0.0
17417,7722,207,1,518.71,0.0
17418,7722,155,1,607.36,0.05
17419,7723,262,1,214.85,0.05
17420,7724,58,1,87.55,0.0
17421,7725,169,2,458.05,0.1
17422,7726,41,1,376.48,0.05
17423,7726,220,1,475.38,0.0
17424,7727,55,1,395.52,0.0
17425,7727,250,1,1160.3575,0.0
17426,7727,157,1,701.5,0.1
17427,7728,208,1,260.07,0.0
17428,7729,186,1,290.81,0.0
17429,7730,175,2,600.57,0.0
17430,7730,114,1,23.97,0.0
17431,7731,34,1,399.8,0.0
17432,7731,13,1,152.16,0.1
17433,7731,22,1,205.71,0.0
17434,7731,68,3,133.13,0.05
17435,7731,108,1,378.75,0.15
17436,7732,149,1,382.77,0.0
17437,7732,67,2,355.8,0.0
17438,7732,15,3,536.46,0.1
17439,7732,278,1,402.71,0.0
17440,7732,275,2,82.62,0.0
17441,7733,56,3,186.07,0.0
17442,7733,21,1,614.24,0.0
17443,7734,13,1,152.16,0.0
17444,7734,259,1,533.22,0.0
17445,7735,260,1,619.66,0.2
17446,7736,163,1,598.68,0.05
17447,7737,92,2,148.78,0.05
17448,7737,233,1,82.49,0.0
17449,7737,245,3,1160.3575,0.0
17450,7738,241,2,306.12,0.1
17451,7738,60,2,148.68,0.05
17452,7739,69,-1,274.11,0.05
17453,7740,80,1,166.05,0.1
17454,7740,125,1,584.13,0.0
17455,7740,101,1,488.42,0.0
17456,7740,84,1,43.2,0.2
17457,7741,9,3,66.57,0.0
17458,7741,168,1,649.6,0.0
17459,7741,138,1,54.35,0.15
17460,7741,44,1,6.81,0.2
17461,7742,125,1,584.13,0.0
17462,7742,255,1,249.2,0.05
17463,7742,102,1,396.98,0.0
17464,7743,252,1,274.43,0.05
17465,7744,228,1,162.75,0.15
17466,7744,153,2,530.38,0.2
17467,7744,161,3,68.77,0.0
17468,7744,14,2,90.93,0.0
17469,7744,166,1,278.38,0.0
17470,7745,249,2,682.27,0.1
17471,7745,265,1,839.64,0.05
17472,7745,81,1,779.01,0.0
17473,7745,294,2,141.94,0.1
17474,7745,68,3,133.13,0.0
17475,7746,156,2,372.8,0.15
17476,7747,278,1,402.71,0.0
17477,7747,88,1,275.21,0.2
17478,7748,242,1,166.1,0.0
17479,7748,264,1,16.2,0.0
17480,7749,279,2,226.81,0.0
17481,7749,52,1,12.48,0.05
17482,7749,37,1,608.8,0.0
17483,7750,227,2,192.19,0.05
17484,7751,233,1,82.49,0.15
17485,7752,136,2,974.39,0.0
17486,7752,162,1,126.53,0.0
17487,7752,90,2,219.22,0.15
17488,7753,91,2,369.86,0.0
17489,7754,111,1,227.31,0.05
17490,7754,286,1,47.93,0.05
17491,7754,197,1,538.79,0.2
17492,7755,116,1,862.37,0.0
17493,7755,124,3,640.23,0.0
17494,7755,32,1,338.4,0.0
17495,7755,245,2,1160.3575,0.0
17496,7756,27,1,686.85,0.05
17497,7757,295,1,139.02,0.0
17498,7757,107,1,963.92,0.15
17499,7758,286,1,47.93,0.15
17500,7759,295,1,139.02,0.0
17501,7760,243,1,746.93,0.0
17502,7760,217,-1,479.18,0.05
17503,7761,131,1,797.13,0.0
17504,7762,4,1,17.97,0.2
17505,7762,145,1,61.15,0.0
17506,7762,33,1,217.73,0.0
17507,7762,72,1,286.08,0.0
17508,7762,201,-1,567.68,0.0
17509,7763,62,1,244.7,0.0
17510,7763,215,2,501.1,0.0
17511,7763,296,1,361.73,0.0
17512,7764,159,1,818.3,0.05
17513,7764,57,1,510.39,0.0
17514,7765,223,1,57.85,0.05
17515,7765,188,1,550.0,0.05
17516,7766,147,1,517.03,0.0
17517,7766,164,2,446.58,0.1
17518,7767,9,1,66.57,0.0
17519,7768,21,1,614.24,0.05
17520,7768,280,1,121.8,0.0
17521,7769,257,1,8.4,0.05
17522,7769,292,1,425.68,0.05
17523,7770,50,1,240.1,0.05
17524,7770,207,3,518.71,0.0
17525,7770,171,1,14.73,0.0
17526,7770,82,1,235.49,0.0
17527,7771,247,2,708.26,0.2
17528,7771,207,1,518.71,0.0
17529,7772,41,1,376.48,0.1
17530,7772,247,1,708.26,0.05
17531,7772,231,1,410.59,0.15
17532,7773,105,1,375.87,0.0
17533,7773,20,2,548.49,0.0
17534,7773,129,1,492.47,0.0
17535,7774,241,1,306.12,0.0
17536,7774,96,1,682.77,0.05
17537,7774,174,1,864.84,0.1
17538,7774,242,1,166.1,0.0
17539,7775,170,1,723.66,0.0
17540,7775,155,1,607.36,0.0
17541,7775,137,1,316.92,0.1
17542,7775,242,1,166.1,0.05
17543,7776,274,3,528.78,0.0
17544,7776,234,1,486.72,0.1
17545,7776,246,3,574.84,0.0
17546,7776,89,1,247.06,0.05
17547,7777,186,1,290.81,0.0
17548,7777,33,1,217.73,0.0
17549,7778,112,2,10.73,0.0
17550,7778,130,1,454.11,0.0
17551,7779,182,2,500.91,0.0
17552,7779,136,1,974.39,0.0
17553,7779,249,1,682.27,0.0
17554,7779,132,2,299.38,0.0
17555,7779,145,2,61.15,0.0
17556,7780,28,-1,749.19,0.1
17557,7780,291,1,19.78,0.0
17558,7781,215,1,501.1,0.0
17559,7782,81,1,779.01,0.0
17560,7782,124,1,640.23,0.0
17561,7782,236,1,55.21,0.15
17562,7783,276,2,341.21,0.0
17563,7784,146,1,443.54,0.0
17564,7784,86,1,443.6,0.2
17565,7785,272,1,5.69,0.0
17566,7785,14,1,90.93,0.2
17567,7785,74,1,171.2,0.05
17568,7786,194,1,222.76,0.15
17569,7787,108,2,378.75,0.0
17570,7787,262,1,214.85,0.05
17571,7788,104,1,957.31,0.0
17572,7788,12,2,156.75,0.1
17573,7788,298,1,238.39,0.1
17574,7788,167,1,39.88,0.0
17575,7789,236,1,55.21,0.0
17576,7790,29,2,103.82,0.0
17577,7791,291,1,19.78,0.05
17578,7791,60,1,148.68,0.15
17579,7792,97,1,628.48,0.0
17580,7793,111,2,227.31,0.0
17581,7794,167,2,39.88,0.0
17582,7794,46,1,397.56,0.0
17583,7794,124,1,640.23,0.0
17584,7795,37,2,608.8,0.05
17585,7796,92,1,148.78,0.1
17586,7797,280,2,121.8,0.1
17587,7798,16,1,245.66,0.05
17588,7799,72,1,286.08,0.0
17589,7800,5,1,503.34,0.1
17590,7801,176,1,199.39,0.0
17591,7801,190,1,707.42,0.05
17592,7801,82,-1,235.49,0.0
17593,7802,51,1,863.34,0.0
17594,7802,73,1,346.78,0.05
17595,7802,96,1,682.77,0.05
17596,7802,32,1,338.4,0.05
17597,7802,15,2,536.46,0.0
17598,7803,45,1,511.39,0.0
17599,7803,155,3,607.36,0.0
17600,7803,112,2,10.73,0.05
17601,7804,104,2,957.31,0.2
17602,7805,237,1,335.88,0.15
17603,7806,39,1,412.64,0.0
17604,7806,118,1,611.17,0.0
17605,7806,114,1,23.97,0.0
17606,7807,201,1,567.68,0.0
17607,7807,52,1,12.48,0.0
17608,7807,129,1,492.47,0.0
17609,7808,109,1,59.23,0.0
17610,7808,234,1,486.72,0.0
17611,7808,111,2,227.31,0.15
17612,7809,184,1,278.4,0.15
17613,7809,92,1,148.78,0.0
17614,7809,133,1,479.79,0.0
17615,7809,244,3,263.25,0.0
17616,7810,85,3,530.7,0.05
17617,7810,23,1,235.35,0.0
17618,7811,204,1,578.66,0.05
17619,7811,233,1,82.49,0.0
17620,7811,294,1,141.94,0.0
17621,7812,283,1,680.49,0.05
17622,7812,106,1,150.04,0.05
17623,7813,114,1,23.97,0.0
17624,7813,220,1,475.38,0.0
17625,7814,178,1,563.12,0.0
17626,7814,100,1,283.25,0.05
17627,7815,79,1,308.93,0.1
17628,7815,289,1,635.36,0.0
17629,7815,53,1,192.38,0.0
17630,7815,293,1,709.48,0.0
17631,7815,57,2,510.39,0.0
17632,7816,180,1,843.45,0.0
17633,7817,107,1,963.92,0.0
17634,7817,174,2,864.84,0.0
17635,7817,185,1,582.19,0.0
17636,7818,10,2,309.24,0.0
17637,7818,298,1,238.39,0.0
17638,7818,47,1,513.39,0.1
17639,7819,195,1,132.26,0.0
17640,7819,128,1,686.4,0.0
17641,7819,231,2,410.59,0.05
17642,7820,273,1,560.24,0.0
17643,7820,141,1,251.45,0.1
17644,7821,111,1,227.31,0.1
17645,7822,24,1,696.97,0.15
17646,7823,130,1,454.11,0.0
17647,7823,158,1,282.03,0.1
17648,7823,290,1,908.96,0.2
17649,7823,12,1,156.75,0.0
17650,7823,272,3,5.69,0.0
17651,7824,34,1,399.8,0.0
17652,7824,284,1,228.9,0.0
17653,7824,103,1,456.96,0.0
17654,7824,207,1,518.71,0.0
17655,7825,106,1,150.04,0.05
17656,7826,120,3,146.96,0.05
17657,7826,219,-1,211.99,0.0
17658,7827,120,1,146.96,0.05
17659,7827,166,2,278.38,0.0
17660,7828,168,3,649.6,0.0
17661,7828,203,1,431.09,0.2
17662,7828,272,1,5.69,0.2
17663,7828,152,1,910.86,0.05
17664,7828,102,2,396.98,0.0
17665,7829,255,1,249.2,0.0
17666,7829,276,2,341.21,0.0
17667,7829,20,1,548.49,0.1
17668,7829,200,1,533.81,0.05
17669,7830,6,1,531.19,0.05
17670,7830,153,2,530.38,0.0
17671,7830,149,1,382.77,0.0
17672,7831,21,1,614.24,0.15
17673,7831,89,1,247.06,0.05
17674,7832,255,3,249.2,0.0
17675,7833,81,-1,779.01,0.0
17676,7833,163,1,598.68,0.1
17677,7834,252,1,274.43,0.0
17678,7835,239,2,517.8,0.15
17679,7835,242,1,166.1,0.0
17680,7836,37,1,608.8,0.0
17681,7836,172,1,104.56,0.0
17682,7836,108,1,378.75,0.0
17683,7836,259,3,533.22,0.05
17684,7837,157,2,701.5,0.0
17685,7838,260,1,619.66,0.1
17686,7838,51,1,863.34,0.0
17687,7839,143,1,421.93,0.05
17688,7840,16,1,245.66,0.05
17689,7841,82,1,235.49,0.2
17690,7842,60,1,148.68,0.0
17691,7843,168,1,649.6,0.0
17692,7843,20,1,548.49,0.05
17693,7844,56,2,186.07,0.05
17694,7844,287,2,754.14,0.15
17695,7844,264,1,16.2,0.0
17696,7844,258,1,626.09,0.05
17697,7845,106,1,150.04,0.2
17698,7845,188,1,550.0,0.1
17699,7846,67,1,355.8,0.0
17700,7846,232,1,71.83,0.0
17701,7846,16,1,245.66,0.2
17702,7846,56,1,186.07,0.0
17703,7847,128,1,686.4,0.1
17704,7847,234,1,486.72,0.0
17705,7848,111,1,227.31,0.0
17706,7848,243,2,746.93,0.0
17707,7848,281,1,146.98,0.0
17708,7849,19,2,727.02,0.15
17709,7849,128,1,686.4,0.15
17710,7850,8,1,295.82,0.05
17711,7850,27,1,686.85,0.0
17712,7851,183,1,942.96,0.2
17713,7852,239,3,517.8,0.0
17714,7852,206,1,612.54,0.0
17715,7852,270,1,1160.3575,0.0
17716,7852,34,-1,399.8,0.15
17717,7853,103,1,456.96,0.1
17718,7853,203,2,431.09,0.2
17719,7853,156,1,372.8,0.0
17720,7853,2,2,807.37,0.0
17721,7853,18,1,35.67,0.15
17722,7854,159,2,818.3,0.1
17723,7854,35,1,425.48,0.0
17724,7854,129,1,492.47,0.0
17725,7855,122,1,607.34,0.0
17726,7855,157,1,701.5,0.0
17727,7856,190,1,707.42,0.0
17728,7856,56,1,186.07,0.1
17729,7856,220,1,475.38,0.0
17730,7856,239,2,517.8,0.05
17731,7857,292,1,425.68,0.0
17732,7857,297,2,89.43,0.0
17733,7857,228,1,162.75,0.0
17734,7857,163,2,598.68,0.0
17735,7857,274,1,528.78,0.0
17736,7858,224,2,23.12,0.0
17737,7859,224,1,23.12,0.15
17738,7860,136,1,974.39,0.0
17739,7860,292,1,425.68,0.0
17740,7861,255,2,249.2,0.1
17741,7862,214,1,304.46,0.15
17742,7862,140,2,500.02,0.0
17743,7862,9,1,66.57,0.15
17744,7862,267,1,253.7,0.0
17745,7863,85,3,530.7,0.15
17746,7863,112,-1,10.73,0.0
17747,7864,102,1,396.98,0.0
17748,7864,47,1,513.39,0.05
17749,7864,156,1,372.8,0.0
17750,7864,16,1,245.66,0.1
17751,7865,112,1,10.73,0.0
17752,7865,27,1,686.85,0.0
17753,7865,253,1,621.95,0.0
17754,7865,169,1,458.05,0.1
17755,7865,82,1,235.49,0.0
17756,7866,235,1,370.09,0.0
17757,7866,198,2,266.02,0.15
17758,7867,135,1,550.83,0.0
17759,7868,125,1,584.13,0.0
17760,7868,164,1,446.58,0.0
17761,7868,2,3,807.37,0.0
17763,7869,70,1,402.01,0.0
17764,7869,93,2,98.57,0.0
17765,7870,190,2,707.42,0.15
17766,7870,28,2,749.19,0.05
17767,7871,259,3,533.22,0.0
17768,7871,265,1,839.64,0.0
17769,7871,237,-1,335.88,0.05
17770,7871,266,1,110.99,0.0
17771,7872,96,2,682.77,0.0
17772,7872,120,1,146.96,0.0
17773,7873,51,1,863.34,0.0
17774,7874,173,1,587.7,0.0
17775,7874,271,2,756.22,0.0
17776,7874,157,2,701.5,0.0
17777,7874,118,1,611.17,0.05
17778,7874,171,2,14.73,0.0
17779,7875,52,2,12.48,0.0
17780,7875,11,1,216.27,0.0
17781,7875,218,1,127.17,0.0
17782,7876,118,1,611.17,0.1
17783,7877,227,1,192.19,0.2
17784,7877,156,1,372.8,0.0
17785,7878,152,1,910.86,0.15
17786,7878,278,1,402.71,0.0
17787,7879,265,1,839.64,0.0
17788,7880,292,1,425.68,0.05
17789,7880,139,1,835.42,0.0
17790,7881,164,1,446.58,0.0
17791,7882,208,1,260.07,0.2
17792,7883,249,3,682.27,0.05
17793,7884,210,1,177.09,0.0
17794,7884,172,2,104.56,0.0
17795,7884,182,-1,500.91,0.0
17796,7884,252,1,274.43,0.0
17797,7885,253,1,621.95,0.05
17798,7885,191,1,457.7,0.0
17799,7886,23,1,235.35,0.0
17800,7886,147,1,517.03,0.05
17801,7886,279,3,226.81,0.15
17802,7887,213,1,111.83,0.0
17803,7888,136,1,974.39,0.05
17804,7888,65,2,460.75,0.0
17805,7888,3,1,978.72,0.0
17806,7889,88,1,275.21,0.05
17807,7889,116,1,862.37,0.0
17808,7889,279,2,226.81,0.05
17809,7890,32,2,338.4,0.1
17810,7890,277,1,437.32,0.1
17811,7891,219,1,211.99,0.0
17812,7891,168,1,649.6,0.0
17813,7892,225,1,939.11,0.0
17814,7892,171,1,14.73,0.05
17815,7892,287,1,754.14,0.0
17816,7893,94,1,514.73,0.0
17817,7893,143,1,421.93,0.0
17818,7893,110,1,52.92,0.0
17819,7894,214,2,304.46,0.0
17820,7895,24,1,696.97,0.0
17821,7896,97,1,628.48,0.15
17822,7896,145,1,61.15,0.1
17823,7896,53,-1,192.38,0.05
17824,7896,64,1,29.71,0.0
17825,7897,242,1,166.1,0.15
17826,7898,239,1,517.8,0.05
17827,7898,190,1,707.42,0.0
17828,7899,275,1,82.62,0.0
17829,7900,170,2,723.66,0.05
17830,7900,63,3,430.39,0.0
17831,7901,107,1,963.92,0.05
17832,7901,88,1,275.21,0.0
17833,7901,40,1,171.89,0.0
17834,7901,39,3,412.64,0.0
17835,7902,202,1,514.85,0.0
17836,7902,83,3,243.1,0.0
17837,7902,181,3,37.18,0.05
17838,7903,38,1,364.99,0.0
17839,7904,138,1,54.35,0.05
17840,7904,175,-1,600.57,0.0
17841,7904,6,3,531.19,0.0
17842,7905,257,1,8.4,0.0
17843,7905,185,1,582.19,0.0
17844,7905,271,1,756.22,0.1
17845,7905,291,1,19.78,0.0
17846,7905,153,3,530.38,0.0
17847,7906,246,1,574.84,0.0
17848,7907,143,2,421.93,0.0
17849,7907,1,1,433.54,0.0
17850,7907,150,1,182.12,0.0
17851,7908,28,1,749.19,0.0
17852,7909,255,1,249.2,0.0
17853,7910,251,1,439.11,0.0
17854,7910,50,1,240.1,0.0
17855,7910,72,1,286.08,0.15
17856,7911,63,1,430.39,0.0
17857,7911,225,1,939.11,0.0
17858,7912,228,1,162.75,0.0
17859,7912,185,1,582.19,0.0
17860,7912,197,2,538.79,0.2
17861,7912,56,2,186.07,0.0
17862,7912,132,1,299.38,0.0
17863,7913,181,2,37.18,0.0
17864,7913,128,2,686.4,0.1
17865,7914,233,1,82.49,0.0
17866,7915,249,1,682.27,0.0
17867,7916,63,1,430.39,0.05
17868,7917,267,2,253.7,0.0
17869,7917,178,1,563.12,0.0
17870,7918,161,1,68.77,0.0
17871,7919,219,2,211.99,0.05
17872,7920,32,1,338.4,0.05
17873,7920,146,1,443.54,0.0
17874,7920,261,1,429.63,0.0
17875,7921,4,1,17.97,0.0
17876,7921,268,1,23.79,0.0
17877,7922,170,1,723.66,0.05
17878,7922,3,1,978.72,0.0
17879,7922,112,1,10.73,0.05
17880,7923,71,1,362.18,0.0
17881,7924,212,2,445.65,0.0
17882,7924,31,1,976.57,0.0
17883,7925,70,1,402.01,0.0
17884,7925,231,-1,410.59,0.1
17885,7925,188,1,550.0,0.0
17886,7925,181,1,37.18,0.0
17887,7925,114,2,23.97,0.0
17888,7926,276,1,341.21,0.0
17889,7927,204,-1,578.66,0.0
17890,7927,114,1,23.97,0.05
17891,7928,237,2,335.88,0.0
17892,7928,5,3,503.34,0.0
17893,7928,176,1,199.39,0.0
17894,7928,15,1,536.46,0.0
17895,7928,90,1,219.22,0.0
17896,7929,188,1,550.0,0.0
17897,7930,216,1,492.92,0.1
17898,7930,132,1,299.38,0.0
17899,7930,5,1,503.34,0.2
17900,7930,26,2,259.69,0.0
17901,7931,298,1,238.39,0.0
17902,7931,32,1,338.4,0.0
17903,7931,27,2,686.85,0.0
17904,7932,279,3,226.81,0.0
17905,7932,120,1,146.96,0.0
17906,7933,111,1,227.31,0.15
17907,7934,31,1,976.57,0.0
17908,7934,164,1,446.58,0.05
17909,7935,233,1,82.49,0.0
17910,7935,221,2,704.75,0.1
17911,7935,269,1,603.81,0.0
17912,7936,173,3,587.7,0.1
17913,7936,197,1,538.79,0.0
17914,7936,2,3,807.37,0.2
17915,7937,199,3,51.0,0.1
17916,7937,13,1,152.16,0.05
17917,7937,298,1,238.39,0.0
17918,7937,105,1,375.87,0.0
17919,7938,232,2,71.83,0.0
17920,7938,106,1,150.04,0.0
17921,7938,248,1,75.61,0.2
17922,7939,41,2,376.48,0.05
17923,7939,251,3,439.11,0.0
17924,7939,8,1,295.82,0.05
17925,7940,83,1,243.1,0.0
17926,7940,8,1,295.82,0.0
17927,7941,300,1,133.29,0.05
17928,7941,73,1,346.78,0.0
17929,7942,201,1,567.68,0.05
17930,7943,136,1,974.39,0.0
17931,7943,260,1,619.66,0.0
17932,7944,144,2,299.76,0.1
17933,7945,60,1,148.68,0.0
17934,7946,9,1,66.57,0.2
17935,7946,199,2,51.0,0.0
17936,7947,255,1,249.2,0.0
17937,7947,205,1,367.74,0.0
17938,7948,222,1,264.61,0.1
17939,7949,195,3,132.26,0.0
17940,7949,126,2,240.49,0.0
17941,7949,143,2,421.93,0.15
17942,7950,189,1,24.7,0.0
17943,7950,74,2,171.2,0.0
17944,7950,39,1,412.64,0.15
17945,7951,197,2,538.79,0.1
17946,7951,16,1,245.66,0.0
17947,7951,257,1,8.4,0.1
17948,7952,172,1,104.56,0.05
17949,7952,28,3,749.19,0.05
17950,7953,107,1,963.92,0.0
17951,7954,196,1,518.75,0.15
17952,7954,78,1,213.82,0.0
17953,7955,45,2,511.39,0.0
17954,7956,247,1,708.26,0.05
17955,7957,195,1,132.26,0.05
17956,7957,60,1,148.68,0.0
17957,7957,76,1,938.11,0.0
17958,7957,117,1,567.69,0.1
17959,7957,1,1,433.54,0.0
17960,7958,300,1,133.29,0.0
17961,7958,31,1,976.57,0.0
17962,7959,159,3,818.3,0.0
17963,7959,107,1,963.92,0.0
17964,7959,264,2,16.2,0.0
17965,7960,113,1,55.28,0.0
17966,7960,292,1,425.68,0.1
17967,7960,69,3,274.11,0.05
17968,7960,280,1,121.8,0.0
17969,7960,247,1,708.26,0.0
17970,7961,157,1,701.5,0.0
17971,7961,125,1,584.13,0.0
17972,7962,62,2,244.7,0.0
17973,7962,198,1,266.02,0.1
17974,7963,133,1,479.79,0.1
17975,7964,40,3,171.89,0.1
17976,7965,272,-1,5.69,0.05
17977,7965,45,1,511.39,0.0
17978,7966,108,1,378.75,0.15
17979,7967,141,1,251.45,0.0
17981,7968,61,1,512.76,0.1
17982,7969,182,1,500.91,0.0
17983,7969,177,2,156.12,0.0
17984,7970,264,1,16.2,0.0
17985,7970,176,1,199.39,0.0
17986,7971,189,2,24.7,0.0
17987,7971,109,1,59.23,0.0
17988,7972,229,1,690.53,0.0
17989,7973,65,1,460.75,0.2
17990,7974,91,-1,369.86,0.1
17991,7974,164,1,446.58,0.0
17992,7974,3,2,978.72,0.05
17993,7974,32,1,338.4,0.15
17994,7974,200,1,533.81,0.0
17995,7975,136,1,974.39,0.1
17996,7975,149,1,382.77,0.0
17997,7976,212,1,445.65,0.15
17998,7977,289,2,635.36,0.05
17999,7977,92,1,148.78,0.05
18000,7978,130,2,454.11,0.0
18001,7978,269,1,603.81,0.0
18002,7979,253,1,621.95,0.0
18003,7979,71,1,362.18,0.2
18004,7979,94,1,514.73,0.0
18005,7979,187,1,127.57,0.0
18006,7980,186,2,290.81,0.2
18007,7980,69,2,274.11,0.15
18009,7981,175,1,600.57,0.1
18010,7981,272,1,5.69,0.0
18011,7981,53,1,192.38,0.0
18012,7981,80,1,166.05,0.0
18013,7982,93,1,98.57,0.0
18014,7982,220,1,475.38,0.0
18015,7982,138,1,54.35,0.0
18016,7982,278,1,402.71,0.0
18017,7983,66,1,447.18,0.0
18018,7983,199,2,51.0,0.0
18019,7983,29,1,103.82,0.0
18020,7984,252,1,274.43,0.2
18021,7984,243,1,746.93,0.15
18022,7984,72,1,286.08,0.0
18023,7984,238,1,192.17,0.0
18024,7984,166,1,278.38,0.1
18025,7985,98,1,71.96,0.0
18026,7985,138,3,54.35,0.05
18027,7986,63,-1,430.39,0.0
18029,7986,117,1,567.69,0.0
18030,7987,45,1,511.39,0.1
18031,7988,46,1,397.56,0.0
18032,7988,160,1,150.1,0.1
18033,7989,34,1,399.8,0.0
18034,7989,233,1,82.49,0.05
18035,7989,41,3,376.48,0.0
18036,7990,241,2,306.12,0.0
18037,7990,80,1,166.05,0.15
18038,7991,214,1,304.46,0.05
18039,7991,92,2,148.78,0.0
18040,7992,237,2,335.88,0.05
18041,7992,250,1,1160.3575,0.0
18042,7993,186,1,290.81,0.0
18043,7993,197,1,538.79,0.05
18044,7994,129,2,492.47,0.0
18045,7994,150,2,182.12,0.0
18046,7994,91,3,369.86,0.2
18047,7995,183,2,942.96,0.2
18048,7995,62,1,244.7,0.0
18049,7996,115,1,251.88,0.15
18050,7997,36,1,749.87,0.1
18051,7997,77,1,103.53,0.1
18052,7997,260,1,619.66,0.0
18054,7997,196,1,518.75,0.05
18055,7998,124,1,640.23,0.0
18056,7998,31,1,976.57,0.0
18057,7999,183,1,942.96,0.0
18058,8000,271,1,756.22,0.05
18059,8001,264,1,16.2,0.05
18060,8002,100,2,283.25,0.15
18061,8002,1,2,433.54,0.0
18062,8003,126,1,240.49,0.0
18063,8004,145,1,61.15,0.2
18064,8004,289,1,635.36,0.0
18065,8005,95,1,711.68,0.0
18066,8006,161,1,68.77,0.0
18067,8007,39,1,412.64,0.05
18068,8007,300,1,133.29,0.0
18069,8007,11,1,216.27,0.0
18070,8008,99,1,496.87,0.05
18071,8008,230,1,829.69,0.2
18072,8009,215,1,501.1,0.0
18073,8009,131,1,797.13,0.05
18074,8009,179,1,478.65,0.15
18075,8010,271,1,756.22,0.2
18076,8010,236,3,55.21,0.0
18077,8010,76,3,938.11,0.0
18078,8011,285,1,667.54,0.1
18079,8011,16,1,245.66,0.05
18080,8011,165,2,605.76,0.0
18081,8012,165,1,605.76,0.05
18082,8012,21,1,614.24,0.0
18083,8012,260,2,619.66,0.0
18084,8012,211,1,943.9,0.2
18085,8013,253,3,621.95,0.0
18086,8013,8,1,295.82,0.0
18087,8014,268,-1,23.79,0.05
18088,8014,249,1,682.27,0.0
18089,8015,193,1,351.11,0.1
18090,8015,59,1,287.12,0.05
18091,8016,155,1,607.36,0.2
18092,8016,89,1,247.06,0.05
18093,8017,249,3,682.27,0.2
18094,8017,249,1,682.27,0.0
18095,8017,232,1,71.83,0.0
18096,8018,57,1,510.39,0.0
18097,8018,2,3,807.37,0.1
18098,8018,24,1,696.97,0.2
18099,8019,231,1,410.59,0.0
18100,8019,253,1,621.95,0.1
18101,8020,127,1,111.4,0.0
18102,8020,24,2,696.97,0.0
18103,8021,226,-1,211.98,0.0
18104,8022,16,1,245.66,0.0
18105,8023,49,1,850.7,0.05
18106,8023,14,2,90.93,0.05
18107,8024,72,1,286.08,0.0
18108,8024,62,2,244.7,0.0
18109,8024,137,1,316.92,0.05
18110,8024,52,1,12.48,0.0
18111,8024,285,1,667.54,0.2
18112,8025,174,1,864.84,0.0
18113,8026,25,1,282.92,0.0
18114,8027,98,1,71.96,0.0
18115,8027,144,2,299.76,0.05
18116,8028,163,2,598.68,0.0
18117,8029,280,1,121.8,0.0
18118,8029,227,1,192.19,0.1
18119,8030,177,1,156.12,0.05
18120,8030,263,2,222.36,0.2
18121,8031,139,1,835.42,0.0
18122,8031,247,1,708.26,0.1
18123,8031,132,1,299.38,0.0
18124,8032,225,1,939.11,0.0
18125,8032,270,1,1160.3575,0.2
18126,8032,60,2,148.68,0.0
18127,8032,225,2,939.11,0.0
18128,8032,220,1,475.38,0.0
18129,8033,169,1,458.05,0.0
18130,8033,148,1,304.48,0.1
18131,8034,73,2,346.78,0.1
18132,8034,139,1,835.42,0.1
18133,8034,92,1,148.78,0.05
18134,8034,272,1,5.69,0.0
18135,8035,175,1,600.57,0.0
18136,8036,36,1,749.87,0.0
18137,8036,142,1,717.32,0.0
18138,8037,35,1,425.48,0.15
18139,8037,263,3,222.36,0.15
18140,8037,10,1,309.24,0.2
18141,8037,62,1,244.7,0.15
18142,8038,14,1,90.93,0.0
18143,8038,12,1,156.75,0.0
18144,8038,188,1,550.0,0.0
18145,8039,27,3,686.85,0.1
18146,8040,286,1,47.93,0.0
18147,8041,181,1,37.18,0.1
18148,8042,149,1,382.77,0.0
18149,8042,238,1,192.17,0.05
18150,8042,214,1,304.46,0.0
18151,8042,163,1,598.68,0.0
18152,8043,164,1,446.58,0.0
18153,8043,24,2,696.97,0.05
18154,8043,214,1,304.46,0.1
18155,8043,196,1,518.75,0.1
18156,8043,259,1,533.22,0.0
18157,8044,122,1,607.34,0.0
18158,8044,226,2,211.98,0.0
18159,8044,147,1,517.03,0.15
18160,8044,195,1,132.26,0.1
18161,8045,273,1,560.24,0.2
18162,8045,192,1,697.79,0.05
18163,8045,140,1,500.02,0.0
18164,8046,231,2,410.59,0.0
18165,8046,251,1,439.11,0.1
18166,8047,186,1,290.81,0.05
18167,8048,130,3,454.11,0.1
18168,8048,108,1,378.75,0.0
18169,8049,212,1,445.65,0.0
18170,8049,142,1,717.32,0.1
18171,8049,16,3,245.66,0.0
18172,8049,177,2,156.12,0.0
18173,8050,126,1,240.49,0.0
18174,8050,96,3,682.77,0.0
18176,8050,238,1,192.17,0.0
18177,8050,200,2,533.81,0.1
18178,8051,173,1,587.7,0.0
18179,8051,82,1,235.49,0.1
18180,8051,110,1,52.92,0.0
18181,8052,131,2,797.13,0.15
18182,8052,179,1,478.65,0.0
18183,8053,107,1,963.92,0.1
18184,8053,167,3,39.88,0.05
18185,8054,122,1,607.34,0.05
18186,8054,25,1,282.92,0.0
18187,8055,11,1,216.27,0.05
18188,8056,125,1,584.13,0.0
18189,8057,46,2,397.56,0.1
18190,8058,58,1,87.55,0.0
18191,8058,100,1,283.25,0.05
18192,8059,198,1,266.02,0.1
18193,8060,294,1,141.94,0.0
18194,8060,228,2,162.75,0.0
18195,8061,131,1,797.13,0.0
18196,8062,66,1,447.18,0.0
18197,8062,187,1,127.57,0.05
18198,8062,49,1,850.7,0.0
18199,8062,33,1,217.73,0.1
18200,8062,243,1,746.93,0.15
18201,8063,9,1,66.57,0.05
18202,8063,217,1,479.18,0.0
18203,8063,183,2,942.96,0.0
18204,8064,148,1,304.48,0.0
18205,8065,275,1,82.62,0.0
18206,8066,27,1,686.85,0.1
18207,8067,154,1,115.68,0.0
18208,8068,37,1,608.8,0.2
18209,8068,184,3,278.4,0.0
18210,8068,156,1,372.8,0.0
18211,8069,55,2,395.52,0.0
18212,8070,105,1,375.87,0.0
18213,8071,172,1,104.56,0.0
18214,8071,180,1,843.45,0.0
18215,8072,258,1,626.09,0.0
18216,8073,218,3,127.17,0.0
18217,8073,285,1,667.54,0.0
18218,8073,179,1,478.65,0.1
18219,8073,156,2,372.8,0.1
18220,8074,47,1,513.39,0.05
18221,8075,11,1,216.27,0.05
18222,8076,206,1,612.54,0.0
18223,8077,239,1,517.8,0.0
18224,8078,230,1,829.69,0.05
18225,8078,157,1,701.5,0.05
18226,8078,297,1,89.43,0.1
18227,8078,131,1,797.13,0.0
18228,8079,239,1,517.8,0.0
18229,8079,94,1,514.73,0.0
18230,8080,210,1,177.09,0.05
18231,8081,240,1,555.47,0.05
18232,8081,116,1,862.37,0.0
18233,8081,215,1,501.1,0.0
18234,8082,87,2,564.0,0.0
18235,8082,146,1,443.54,0.0
18236,8082,86,3,443.6,0.0
18237,8083,194,1,222.76,0.1
18238,8083,137,1,316.92,0.0
18239,8084,235,1,370.09,0.0
18240,8084,38,1,364.99,0.0
18241,8084,10,1,309.24,0.0
18242,8085,47,2,513.39,0.0
18243,8085,113,2,55.28,0.0
18244,8085,23,1,235.35,0.0
18245,8086,203,2,431.09,0.15
18246,8086,131,1,797.13,0.1
18247,8086,236,1,55.21,0.05
18248,8086,186,3,290.81,0.0
18249,8087,86,1,443.6,0.0
18250,8087,27,2,686.85,0.0
18251,8087,168,2,649.6,0.1
18252,8088,240,1,555.47,0.1
18253,8088,76,1,938.11,0.0
18254,8088,192,1,697.79,0.0
18255,8089,45,1,511.39,0.0
18256,8090,163,1,598.68,0.0
18257,8090,103,2,456.96,0.0
18258,8090,98,2,71.96,0.0
18259,8091,298,1,238.39,0.0
18260,8092,17,-1,953.82,0.05
18261,8093,140,1,500.02,0.1
18262,8094,94,1,514.73,0.0
18263,8094,175,1,600.57,0.0
18264,8095,131,3,797.13,0.0
18265,8096,19,3,727.02,0.0
18266,8096,3,1,978.72,0.0
18267,8096,276,1,341.21,0.2
18268,8097,31,1,976.57,0.0
18269,8098,122,-1,607.34,0.05
18270,8099,260,1,619.66,0.0
18271,8100,156,2,372.8,0.0
18272,8101,128,1,686.4,0.0
18273,8101,210,3,177.09,0.05
18274,8102,67,1,355.8,0.05
18275,8102,254,1,286.86,0.0
18276,8102,125,1,584.13,0.0
18277,8103,90,1,219.22,0.0
18278,8104,213,1,111.83,0.05
18279,8104,92,1,148.78,0.1
18280,8105,282,1,280.61,0.05
18281,8105,173,1,587.7,0.0
18282,8105,50,1,240.1,0.0
18283,8105,240,1,555.47,0.0
18284,8105,68,1,133.13,0.05
18285,8106,295,1,139.02,0.0
18286,8106,37,1,608.8,0.0
18287,8106,231,1,410.59,0.0
18288,8106,64,1,29.71,0.0
18289,8107,51,2,863.34,0.0
18290,8107,264,1,16.2,0.1
18291,8107,135,1,550.83,0.0
18292,8107,20,1,548.49,0.0
18293,8107,286,2,47.93,0.05
18294,8108,217,1,479.18,0.0
18295,8108,107,-1,963.92,0.0
18296,8109,240,1,555.47,0.0
18297,8109,164,1,446.58,0.15
18298,8110,287,2,754.14,0.0
18299,8110,133,1,479.79,0.05
18300,8110,35,1,425.48,0.0
18301,8111,3,1,978.72,0.1
18302,8112,184,1,278.4,0.15
18303,8112,213,1,111.83,0.0
18304,8113,16,1,245.66,0.0
18305,8114,132,1,299.38,0.0
18306,8114,224,1,23.12,0.05
18307,8114,300,1,133.29,0.0
18308,8115,255,2,249.2,0.1
18310,8115,211,1,943.9,0.05
18311,8116,142,1,717.32,0.05
18312,8116,171,2,14.73,0.0
18313,8117,170,1,723.66,0.0
18314,8117,163,1,598.68,0.0
18315,8117,252,3,274.43,0.1
18316,8118,292,1,425.68,0.1
18317,8118,14,1,90.93,0.0
18318,8119,137,1,316.92,0.0
18319,8119,141,1,251.45,0.1
18320,8119,208,1,260.07,0.1
18321,8120,142,1,717.32,0.1
18322,8120,138,1,54.35,0.0
18323,8120,257,1,8.4,0.0
18324,8120,122,1,607.34,0.0
18325,8121,200,1,533.81,0.0
18326,8121,96,1,682.77,0.05
18327,8121,241,2,306.12,0.2
18328,8122,121,1,183.38,0.1
18329,8122,144,2,299.76,0.05
18330,8122,145,1,61.15,0.05
18331,8122,158,1,282.03,0.1
18332,8123,213,1,111.83,0.0
18333,8123,90,2,219.22,0.0
18334,8124,167,3,39.88,0.15
18335,8124,26,2,259.69,0.0
18336,8125,289,3,635.36,0.05
18337,8125,237,1,335.88,0.15
18338,8125,52,1,12.48,0.0
18339,8126,44,1,6.81,0.0
18340,8126,39,1,412.64,0.05
18341,8126,230,1,829.69,0.0
18342,8127,210,1,177.09,0.0
18343,8127,197,1,538.79,0.0
18344,8127,244,1,263.25,0.0
18345,8128,108,1,378.75,0.0
18346,8129,123,1,840.94,0.2
18347,8130,50,1,240.1,0.2
18348,8130,165,1,605.76,0.0
18349,8130,116,1,862.37,0.0
18350,8131,277,1,437.32,0.05
18351,8132,160,1,150.1,0.0
18352,8132,256,1,537.93,0.1
18353,8132,1,1,433.54,0.0
18354,8132,53,1,192.38,0.05
18355,8133,152,2,910.86,0.0
18356,8134,269,2,603.81,0.0
18357,8134,287,1,754.14,0.1
18358,8134,57,1,510.39,0.1
18359,8134,104,1,957.31,0.05
18360,8135,249,1,682.27,0.0
18361,8136,72,1,286.08,0.1
18362,8136,114,2,23.97,0.0
18363,8137,169,-1,458.05,0.0
18364,8137,92,2,148.78,0.0
18365,8137,30,1,477.17,0.05
18366,8137,262,2,214.85,0.0
18367,8138,105,1,375.87,0.0
18368,8138,31,1,976.57,0.0
18369,8139,35,1,425.48,0.0
18370,8139,185,2,582.19,0.0
18371,8140,102,1,396.98,0.15
18372,8141,215,1,501.1,0.05
18373,8142,112,1,10.73,0.05
18374,8142,172,1,104.56,0.0
18375,8143,37,1,608.8,0.0
18376,8143,173,1,587.7,0.0
18377,8144,61,1,512.76,0.1
18378,8145,19,1,727.02,0.0
18379,8145,134,2,541.79,0.05
18380,8145,218,2,127.17,0.0
18381,8145,84,2,43.2,0.15
18382,8145,196,1,518.75,0.0
18383,8146,146,1,443.54,0.0
18384,8147,160,1,150.1,0.0
18385,8148,299,1,725.08,0.1
18386,8148,196,2,518.75,0.0
18387,8148,162,1,126.53,0.05
18388,8148,170,2,723.66,0.0
18389,8148,182,1,500.91,0.1
18390,8149,201,1,567.68,0.15
18391,8149,267,1,253.7,0.15
18392,8150,114,1,23.97,0.0
18393,8150,146,1,443.54,0.0
18394,8151,151,1,625.19,0.0
18395,8152,134,1,541.79,0.0
18396,8153,279,1,226.81,0.0
18397,8154,57,2,510.39,0.05
18398,8154,177,1,156.12,0.05
18399,8154,113,3,55.28,0.0
18400,8155,209,2,797.01,0.0
18401,8155,189,1,24.7,0.0
18402,8155,121,1,183.38,0.0
18403,8156,211,1,943.9,0.05
18404,8156,195,1,132.26,0.1
18405,8157,153,1,530.38,0.1
18406,8158,129,1,492.47,0.0
18407,8159,172,1,104.56,0.0
18408,8160,232,-1,71.83,0.0
18409,8160,148,1,304.48,0.15
18410,8161,13,1,152.16,0.1
18411,8161,237,2,335.88,0.0
18412,8161,197,1,538.79,0.1
18413,8162,75,1,299.66,0.05
18414,8162,168,1,649.6,0.1
18415,8163,276,1,341.21,0.0
18416,8163,15,1,536.46,0.0
18417,8163,98,1,71.96,0.05
18418,8163,105,2,375.87,0.0
18419,8164,255,3,249.2,0.15
18420,8165,129,1,492.47,0.15
18421,8166,263,3,222.36,0.05
18422,8167,185,1,582.19,0.0
18423,8167,202,1,514.85,0.0
18424,8167,129,1,492.47,0.0
18425,8167,209,1,797.01,0.05
18426,8168,14,1,90.93,0.0
18427,8168,61,1,512.76,0.0
18428,8168,127,1,111.4,0.15
18429,8169,102,1,396.98,0.0
18430,8169,21,3,614.24,0.0
18431,8169,202,1,514.85,0.0
18432,8170,95,1,711.68,0.0
18433,8171,43,3,97.72,0.0
18434,8171,44,1,6.81,0.1
18435,8172,152,1,910.86,0.15
18436,8172,19,2,727.02,0.1
18437,8173,167,1,39.88,0.05
18438,8173,167,1,39.88,0.0
18439,8174,37,1,608.8,0.2
18440,8174,91,3,369.86,0.0
18441,8174,266,2,110.99,0.2
18442,8174,208,1,260.07,0.0
18443,8175,91,1,369.86,0.0
18444,8175,125,1,584.13,0.15
18445,8175,6,1,531.19,0.05
18446,8175,280,1,121.8,0.0
18447,8175,1,1,433.54,0.15
18448,8176,237,1,335.88,0.0
18449,8176,62,1,244.7,0.0
18450,8176,90,1,219.22,0.1
18451,8177,2,1,807.37,0.15
18452,8177,96,1,682.77,0.0
18453,8177,115,1,251.88,0.0
18454,8177,119,3,519.85,0.15
18455,8178,15,3,536.46,0.0
18456,8178,295,2,139.02,0.05
18457,8179,158,1,282.03,0.0
18458,8180,18,1,35.67,0.0
18459,8181,185,1,582.19,0.1
18460,8182,239,1,517.8,0.05
18461,8183,232,1,71.83,0.05
18462,8184,249,1,682.27,0.0
18463,8184,202,3,514.85,0.05
18464,8184,20,1,548.49,0.15
18465,8184,255,1,249.2,0.0
18466,8185,162,1,126.53,0.0
18467,8185,25,2,282.92,0.2
18468,8186,196,1,518.75,0.0
18469,8187,111,1,227.31,0.05
18470,8188,258,1,626.09,0.0
18471,8189,258,1,626.09,0.0
18472,8190,67,2,355.8,0.0
18473,8191,142,3,717.32,0.0
18474,8192,299,1,725.08,0.0
18475,8193,138,1,54.35,0.05
18476,8193,264,1,16.2,0.0
18477,8193,273,1,560.24,0.0
18478,8193,65,1,460.75,0.1
18479,8194,241,1,306.12,0.0
18480,8195,288,1,515.26,0.0
18481,8196,114,1,23.97,0.05
18482,8197,215,1,501.1,0.0
18483,8197,2,1,807.37,0.0
18484,8198,207,1,518.71,0.0
18485,8199,125,1,584.13,0.05
18486,8199,69,1,274.11,0.15
18487,8200,72,1,286.08,0.0
18488,8200,222,1,264.61,0.0
18489,8201,274,1,528.78,0.05
18490,8201,89,1,247.06,0.0
18491,8202,218,1,127.17,0.2
18492,8202,28,1,749.19,0.0
18493,8203,142,1,717.32,0.2
18494,8204,269,1,603.81,0.0
18495,8204,48,1,231.62,0.0
18496,8204,51,1,863.34,0.0
18497,8204,122,3,607.34,0.05
18498,8204,72,1,286.08,0.0
18499,8205,247,1,708.26,0.1
18500,8206,173,1,587.7,0.05
18501,8206,104,1,957.31,0.0
18502,8206,219,1,211.99,0.0
18503,8206,80,1,166.05,0.0
18504,8206,179,1,478.65,0.05
18505,8207,251,1,439.11,0.0
18506,8207,142,1,717.32,0.0
18507,8207,111,1,227.31,0.0
18508,8207,33,1,217.73,0.0
18509,8208,160,2,150.1,0.0
18510,8208,31,1,976.57,0.0
18511,8208,187,3,127.57,0.0
18512,8208,183,1,942.96,0.0
18513,8209,225,3,939.11,0.1
18514,8209,240,2,555.47,0.05
18515,8209,125,2,584.13,0.05
18516,8210,47,2,513.39,0.0
18517,8210,85,1,530.7,0.0
18518,8211,100,1,283.25,0.1
18519,8212,136,-1,974.39,0.15
18520,8212,248,1,75.61,0.05
18521,8212,51,2,863.34,0.05
18522,8213,98,1,71.96,0.0
18523,8213,26,1,259.69,0.0
18524,8213,182,3,500.91,0.2
18525,8213,76,1,938.11,0.0
18526,8214,23,1,235.35,0.05
18527,8215,153,1,530.38,0.2
18528,8215,248,1,75.61,0.0
18529,8215,52,2,12.48,0.0
18530,8215,127,1,111.4,0.15
18531,8215,281,2,146.98,0.0
18532,8216,186,-1,290.81,0.2
18533,8216,204,2,578.66,0.0
18534,8217,194,1,222.76,0.0
18535,8218,226,2,211.98,0.0
18536,8218,23,1,235.35,0.0
18537,8218,249,1,682.27,0.2
18538,8218,181,1,37.18,0.0
18539,8218,101,-1,488.42,0.0
18540,8219,181,1,37.18,0.0
18541,8219,230,1,829.69,0.1
18542,8219,17,1,953.82,0.05
18543,8220,65,2,460.75,0.05
18544,8220,21,1,614.24,0.05
18545,8221,253,1,621.95,0.15
18546,8221,135,1,550.83,0.05
18547,8221,246,2,574.84,0.0
18548,8222,173,3,587.7,0.0
18549,8222,193,1,351.11,0.0
18550,8223,161,1,68.77,0.05
18551,8223,131,1,797.13,0.0
18552,8223,145,1,61.15,0.0
18553,8224,120,1,146.96,0.0
18554,8225,186,1,290.81,0.0
18555,8225,181,1,37.18,0.05
18556,8225,174,1,864.84,0.15
18557,8226,88,1,275.21,0.0
18558,8227,78,1,213.82,0.0
18559,8228,49,-1,850.7,0.0
18560,8228,17,1,953.82,0.0
18561,8228,78,2,213.82,0.2
18562,8228,281,3,146.98,0.1
18563,8228,45,1,511.39,0.1
18564,8229,11,1,216.27,0.0
18565,8229,27,1,686.85,0.0
18566,8230,190,2,707.42,0.0
18567,8230,15,1,536.46,0.0
18568,8230,68,2,133.13,0.0
18569,8231,25,1,282.92,0.05
18570,8231,34,1,399.8,0.1
18571,8231,93,2,98.57,0.0
18572,8232,295,1,139.02,0.15
18573,8232,155,1,607.36,0.15
18574,8232,60,1,148.68,0.0
18575,8233,199,1,51.0,0.0
18576,8234,86,1,443.6,0.0
18577,8234,118,1,611.17,0.0
18578,8234,286,1,47.93,0.0
18579,8235,269,1,603.81,0.1
18580,8235,113,1,55.28,0.2
18581,8235,98,-1,71.96,0.0
18582,8235,193,1,351.11,0.0
18583,8235,249,-1,682.27,0.1
18584,8236,276,2,341.21,0.0
18585,8237,45,1,511.39,0.05
18586,8237,8,2,295.82,0.0
18587,8237,259,2,533.22,0.1
18588,8237,93,1,98.57,0.0
18589,8238,116,1,862.37,0.0
18590,8238,135,2,550.83,0.0
18591,8239,182,2,500.91,0.0
18592,8239,291,1,19.78,0.1
18593,8239,253,2,621.95,0.0
18594,8239,195,1,132.26,0.1
18595,8240,248,1,75.61,0.15
18596,8241,93,1,98.57,0.2
18597,8242,113,1,55.28,0.0
18598,8242,72,1,286.08,0.05
18599,8242,40,1,171.89,0.0
18600,8242,69,1,274.11,0.0
18601,8242,36,2,749.87,0.0
18602,8243,134,1,541.79,0.2
18603,8243,31,1,976.57,0.2
18604,8243,203,2,431.09,0.05
18605,8243,121,-1,183.38,0.05
18606,8244,161,1,68.77,0.0
18607,8244,248,3,75.61,0.0
18608,8245,107,1,963.92,0.0
18609,8246,112,1,10.73,0.0
18610,8246,267,1,253.7,0.0
18611,8247,235,1,370.09,0.2
18612,8247,23,1,235.35,0.0
18613,8247,279,1,226.81,0.0
18614,8247,193,1,351.11,0.0
18615,8248,185,2,582.19,0.0
18616,8249,98,1,71.96,0.15
18617,8250,36,1,749.87,0.0
18618,8250,132,1,299.38,0.0
18619,8250,30,3,477.17,0.1
18620,8250,34,1,399.8,0.05
18621,8251,215,1,501.1,0.1
18622,8251,265,3,839.64,0.1
18624,8252,106,1,150.04,0.0
18625,8253,122,2,607.34,0.05
18626,8254,181,3,37.18,0.0
18627,8254,160,1,150.1,0.1
18628,8254,152,1,910.86,0.0
18629,8255,60,1,148.68,0.05
18630,8255,289,1,635.36,0.1
18631,8255,72,3,286.08,0.0
18632,8256,272,1,5.69,0.0
18633,8257,63,1,430.39,0.0
18634,8258,175,1,600.57,0.1
18635,8258,290,1,908.96,0.0
18636,8259,29,1,103.82,0.15
18637,8259,172,2,104.56,0.0
18638,8259,6,1,531.19,0.0
18639,8260,271,1,756.22,0.0
18640,8260,38,1,364.99,0.0
18641,8260,283,2,680.49,0.0
18642,8261,63,1,430.39,0.15
18643,8262,211,1,943.9,0.0
18644,8262,52,1,12.48,0.1
18645,8263,27,2,686.85,0.05
18646,8263,112,1,10.73,0.1
18647,8263,145,-1,61.15,0.0
18648,8264,146,1,443.54,0.05
18649,8264,171,1,14.73,0.0
18650,8264,220,2,475.38,0.15
18651,8265,178,1,563.12,0.1
18652,8265,40,1,171.89,0.0
18653,8265,52,2,12.48,0.0
18654,8266,207,1,518.71,0.0
18655,8267,228,1,162.75,0.0
18658,8268,160,1,150.1,0.0
18659,8268,108,1,378.75,0.0
18660,8268,100,1,283.25,0.1
18661,8268,255,1,249.2,0.0
18662,8269,284,3,228.9,0.0
18663,8269,168,1,649.6,0.1
18664,8269,161,1,68.77,0.0
18665,8269,243,1,746.93,0.0
18666,8269,170,1,723.66,0.0
18667,8270,281,2,146.98,0.0
18668,8270,11,2,216.27,0.0
18669,8270,153,1,530.38,0.05
18670,8271,290,1,908.96,0.0
18671,8271,295,1,139.02,0.0
18672,8271,117,1,567.69,0.15
18673,8271,178,1,563.12,0.2
18674,8272,92,1,148.78,0.0
18675,8272,248,1,75.61,0.1
18676,8273,27,1,686.85,0.0
18677,8274,236,1,55.21,0.0
18678,8275,226,1,211.98,0.0
18679,8275,75,1,299.66,0.1
18680,8276,245,1,1160.3575,0.15
18681,8276,185,1,582.19,0.0
18682,8277,248,2,75.61,0.1
18683,8277,273,1,560.24,0.0
18684,8277,164,1,446.58,0.0
18685,8278,207,1,518.71,0.2
18686,8279,65,1,460.75,0.0
18687,8280,228,1,162.75,0.1
18688,8281,260,1,619.66,0.0
18689,8281,205,2,367.74,0.0
18690,8281,153,1,530.38,0.0
18691,8281,175,2,600.57,0.15
18692,8282,228,1,162.75,0.0
18693,8282,40,1,171.89,0.15
18694,8282,191,1,457.7,0.2
18695,8283,46,1,397.56,0.0
18696,8284,244,1,263.25,0.0
18697,8284,73,1,346.78,0.1
18698,8284,51,1,863.34,0.1
18699,8285,9,1,66.57,0.0
18700,8285,237,1,335.88,0.0
18701,8286,287,1,754.14,0.05
18702,8286,94,1,514.73,0.05
18703,8286,292,1,425.68,0.1
18704,8286,183,1,942.96,0.0
18705,8286,238,1,192.17,0.1
18706,8287,112,1,10.73,0.0
18707,8288,297,1,89.43,0.0
18708,8288,25,2,282.92,0.1
18709,8288,28,1,749.19,0.0
18710,8288,115,1,251.88,0.0
18711,8289,121,1,183.38,0.1
18712,8290,274,1,528.78,0.0
18713,8290,119,1,519.85,0.05
18714,8291,82,1,235.49,0.05
18715,8291,199,1,51.0,0.0
18716,8292,242,1,166.1,0.2
18717,8293,234,1,486.72,0.05
18718,8293,186,1,290.81,0.0
18719,8293,269,1,603.81,0.0
18720,8293,218,1,127.17,0.1
18721,8294,238,2,192.17,0.0
18722,8295,170,1,723.66,0.0
18723,8295,289,1,635.36,0.0
18724,8296,251,-1,439.11,0.0
18725,8296,253,1,621.95,0.0
18726,8297,23,-1,235.35,0.0
18727,8297,114,1,23.97,0.0
18728,8298,289,1,635.36,0.0
18729,8299,50,1,240.1,0.15
18730,8299,17,1,953.82,0.0
18731,8299,128,3,686.4,0.0
18732,8299,129,1,492.47,0.05
18733,8300,151,1,625.19,0.0
18734,8300,114,1,23.97,0.0
18735,8300,181,1,37.18,0.05
18736,8300,215,1,501.1,0.05
18738,8301,33,1,217.73,0.0
18739,8302,234,2,486.72,0.2
18740,8302,190,2,707.42,0.1
18741,8303,22,1,205.71,0.0
18742,8304,85,1,530.7,0.05
18743,8304,29,1,103.82,0.1
18744,8304,81,2,779.01,0.0
18745,8305,23,3,235.35,0.0
18746,8305,177,1,156.12,0.05
18747,8305,290,2,908.96,0.0
18748,8305,122,1,607.34,0.0
18749,8306,269,2,603.81,0.0
18750,8307,176,-1,199.39,0.05
18751,8308,233,1,82.49,0.0
18752,8309,38,1,364.99,0.15
18753,8310,186,2,290.81,0.1
18754,8310,260,1,619.66,0.0
18755,8310,34,1,399.8,0.0
18756,8310,112,1,10.73,0.15
18757,8311,1,1,433.54,0.0
18758,8311,271,1,756.22,0.05
18759,8311,9,1,66.57,0.1
18760,8311,84,1,43.2,0.0
18761,8312,189,1,24.7,0.1
18762,8313,39,1,412.64,0.0
18763,8313,88,1,275.21,0.0
18764,8313,136,2,974.39,0.0
18765,8313,266,1,110.99,0.15
18766,8313,60,1,148.68,0.1
18767,8314,169,1,458.05,0.2
18768,8315,159,3,818.3,0.0
18769,8315,218,2,127.17,0.15
18770,8316,238,1,192.17,0.0
18771,8317,80,1,166.05,0.1
18772,8317,125,3,584.13,0.05
18773,8318,166,1,278.38,0.15
18774,8318,42,2,328.75,0.0
18775,8318,20,1,548.49,0.0
18776,8319,251,1,439.11,0.0
18777,8319,291,1,19.78,0.0
18778,8319,215,1,501.1,0.0
18779,8320,216,2,492.92,0.0
18780,8320,224,1,23.12,0.0
18781,8321,296,1,361.73,0.0
18782,8322,75,1,299.66,0.0
18783,8322,129,1,492.47,0.0
18784,8323,209,2,797.01,0.0
18785,8323,163,1,598.68,0.0
18786,8324,42,3,328.75,0.05
18787,8324,126,3,240.49,0.15
18788,8325,103,1,456.96,0.0
18789,8326,28,3,749.19,0.15
18790,8326,182,1,500.91,0.05
18791,8327,118,1,611.17,0.1
18792,8327,79,2,308.93,0.0
18793,8327,274,1,528.78,0.05
18794,8328,239,1,517.8,0.05
18795,8328,298,1,238.39,0.0
18796,8328,250,1,1160.3575,0.0
18797,8329,190,1,707.42,0.0
18798,8329,132,1,299.38,0.0
18799,8329,155,1,607.36,0.15
18800,8330,246,1,574.84,0.0
18801,8330,196,1,518.75,0.0
18802,8331,49,1,850.7,0.0
18803,8332,69,1,274.11,0.05
18804,8333,264,1,16.2,0.0
18805,8333,206,1,612.54,0.0
18806,8334,178,1,563.12,0.05
18807,8334,163,1,598.68,0.0
18808,8335,240,2,555.47,0.0
18809,8335,1,1,433.54,0.0
18810,8335,256,1,537.93,0.0
18811,8335,249,1,682.27,0.0
18812,8335,159,1,818.3,0.0
18813,8336,128,1,686.4,0.0
18814,8336,144,1,299.76,0.0
18815,8336,78,2,213.82,0.0
18816,8336,32,1,338.4,0.0
18817,8337,95,1,711.68,0.0
18818,8337,121,1,183.38,0.0
18819,8337,214,1,304.46,0.0
18820,8338,7,2,357.42,0.0
18821,8339,66,1,447.18,0.1
18822,8340,263,1,222.36,0.05
18823,8340,18,1,35.67,0.05
18824,8341,203,2,431.09,0.0
18825,8341,251,1,439.11,0.05
18826,8342,230,1,829.69,0.0
18827,8342,79,2,308.93,0.0
18828,8343,138,1,54.35,0.1
18829,8343,36,1,749.87,0.0
18830,8344,119,1,519.85,0.0
18831,8344,185,1,582.19,0.15
18832,8345,224,1,23.12,0.1
18833,8346,189,1,24.7,0.0
18834,8346,171,1,14.73,0.0
18835,8346,165,1,605.76,0.0
18836,8346,178,2,563.12,0.1
18837,8347,216,1,492.92,0.05
18838,8348,7,1,357.42,0.0
18839,8348,6,2,531.19,0.0
18840,8349,134,1,541.79,0.1
18841,8349,9,2,66.57,0.05
18842,8349,64,1,29.71,0.0
18843,8350,126,1,240.49,0.0
18844,8350,182,1,500.91,0.0
18846,8350,276,1,341.21,0.0
18847,8350,212,1,445.65,0.1
18848,8350,21,3,614.24,0.05
18849,8351,26,1,259.69,0.0
18850,8352,293,1,709.48,0.2
18851,8352,234,1,486.72,0.1
18852,8352,236,1,55.21,0.15
18853,8353,62,1,244.7,0.1
18854,8353,127,1,111.4,0.0
18855,8353,181,1,37.18,0.1
18856,8353,294,1,141.94,0.0
18857,8354,75,2,299.66,0.15
18858,8355,151,2,625.19,0.0
18859,8355,180,1,843.45,0.2
18860,8355,259,1,533.22,0.0
18861,8355,208,2,260.07,0.0
18862,8356,40,2,171.89,0.0
18863,8357,283,1,680.49,0.0
18864,8357,164,1,446.58,0.0
18865,8357,115,1,251.88,0.0
18866,8357,220,1,475.38,0.05
18867,8357,201,3,567.68,0.1
18868,8358,213,1,111.83,0.0
18869,8358,42,1,328.75,0.0
18870,8359,122,1,607.34,0.1
18871,8360,25,1,282.92,0.0
18872,8360,297,1,89.43,0.15
18873,8361,261,1,429.63,0.0
18874,8361,250,1,1160.3575,0.0
18875,8361,204,1,578.66,0.0
18876,8362,273,1,560.24,0.05
18877,8362,176,2,199.39,0.15
18878,8362,73,2,346.78,0.0
18879,8363,203,1,431.09,0.0
18880,8363,276,3,341.21,0.1
18881,8363,105,1,375.87,0.15
18882,8364,125,1,584.13,0.0
18883,8364,276,2,341.21,0.0
18884,8365,148,1,304.48,0.0
18885,8366,107,1,963.92,0.0
18886,8366,82,1,235.49,0.05
18887,8366,170,1,723.66,0.0
18888,8366,182,1,500.91,0.0
18889,8367,80,1,166.05,0.2
18890,8367,232,1,71.83,0.0
18891,8368,10,1,309.24,0.05
18892,8369,189,1,24.7,0.0
18893,8369,117,1,567.69,0.05
18894,8370,259,1,533.22,0.05
18895,8370,214,1,304.46,0.2
18896,8371,226,1,211.98,0.0
18897,8371,132,1,299.38,0.0
18898,8371,104,1,957.31,0.0
18899,8371,117,1,567.69,0.0
18900,8372,93,1,98.57,0.0
18901,8372,129,1,492.47,0.0
18902,8372,29,1,103.82,0.0
18903,8373,58,1,87.55,0.2
18904,8373,165,1,605.76,0.0
18905,8373,4,1,17.97,0.0
18906,8374,8,1,295.82,0.0
18907,8374,75,2,299.66,0.2
18908,8374,16,1,245.66,0.05
18909,8374,48,3,231.62,0.0
18910,8374,80,1,166.05,0.0
18911,8375,83,1,243.1,0.0
18912,8376,155,1,607.36,0.2
18913,8376,281,1,146.98,0.0
18914,8376,126,2,240.49,0.0
18915,8377,57,1,510.39,0.0
18916,8378,91,1,369.86,0.05
18917,8379,62,1,244.7,0.0
18918,8380,58,2,87.55,0.0
18919,8380,170,-1,723.66,0.0
18920,8381,165,1,605.76,0.05
18921,8382,15,1,536.46,0.0
18922,8383,17,1,953.82,0.05
18923,8384,282,1,280.61,0.0
18924,8385,32,-1,338.4,0.0
18925,8386,149,1,382.77,0.0
18926,8387,83,1,243.1,0.1
18927,8388,184,1,278.4,0.0
18928,8388,187,1,127.57,0.15
18929,8389,78,1,213.82,0.0
18931,8390,275,3,82.62,0.0
18932,8391,74,1,171.2,0.15
18933,8392,212,1,445.65,0.0
18934,8392,6,1,531.19,0.05
18935,8393,41,1,376.48,0.0
18936,8393,250,1,1160.3575,0.0
18937,8393,107,1,963.92,0.0
18938,8393,286,1,47.93,0.05
18939,8393,67,1,355.8,0.0
18940,8394,53,1,192.38,0.15
18941,8394,215,1,501.1,0.0
18942,8394,278,1,402.71,0.05
18943,8394,98,1,71.96,0.15
18944,8394,34,2,399.8,0.0
18945,8395,251,3,439.11,0.0
18946,8395,284,1,228.9,0.0
18947,8395,208,1,260.07,0.0
18948,8395,287,1,754.14,0.1
18949,8396,90,1,219.22,0.0
18950,8396,159,1,818.3,0.05
18951,8397,122,1,607.34,0.0
18952,8397,273,1,560.24,0.0
18953,8397,168,1,649.6,0.0
18954,8398,105,2,375.87,0.1
18955,8399,23,1,235.35,0.1
18956,8399,51,1,863.34,0.05
18957,8399,206,1,612.54,0.05
18958,8400,136,1,974.39,0.0
18960,8400,203,1,431.09,0.0
18961,8400,259,1,533.22,0.0
18962,8401,205,1,367.74,0.0
18963,8402,269,1,603.81,0.0
18964,8403,242,1,166.1,0.05
18965,8403,181,1,37.18,0.05
18966,8403,74,2,171.2,0.0
18967,8403,86,1,443.6,0.05
18968,8403,265,1,839.64,0.0
18969,8404,112,1,10.73,0.0
18970,8404,246,1,574.84,0.0
18971,8404,120,1,146.96,0.05
18972,8405,21,2,614.24,0.0
18973,8405,78,1,213.82,0.1
18974,8406,71,1,362.18,0.0
18975,8406,260,1,619.66,0.1
18976,8407,245,1,1160.3575,0.0
18977,8408,192,1,697.79,0.05
18978,8408,124,1,640.23,0.05
18979,8408,112,1,10.73,0.0
18981,8409,158,2,282.03,0.2
18982,8409,143,1,421.93,0.1
18983,8409,108,1,378.75,0.15
18984,8410,148,1,304.48,0.0
18985,8410,133,1,479.79,0.0
18986,8410,89,2,247.06,0.05
18987,8411,175,1,600.57,0.0
18988,8411,245,1,1160.3575,0.0
18989,8412,112,1,10.73,0.0
18990,8412,239,1,517.8,0.0
18991,8413,92,2,148.78,0.15
18992,8413,224,1,23.12,0.05
18993,8414,48,2,231.62,0.0
18994,8414,45,-1,511.39,0.0
18995,8415,58,1,87.55,0.2
18996,8415,189,1,24.7,0.0
18997,8415,5,1,503.34,0.0
18998,8415,285,2,667.54,0.0
18999,8415,39,-1,412.64,0.0
19000,8416,281,1,146.98,0.0
19001,8416,120,2,146.96,0.0
19002,8416,5,1,503.34,0.0
19003,8416,18,2,35.67,0.0
19004,8416,209,1,797.01,0.0
19005,8417,168,1,649.6,0.0
19006,8417,265,1,839.64,0.0
19007,8417,8,1,295.82,0.0
19008,8418,28,1,749.19,0.0
19009,8418,286,1,47.93,0.0
19010,8419,283,1,680.49,0.0
19011,8419,225,3,939.11,0.05
19012,8419,146,2,443.54,0.1
19013,8419,163,1,598.68,0.1
19014,8419,124,1,640.23,0.0
19015,8420,267,1,253.7,0.0
19016,8420,132,1,299.38,0.0
19017,8421,58,2,87.55,0.0
19018,8422,257,2,8.4,0.0
19019,8422,199,1,51.0,0.1
19020,8423,36,2,749.87,0.0
19021,8423,65,1,460.75,0.05
19022,8423,96,1,682.77,0.15
19023,8424,252,1,274.43,0.0
19024,8424,204,1,578.66,0.05
19025,8425,236,-1,55.21,0.0
19026,8425,84,1,43.2,0.0
19027,8426,286,1,47.93,0.0
19028,8426,212,2,445.65,0.1
19029,8426,196,1,518.75,0.0
19030,8427,124,1,640.23,0.2
19031,8428,196,1,518.75,0.0
19032,8428,102,1,396.98,0.0
19033,8428,174,-1,864.84,0.0
19034,8428,61,3,512.76,0.05
19035,8429,215,1,501.1,0.0
19036,8429,252,1,274.43,0.0
19037,8429,218,1,127.17,0.1
19038,8430,28,2,749.19,0.0
19039,8430,179,1,478.65,0.0
19040,8431,299,1,725.08,0.0
19041,8431,260,3,619.66,0.15
19042,8431,267,3,253.7,0.0
19043,8432,67,1,355.8,0.2
19044,8433,252,-1,274.43,0.0
19045,8433,29,1,103.82,0.0
19046,8433,103,1,456.96,0.1
19047,8433,33,1,217.73,0.05
19048,8434,180,1,843.45,0.15
19049,8435,229,1,690.53,0.0
19050,8435,272,3,5.69,0.0
19051,8435,173,1,587.7,0.0
19052,8435,221,1,704.75,0.15
19053,8435,35,1,425.48,0.0
19054,8436,137,1,316.92,0.15
19055,8436,161,1,68.77,0.0
19056,8436,256,2,537.93,0.0
19057,8436,282,1,280.61,0.0
19058,8437,264,1,16.2,0.0
19059,8437,37,1,608.8,0.05
19060,8437,168,1,649.6,0.0
19062,8438,42,1,328.75,0.2
19063,8439,246,2,574.84,0.05
19064,8440,1,1,433.54,0.05
19065,8441,130,1,454.11,0.0
19066,8442,289,1,635.36,0.05
19067,8442,203,1,431.09,0.0
19068,8443,117,1,567.69,0.1
19069,8443,145,1,61.15,0.0
19070,8444,48,3,231.62,0.0
19071,8444,291,1,19.78,0.0
19072,8445,119,1,519.85,0.15
19073,8445,15,1,536.46,0.0
19074,8445,132,1,299.38,0.05
19075,8445,197,1,538.79,0.0
19076,8446,283,1,680.49,0.15
19077,8446,183,3,942.96,0.0
19078,8446,120,2,146.96,0.0
19079,8446,269,1,603.81,0.0
19080,8446,268,1,23.79,0.0
19081,8447,204,1,578.66,0.0
19082,8447,286,1,47.93,0.0
19083,8447,241,1,306.12,0.1
19084,8447,42,1,328.75,0.2
19085,8448,259,1,533.22,0.0
19086,8448,221,1,704.75,0.0
19087,8449,275,1,82.62,0.05
19088,8450,155,-1,607.36,0.0
19089,8450,212,1,445.65,0.2
19090,8451,30,2,477.17,0.1
19091,8452,272,1,5.69,0.05
19092,8453,250,1,1160.3575,0.15
19093,8454,146,-1,443.54,0.15
19094,8454,135,1,550.83,0.0
19095,8454,150,1,182.12,0.05
19096,8454,49,2,850.7,0.15
19097,8454,143,1,421.93,0.0
19098,8455,192,1,697.79,0.2
19099,8455,104,1,957.31,0.0
19100,8456,33,1,217.73,0.1
19101,8456,131,1,797.13,0.0
19102,8456,14,1,90.93,0.15
19103,8457,146,1,443.54,0.1
19104,8457,286,1,47.93,0.0
19105,8457,110,1,52.92,0.1
19106,8458,256,1,537.93,0.0
19107,8459,277,1,437.32,0.0
19108,8459,214,1,304.46,0.0
19109,8460,289,3,635.36,0.05
19110,8461,120,1,146.96,0.0
19111,8461,252,1,274.43,0.0
19112,8462,58,1,87.55,0.2
19113,8462,12,1,156.75,0.0
19114,8462,176,1,199.39,0.0
19115,8463,16,2,245.66,0.1
19116,8463,196,1,518.75,0.0
19117,8463,176,1,199.39,0.0
19118,8463,110,1,52.92,0.0
19119,8463,50,2,240.1,0.0
19120,8464,223,2,57.85,0.05
19121,8465,188,-1,550.0,0.15
19122,8465,232,1,71.83,0.2
19123,8465,177,1,156.12,0.0
19124,8465,204,1,578.66,0.0
19125,8465,15,1,536.46,0.0
19126,8466,282,2,280.61,0.0
19127,8466,284,1,228.9,0.0
19128,8467,176,3,199.39,0.2
19129,8467,139,1,835.42,0.0
19130,8468,97,1,628.48,0.0
19131,8469,211,1,943.9,0.0
19132,8469,26,1,259.69,0.0
19133,8469,158,2,282.03,0.05
19134,8470,108,1,378.75,0.1
19135,8470,58,1,87.55,0.05
19136,8471,158,1,282.03,0.0
19137,8471,123,1,840.94,0.05
19138,8471,141,1,251.45,0.0
19139,8472,106,-1,150.04,0.0
19140,8473,299,3,725.08,0.0
19141,8473,8,1,295.82,0.1
19142,8474,263,1,222.36,0.1
19143,8474,147,3,517.03,0.05
19144,8475,61,1,512.76,0.0
19145,8475,81,1,779.01,0.1
19146,8476,226,1,211.98,0.0
19147,8476,43,2,97.72,0.15
19148,8476,197,2,538.79,0.15
19149,8477,81,1,779.01,0.05
19150,8478,199,2,51.0,0.0
19151,8478,148,1,304.48,0.0
19152,8478,90,1,219.22,0.0
19153,8478,266,1,110.99,0.0
19154,8478,161,2,68.77,0.0
19155,8479,216,2,492.92,0.1
19156,8480,71,1,362.18,0.0
19157,8480,226,1,211.98,0.0
19158,8480,77,3,103.53,0.2
19159,8480,49,1,850.7,0.0
19161,8481,70,1,402.01,0.05
19162,8481,148,1,304.48,0.15
19163,8482,218,-1,127.17,0.0
19164,8482,241,3,306.12,0.0
19165,8482,263,2,222.36,0.2
19166,8482,127,1,111.4,0.0
19167,8483,224,1,23.12,0.1
19168,8484,204,1,578.66,0.0
19169,8484,299,1,725.08,0.1
19170,8484,95,1,711.68,0.0
19171,8485,50,1,240.1,0.0
19172,8485,123,1,840.94,0.1
19173,8485,114,1,23.97,0.1
19174,8486,91,3,369.86,0.0
19175,8487,278,3,402.71,0.0
19176,8488,107,1,963.92,0.0
19177,8488,132,1,299.38,0.0
19178,8488,138,2,54.35,0.0
19179,8489,246,1,574.84,0.0
19180,8489,253,1,621.95,0.05
19181,8489,227,1,192.19,0.0
19182,8490,162,1,126.53,0.0
19183,8490,169,1,458.05,0.1
19184,8490,88,1,275.21,0.0
19185,8490,296,1,361.73,0.0
19186,8490,266,1,110.99,0.0
19187,8491,53,1,192.38,0.2
19188,8491,291,1,19.78,0.15
19189,8491,169,1,458.05,0.0
19190,8491,217,1,479.18,0.15
19191,8492,266,1,110.99,0.0
19192,8492,179,1,478.65,0.0
19193,8493,193,1,351.11,0.0
19195,8493,128,1,686.4,0.0
19196,8494,76,1,938.11,0.0
19197,8495,210,1,177.09,0.0
19198,8495,142,1,717.32,0.0
19199,8496,294,1,141.94,0.15
19200,8496,210,1,177.09,0.0
19201,8496,32,3,338.4,0.0
19202,8497,183,2,942.96,0.1
19203,8497,145,1,61.15,0.15
19204,8498,151,1,625.19,0.05
19205,8498,19,2,727.02,0.1
19206,8499,138,-1,54.35,0.0
19207,8499,147,1,517.03,0.0
19208,8499,16,1,245.66,0.1
19209,8500,223,1,57.85,0.05
19210,8500,108,1,378.75,0.0
19211,8501,62,1,244.7,0.0
19212,8501,208,1,260.07,0.0
19213,8502,85,1,530.7,0.0
19214,8502,94,1,514.73,0.1
19215,8503,94,1,514.73,0.0
19216,8503,91,1,369.86,0.05
19217,8504,204,1,578.66,0.0
19218,8504,183,1,942.96,0.1
19219,8504,299,1,725.08,0.05
19220,8504,290,1,908.96,0.0
19221,8505,108,1,378.75,0.0
19222,8505,297,1,89.43,0.0
19223,8505,84,1,43.2,0.0
19224,8505,7,2,357.42,0.0
19225,8506,190,1,707.42,0.0
19226,8506,200,1,533.81,0.0
19227,8506,263,2,222.36,0.0
19228,8507,211,1,943.9,0.1
19229,8507,115,2,251.88,0.05
19230,8507,110,1,52.92,0.0
19231,8507,104,3,957.31,0.0
19232,8508,140,1,500.02,0.0
19233,8509,6,1,531.19,0.1
19234,8510,248,3,75.61,0.0
19235,8510,258,1,626.09,0.0
19236,8511,59,2,287.12,0.0
19237,8511,71,2,362.18,0.0
19238,8511,215,1,501.1,0.0
19239,8512,35,1,425.48,0.0
19240,8512,75,1,299.66,0.0
19241,8513,216,1,492.92,0.0
19242,8513,259,1,533.22,0.0
19243,8514,43,1,97.72,0.0
19244,8514,62,1,244.7,0.2
19245,8514,207,1,518.71,0.0
19246,8514,261,1,429.63,0.0
19247,8514,45,2,511.39,0.2
19248,8515,269,1,603.81,0.0
19249,8515,163,1,598.68,0.1
19250,8515,115,1,251.88,0.1
19251,8516,187,1,127.57,0.15
19252,8517,77,1,103.53,0.0
19253,8517,238,1,192.17,0.0
19254,8517,25,1,282.92,0.15
19255,8518,49,1,850.7,0.15
19256,8519,17,1,953.82,0.0
19257,8519,205,1,367.74,0.0
19258,8520,48,2,231.62,0.15
19259,8521,65,1,460.75,0.0
19261,8521,40,1,171.89,0.0
19262,8521,263,1,222.36,0.0
19263,8521,25,1,282.92,0.15
19264,8522,243,2,746.93,0.0
19265,8522,255,1,249.2,0.1
19266,8523,35,3,425.48,0.15
19267,8523,103,2,456.96,0.1
19268,8524,263,1,222.36,0.05
19269,8525,85,1,530.7,0.0
19270,8526,8,1,295.82,0.0
19271,8526,93,-1,98.57,0.0
19272,8527,145,1,61.15,0.0
19273,8528,54,1,679.71,0.0
19274,8528,182,1,500.91,0.0
19275,8529,271,1,756.22,0.05
19276,8530,225,1,939.11,0.05
19277,8530,241,1,306.12,0.0
19278,8531,24,1,696.97,0.0
19279,8531,220,1,475.38,0.0
19280,8532,258,1,626.09,0.15
19281,8532,37,1,608.8,0.0
19282,8533,220,1,475.38,0.05
19283,8533,90,2,219.22,0.0
19284,8534,123,1,840.94,0.0
19285,8534,105,1,375.87,0.1
19286,8535,278,1,402.71,0.05
19287,8536,202,1,514.85,0.2
19288,8536,162,1,126.53,0.0
19289,8536,279,1,226.81,0.15
19290,8537,132,1,299.38,0.0
19291,8537,145,1,61.15,0.0
19292,8538,67,1,355.8,0.0
19293,8539,199,3,51.0,0.0
19294,8540,259,1,533.22,0.1
19295,8540,193,1,351.11,0.0
19296,8541,22,1,205.71,0.1
19297,8541,198,1,266.02,0.1
19298,8542,254,1,286.86,0.1
19299,8542,186,1,290.81,0.0
19300,8543,27,2,686.85,0.0
19301,8543,173,1,587.7,0.0
19302,8543,44,1,6.81,0.0
19303,8543,137,1,316.92,0.0
19304,8543,32,1,338.4,0.0
19305,8544,18,1,35.67,0.0
19306,8544,224,1,23.12,0.0
19307,8544,193,1,351.11,0.0
19308,8544,272,1,5.69,0.0
19309,8544,146,3,443.54,0.0
19310,8545,222,1,264.61,0.05
19311,8545,151,1,625.19,0.2
19312,8546,276,2,341.21,0.15
19313,8546,286,1,47.93,0.0
19314,8546,123,1,840.94,0.0
19315,8547,80,1,166.05,0.0
19316,8547,135,2,550.83,0.0
19317,8547,226,1,211.98,0.05
19318,8548,197,1,538.79,0.1
19319,8548,28,1,749.19,0.0
19320,8549,83,2,243.1,0.1
19321,8549,210,1,177.09,0.0
19322,8550,51,3,863.34,0.2
19323,8551,142,1,717.32,0.15
19324,8552,83,1,243.1,0.0
19325,8553,41,1,376.48,0.05
19326,8553,120,1,146.96,0.0
19327,8554,91,1,369.86,0.0
19328,8555,249,1,682.27,0.05
19329,8555,83,1,243.1,0.0
19330,8555,8,1,295.82,0.0
19331,8556,123,1,840.94,0.0
19332,8556,113,1,55.28,0.0
19333,8556,275,1,82.62,0.0
19334,8556,237,1,335.88,0.0
19335,8557,11,1,216.27,0.0
19336,8557,286,1,47.93,0.15
19337,8557,28,1,749.19,0.0
19338,8557,267,1,253.7,0.2
19339,8558,51,1,863.34,0.0
19340,8558,230,1,829.69,0.0
19341,8558,211,1,943.9,0.0
19343,8558,273,3,560.24,0.0
19344,8559,70,1,402.01,0.1
19345,8559,109,1,59.23,0.0
19346,8559,87,1,564.0,0.05
19347,8559,58,2,87.55,0.0
19348,8559,14,1,90.93,0.0
19349,8560,235,1,370.09,0.0
19350,8561,98,1,71.96,0.0
19351,8562,31,1,976.57,0.15
19352,8562,296,1,361.73,0.0
19353,8562,155,1,607.36,0.0
19354,8563,91,3,369.86,0.05
19355,8563,133,2,479.79,0.0
19356,8564,213,1,111.83,0.0
19357,8565,168,1,649.6,0.05
19358,8565,244,2,263.25,0.0
19359,8566,73,-1,346.78,0.0
19360,8566,116,1,862.37,0.2
19361,8566,23,1,235.35,0.0
19362,8567,208,1,260.07,0.05
19363,8567,161,2,68.77,0.0
19364,8567,232,1,71.83,0.0
19365,8568,23,1,235.35,0.0
19366,8569,289,1,635.36,0.0
19367,8569,102,2,396.98,0.0
19368,8569,73,1,346.78,0.2
19369,8570,37,1,608.8,0.05
19370,8571,209,1,797.01,0.0
19371,8571,80,2,166.05,0.1
19372,8572,186,1,290.81,0.05
19373,8572,57,1,510.39,0.0
19374,8573,232,1,71.83,0.0
19375,8573,45,1,511.39,0.2
19376,8573,225,1,939.11,0.15
19377,8574,2,1,807.37,0.0
19378,8575,175,1,600.57,0.1
19379,8576,185,2,582.19,0.1
19380,8576,174,2,864.84,0.0
19381,8576,229,1,690.53,0.0
19382,8576,21,1,614.24,0.1
19383,8576,82,1,235.49,0.1
19384,8577,68,1,133.13,0.2
19385,8577,59,1,287.12,0.0
19386,8577,147,1,517.03,0.1
19387,8578,292,2,425.68,0.1
19388,8578,207,2,518.71,0.15
19389,8578,9,1,66.57,0.0
19390,8578,1,1,433.54,0.0
19391,8579,177,2,156.12,0.0
19392,8579,119,1,519.85,0.1
19393,8579,157,1,701.5,0.0
19394,8579,259,2,533.22,0.0
19395,8580,223,-1,57.85,0.05
19396,8581,273,3,560.24,0.0
19397,8581,296,1,361.73,0.0
19398,8582,181,1,37.18,0.0
19399,8583,6,1,531.19,0.0
19400,8583,189,-1,24.7,0.15
19401,8584,13,1,152.16,0.0
19402,8584,12,1,156.75,0.15
19403,8584,143,1,421.93,0.05
19404,8585,7,1,357.42,0.2
19405,8585,238,1,192.17,0.0
19406,8585,11,2,216.27,0.05
19407,8586,128,1,686.4,0.1
19408,8587,15,1,536.46,0.0
19409,8588,271,2,756.22,0.1
19410,8588,102,1,396.98,0.15
19411,8588,127,1,111.4,0.0
19412,8588,145,3,61.15,0.0
19413,8588,248,1,75.61,0.0
19414,8589,23,3,235.35,0.0
19415,8589,284,1,228.9,0.0
19416,8589,196,1,518.75,0.0
19417,8589,18,2,35.67,0.05
19418,8590,285,1,667.54,0.0
19419,8590,26,1,259.69,0.0
19420,8590,72,2,286.08,0.1
19421,8591,145,1,61.15,0.15
19422,8591,116,1,862.37,0.0
19423,8591,72,1,286.08,0.1
19424,8591,16,-1,245.66,0.1
19425,8592,92,1,148.78,0.1
19426,8592,163,1,598.68,0.1
19427,8593,227,1,192.19,0.1
19428,8594,267,1,253.7,0.1
19429,8594,117,1,567.69,0.2
19430,8594,135,3,550.83,0.0
19431,8594,53,1,192.38,0.0
19432,8594,122,1,607.34,0.2
19433,8595,21,1,614.24,0.0
19434,8595,74,1,171.2,0.0
19435,8596,121,1,183.38,0.15
19436,8596,229,1,690.53,0.0
19437,8597,62,1,244.7,0.15
19438,8597,122,1,607.34,0.05
19439,8597,152,1,910.86,0.0
19440,8598,30,-1,477.17,0.2
19441,8598,25,1,282.92,0.05
19442,8599,257,2,8.4,0.05
19443,8599,62,2,244.7,0.0
19444,8599,118,1,611.17,0.0
19445,8600,140,2,500.02,0.05
19446,8600,240,1,555.47,0.15
19447,8601,49,1,850.7,0.0
19448,8601,279,1,226.81,0.1
19449,8602,184,1,278.4,0.0
19450,8602,101,1,488.42,0.0
19451,8603,159,1,818.3,0.15
19452,8603,103,-1,456.96,0.15
19453,8603,244,3,263.25,0.0
19454,8604,253,1,621.95,0.0
19455,8604,25,1,282.92,0.15
19456,8605,117,1,567.69,0.0
19457,8605,272,1,5.69,0.0
19458,8605,161,1,68.77,0.0
19459,8605,158,1,282.03,0.15
19460,8606,204,1,578.66,0.1
19461,8606,204,1,578.66,0.0
19462,8607,148,1,304.48,0.0
19463,8607,10,2,309.24,0.0
19464,8607,88,1,275.21,0.0
19465,8608,53,1,192.38,0.0
19466,8609,36,1,749.87,0.0
19467,8610,76,1,938.11,0.0
19468,8611,116,1,862.37,0.0
19469,8612,240,1,555.47,0.0
19470,8612,42,1,328.75,0.0
19471,8612,149,1,382.77,0.0
19472,8612,86,2,443.6,0.05
19473,8612,291,1,19.78,0.1
19474,8613,15,3,536.46,0.05
19475,8613,280,1,121.8,0.15
19476,8613,121,1,183.38,0.1
19477,8614,2,2,807.37,0.0
19478,8615,162,1,126.53,0.0
19479,8615,36,1,749.87,0.0
19480,8616,36,1,749.87,0.1
19481,8616,18,3,35.67,0.0
19482,8617,204,1,578.66,0.1
19483,8617,160,1,150.1,0.0
19484,8617,84,1,43.2,0.0
19485,8617,245,1,1160.3575,0.05
19486,8618,217,1,479.18,0.0
19487,8618,48,1,231.62,0.1
19488,8618,20,1,548.49,0.0
19489,8618,143,1,421.93,0.0
19490,8619,233,1,82.49,0.0
19491,8619,192,1,697.79,0.15
19492,8619,236,-1,55.21,0.05
19493,8620,266,1,110.99,0.0
19494,8620,257,2,8.4,0.1
19495,8621,217,1,479.18,0.1
19496,8621,211,1,943.9,0.0
19497,8621,155,1,607.36,0.0
19498,8622,209,1,797.01,0.0
19499,8622,9,1,66.57,0.15
19500,8622,122,1,607.34,0.05
19501,8622,261,1,429.63,0.0
19502,8622,41,1,376.48,0.0
19503,8623,288,1,515.26,0.1
19504,8623,164,1,446.58,0.0
19505,8624,298,1,238.39,0.0
19506,8625,172,1,104.56,0.0
19507,8625,39,1,412.64,0.0
19508,8625,136,3,974.39,0.0
19509,8626,216,1,492.92,0.0
19510,8627,122,1,607.34,0.1
19511,8627,288,1,515.26,0.1
19512,8628,266,1,110.99,0.0
19513,8629,223,1,57.85,0.05
19514,8630,130,1,454.11,0.05
19515,8631,165,2,605.76,0.0
19516,8632,300,1,133.29,0.0
19517,8633,127,1,111.4,0.2
19518,8633,180,1,843.45,0.0
19519,8634,215,3,501.1,0.0
19520,8634,100,1,283.25,0.1
19521,8634,91,1,369.86,0.15
19522,8634,13,1,152.16,0.15
19523,8635,115,2,251.88,0.15
19524,8635,211,1,943.9,0.0
19525,8635,142,1,717.32,0.0
19526,8636,100,2,283.25,0.05
19527,8636,277,1,437.32,0.15
19528,8637,59,2,287.12,0.0
19529,8637,221,1,704.75,0.0
19530,8637,140,1,500.02,0.0
19531,8637,136,1,974.39,0.05
19532,8638,178,1,563.12,0.0
19533,8639,153,2,530.38,0.05
19534,8640,250,1,1160.3575,0.0
19535,8641,211,1,943.9,0.0
19536,8641,238,1,192.17,0.0
19537,8641,65,1,460.75,0.05
19538,8641,99,1,496.87,0.0
19539,8642,72,1,286.08,0.0
19540,8643,136,1,974.39,0.0
19541,8643,276,2,341.21,0.05
19542,8644,275,2,82.62,0.0
19543,8644,171,2,14.73,0.0
19544,8645,275,2,82.62,0.0
19545,8645,38,1,364.99,0.0
19546,8646,299,2,725.08,0.05
19547,8646,185,2,582.19,0.0
19548,8647,140,1,500.02,0.05
19549,8648,17,1,953.82,0.0
19550,8649,184,2,278.4,0.0
19551,8649,228,1,162.75,0.0
19552,8650,243,1,746.93,0.0
19553,8650,56,1,186.07,0.0
19554,8651,64,1,29.71,0.05
19555,8651,102,1,396.98,0.15
19557,8651,241,2,306.12,0.0
19558,8652,92,1,148.78,0.15
19559,8652,262,2,214.85,0.2
19560,8653,56,1,186.07,0.0
19561,8653,138,2,54.35,0.0
19562,8653,19,1,727.02,0.05
19563,8654,294,1,141.94,0.0
19564,8654,152,1,910.86,0.1
19565,8655,137,1,316.92,0.0
19566,8655,25,3,282.92,0.2
19567,8656,226,1,211.98,0.0
19568,8656,17,-1,953.82,0.0
19569,8656,40,1,171.89,0.0
19570,8657,41,3,376.48,0.0
19571,8657,184,1,278.4,0.0
19572,8657,87,1,564.0,0.1
19573,8657,286,1,47.93,0.2
19574,8657,291,1,19.78,0.1
19575,8658,290,1,908.96,0.0
19576,8658,124,-1,640.23,0.1
19577,8659,225,-1,939.11,0.05
19578,8660,101,2,488.42,0.0
19579,8661,108,2,378.75,0.0
19580,8662,205,2,367.74,0.0
19581,8662,142,2,717.32,0.05
19582,8662,33,1,217.73,0.15
19583,8662,183,2,942.96,0.0
19584,8663,106,2,150.04,0.0
19585,8664,275,1,82.62,0.05
19586,8664,240,2,555.47,0.0
19587,8664,116,1,862.37,0.0
19588,8665,30,3,477.17,0.0
19589,8666,32,3,338.4,0.2
19590,8666,291,1,19.78,0.05
19592,8666,145,1,61.15,0.0
19593,8666,191,2,457.7,0.0
19594,8667,50,1,240.1,0.1
19595,8667,179,1,478.65,0.0
19596,8667,230,1,829.69,0.05
19597,8668,256,1,537.93,0.1
19598,8668,124,1,640.23,0.0
19599,8668,106,2,150.04,0.0
19600,8669,141,1,251.45,0.0
19601,8669,231,2,410.59,0.2
19602,8670,100,1,283.25,0.0
19603,8671,14,1,90.93,0.1
19604,8671,257,1,8.4,0.05
19605,8672,193,1,351.11,0.1
19606,8673,226,1,211.98,0.1
19607,8673,190,1,707.42,0.15
19608,8674,164,1,446.58,0.15
19609,8674,105,1,375.87,0.05
19610,8675,263,3,222.36,0.0
19611,8676,103,1,456.96,0.2
19612,8676,98,1,71.96,0.2
19613,8677,128,2,686.4,0.15
19614,8677,8,1,295.82,0.05
19615,8677,2,1,807.37,0.05
19616,8678,85,1,530.7,0.0
19617,8678,14,1,90.93,0.0
19618,8678,264,1,16.2,0.0
19619,8678,128,1,686.4,0.0
19620,8679,108,1,378.75,0.0
19621,8680,34,-1,399.8,0.0
19622,8681,214,1,304.46,0.0
19623,8681,220,1,475.38,0.0
19624,8682,259,1,533.22,0.0
19625,8682,94,2,514.73,0.0
19626,8683,144,1,299.76,0.05
19627,8683,108,1,378.75,0.0
19628,8684,168,2,649.6,0.0
19629,8684,112,1,10.73,0.1
19630,8685,272,1,5.69,0.0
19631,8686,13,1,152.16,0.05
19632,8686,232,1,71.83,0.05
19633,8686,64,2,29.71,0.0
19634,8687,103,-1,456.96,0.05
19635,8687,155,2,607.36,0.15
19636,8687,135,2,550.83,0.0
19637,8687,220,1,475.38,0.05
19638,8688,161,3,68.77,0.0
19639,8688,88,1,275.21,0.05
19640,8689,9,1,66.57,0.0
19641,8690,59,1,287.12,0.1
19642,8691,23,2,235.35,0.05
19643,8691,296,1,361.73,0.0
19644,8691,28,1,749.19,0.0
19645,8692,178,1,563.12,0.0
19646,8692,219,3,211.99,0.0
19647,8692,80,2,166.05,0.0
19648,8692,198,1,266.02,0.1
19649,8692,100,1,283.25,0.0
19650,8693,198,1,266.02,0.1
19651,8693,176,1,199.39,0.2
19652,8693,27,3,686.85,0.0
19653,8693,126,2,240.49,0.0
19654,8694,248,1,75.61,0.0
19655,8695,273,1,560.24,0.05
19656,8695,275,1,82.62,0.0
19657,8695,44,1,6.81,0.0
19658,8696,197,2,538.79,0.0
19659,8696,225,2,939.11,0.0
19660,8697,131,3,797.13,0.0
19661,8698,94,1,514.73,0.0
19662,8698,15,1,536.46,0.0
19663,8699,248,2,75.61,0.0
19664,8699,160,3,150.1,0.0
19665,8700,2,1,807.37,0.0
19666,8700,216,1,492.92,0.0
19667,8701,279,1,226.81,0.0
19668,8701,82,3,235.49,0.0
19669,8702,156,1,372.8,0.0
19670,8702,60,1,148.68,0.15
19671,8703,83,3,243.1,0.1
19672,8704,141,3,251.45,0.0
19673,8704,223,1,57.85,0.05
19674,8705,256,1,537.93,0.0
19675,8706,84,1,43.2,0.05
19676,8706,42,1,328.75,0.0
19677,8707,187,1,127.57,0.05
19678,8708,251,1,439.11,0.0
19679,8708,131,1,797.13,0.05
19680,8709,183,1,942.96,0.05
19681,8709,234,1,486.72,0.0
19682,8709,180,1,843.45,0.05
19683,8710,285,2,667.54,0.0
19684,8711,272,1,5.69,0.05
19685,8711,197,1,538.79,0.1
19686,8712,118,1,611.17,0.0
19687,8713,140,1,500.02,0.0
19688,8713,71,1,362.18,0.0
19689,8714,230,2,829.69,0.0
19690,8714,91,1,369.86,0.0
19691,8714,115,2,251.88,0.0
19692,8715,63,1,430.39,0.1
19693,8715,171,1,14.73,0.0
19694,8716,71,1,362.18,0.0
19695,8716,168,1,649.6,0.1
19696,8716,162,1,126.53,0.05
19697,8717,128,1,686.4,0.0
19698,8717,228,1,162.75,0.0
19699,8717,212,1,445.65,0.15
19700,8718,81,1,779.01,0.0
19701,8718,46,1,397.56,0.05
19702,8719,210,2,177.09,0.0
19703,8719,57,1,510.39,0.0
19704,8720,164,1,446.58,0.15
19705,8720,6,1,531.19,0.0
19706,8721,230,1,829.69,0.0
19707,8722,123,1,840.94,0.05
19708,8723,252,1,274.43,0.0
19709,8724,200,1,533.81,0.0
19710,8725,8,2,295.82,0.0
19711,8725,38,1,364.99,0.05
19712,8725,198,1,266.02,0.0
19713,8726,299,3,725.08,0.0
19714,8727,65,1,460.75,0.0
19715,8727,159,-1,818.3,0.0
19716,8728,9,3,66.57,0.1
19717,8728,108,1,378.75,0.0
19718,8728,169,1,458.05,0.2
19719,8728,25,1,282.92,0.05
19720,8728,120,1,146.96,0.05
19721,8729,291,1,19.78,0.05
19722,8729,97,-1,628.48,0.1
19723,8730,72,1,286.08,0.0
19724,8730,236,1,55.21,0.0
19725,8731,140,1,500.02,0.0
19726,8731,207,1,518.71,0.15
19727,8732,102,1,396.98,0.0
19728,8733,243,1,746.93,0.0
19729,8733,204,1,578.66,0.0
19730,8733,10,1,309.24,0.05
19731,8734,93,2,98.57,0.05
19732,8735,202,1,514.85,0.05
19733,8735,206,3,612.54,0.15
19734,8736,271,1,756.22,0.0
19735,8736,108,3,378.75,0.1
19736,8737,135,3,550.83,0.15
19737,8737,263,1,222.36,0.0
19738,8738,282,1,280.61,0.0
19739,8739,5,2,503.34,0.05
19740,8739,2,1,807.37,0.0
19741,8739,266,1,110.99,0.0
19742,8739,199,1,51.0,0.0
19743,8740,217,1,479.18,0.0
19744,8740,169,1,458.05,0.0
19745,8740,223,1,57.85,0.0
19746,8740,206,1,612.54,0.0
19747,8741,233,2,82.49,0.15
19748,8741,176,1,199.39,0.05
19749,8742,237,1,335.88,0.1
19750,8742,162,1,126.53,0.0
19751,8742,14,1,90.93,0.0
19752,8742,113,1,55.28,0.2
19753,8742,167,1,39.88,0.0
19754,8743,90,1,219.22,0.15
19755,8743,211,1,943.9,0.2
19756,8743,276,1,341.21,0.15
19757,8744,112,1,10.73,0.0
19758,8744,80,1,166.05,0.0
19759,8744,240,2,555.47,0.0
19760,8745,50,2,240.1,0.0
19761,8746,185,2,582.19,0.2
19762,8746,93,1,98.57,0.0
19763,8746,150,1,182.12,0.0
19764,8747,109,1,59.23,0.0
19765,8747,258,1,626.09,0.0
19766,8747,28,1,749.19,0.0
19767,8748,50,2,240.1,0.0
19768,8748,129,1,492.47,0.1
19769,8749,47,1,513.39,0.05
19770,8749,218,1,127.17,0.05
19771,8749,121,1,183.38,0.0
19772,8749,251,1,439.11,0.1
19773,8749,99,1,496.87,0.0
19774,8750,39,1,412.64,0.05
19775,8750,86,2,443.6,0.1
19776,8750,165,2,605.76,0.0
19777,8751,125,1,584.13,0.05
19778,8752,291,1,19.78,0.1
19779,8752,223,1,57.85,0.0
19780,8752,246,1,574.84,0.1
19781,8753,84,1,43.2,0.0
19782,8753,276,2,341.21,0.05
19783,8754,64,1,29.71,0.0
19784,8755,173,1,587.7,0.0
19785,8755,7,1,357.42,0.0
19786,8755,27,1,686.85,0.0
19787,8755,165,1,605.76,0.05
19788,8755,224,1,23.12,0.0
19789,8756,200,1,533.81,0.0
19790,8756,122,1,607.34,0.0
19791,8756,102,1,396.98,0.2
19792,8756,86,3,443.6,0.0
19793,8756,71,2,362.18,0.0
19794,8757,121,1,183.38,0.0
19795,8757,76,3,938.11,0.05
19796,8757,256,1,537.93,0.2
19797,8757,85,1,530.7,0.0
19798,8757,261,1,429.63,0.05
19799,8758,153,1,530.38,0.1
19800,8759,96,1,682.77,0.0
19801,8759,289,1,635.36,0.0
19802,8759,33,1,217.73,0.0
19803,8759,53,1,192.38,0.0
19804,8760,2,1,807.37,0.0
19805,8760,253,1,621.95,0.2
19806,8760,121,3,183.38,0.1
19807,8761,28,1,749.19,0.0
19808,8761,96,3,682.77,0.05
19809,8762,68,3,133.13,0.0
19810,8763,48,2,231.62,0.05
19811,8763,251,1,439.11,0.2
19812,8764,186,1,290.81,0.0
19813,8764,265,1,839.64,0.05
19814,8764,35,1,425.48,0.1
19815,8764,293,3,709.48,0.05
19816,8764,242,1,166.1,0.1
19817,8765,30,1,477.17,0.2
19818,8765,235,1,370.09,0.0
19819,8766,6,1,531.19,0.0
19820,8766,141,1,251.45,0.0
19821,8767,289,1,635.36,0.0
19822,8768,151,1,625.19,0.2
19823,8769,86,2,443.6,0.0
19824,8769,93,1,98.57,0.1
19825,8770,99,1,496.87,0.05
19826,8771,219,1,211.99,0.0
19827,8771,108,1,378.75,0.05
19828,8771,16,-1,245.66,0.05
19829,8772,35,1,425.48,0.1
19830,8772,291,1,19.78,0.0
19831,8773,276,1,341.21,0.05
19832,8773,131,2,797.13,0.0
19833,8773,155,1,607.36,0.0
19834,8774,51,1,863.34,0.0
19835,8774,210,1,177.09,0.0
19836,8775,43,1,97.72,0.0
19837,8775,266,2,110.99,0.0
19838,8776,94,1,514.73,0.05
19839,8776,210,2,177.09,0.2
19840,8776,223,1,57.85,0.05
19841,8777,94,1,514.73,0.0
19842,8777,222,1,264.61,0.1
19843,8778,199,1,51.0,0.0
19844,8779,275,1,82.62,0.0
19845,8779,96,1,682.77,0.0
19846,8779,88,1,275.21,0.0
19847,8779,208,2,260.07,0.05
19848,8779,257,2,8.4,0.0
19849,8780,297,-1,89.43,0.2
19850,8781,76,1,938.11,0.0
19851,8781,280,1,121.8,0.1
19852,8781,268,1,23.79,0.0
19853,8782,35,1,425.48,0.0
19854,8783,105,1,375.87,0.15
19855,8784,26,1,259.69,0.15
19856,8784,130,1,454.11,0.0
19857,8784,258,2,626.09,0.0
19858,8785,188,1,550.0,0.0
19860,8785,249,1,682.27,0.0
19861,8786,98,1,71.96,0.0
19862,8786,212,1,445.65,0.1
19863,8787,149,1,382.77,0.0
19864,8787,292,1,425.68,0.0
19865,8787,53,1,192.38,0.0
19866,8787,88,1,275.21,0.15
19867,8788,164,2,446.58,0.0
19868,8788,259,1,533.22,0.2
19869,8789,264,1,16.2,0.15
19870,8789,268,1,23.79,0.0
19871,8790,138,1,54.35,0.1
19872,8790,190,1,707.42,0.15
19873,8791,140,1,500.02,0.1
19874,8791,22,1,205.71,0.0
19875,8791,155,2,607.36,0.0
19876,8791,96,1,682.77,0.0
19877,8791,249,1,682.27,0.0
19878,8792,250,1,1160.3575,0.0
19879,8793,148,1,304.48,0.0
19880,8794,21,2,614.24,0.0
19881,8795,287,2,754.14,0.1
19882,8796,40,1,171.89,0.0
19883,8796,112,2,10.73,0.15
19884,8796,106,1,150.04,0.0
19885,8797,180,1,843.45,0.0
19886,8797,120,2,146.96,0.0
19887,8797,139,1,835.42,0.05
19888,8798,286,1,47.93,0.05
19889,8799,4,3,17.97,0.2
19890,8800,89,1,247.06,0.0
19891,8800,50,1,240.1,0.05
19892,8800,138,1,54.35,0.05
19893,8800,55,1,395.52,0.0
19894,8801,238,2,192.17,0.05
19895,8801,28,2,749.19,0.0
19896,8802,217,2,479.18,0.0
19897,8802,263,1,222.36,0.05
19898,8803,237,1,335.88,0.0
19899,8804,165,1,605.76,0.15
19900,8804,274,2,528.78,0.15
19901,8805,50,1,240.1,0.05
19902,8805,108,1,378.75,0.0
19903,8806,296,1,361.73,0.0
19904,8806,17,1,953.82,0.15
19905,8806,29,1,103.82,0.0
19906,8807,156,1,372.8,0.0
19907,8808,220,3,475.38,0.0
19908,8808,103,1,456.96,0.0
19909,8809,251,3,439.11,0.0
19910,8809,213,1,111.83,0.0
19911,8810,275,1,82.62,0.1
19912,8810,154,1,115.68,0.15
19913,8811,22,1,205.71,0.0
19914,8811,125,2,584.13,0.0
19915,8812,160,1,150.1,0.0
19916,8812,70,1,402.01,0.0
19917,8813,191,3,457.7,0.0
19918,8813,189,1,24.7,0.2
19919,8813,274,1,528.78,0.0
19920,8813,265,1,839.64,0.0
19922,8813,229,3,690.53,0.05
19923,8814,220,1,475.38,0.0
19924,8814,240,1,555.47,0.1
19925,8814,26,1,259.69,0.0
19926,8815,92,1,148.78,0.05
19927,8815,100,1,283.25,0.0
19928,8815,294,2,141.94,0.1
19929,8815,7,1,357.42,0.05
19930,8816,300,1,133.29,0.0
19931,8816,165,1,605.76,0.1
19932,8817,8,1,295.82,0.0
19933,8817,91,1,369.86,0.0
19934,8818,258,1,626.09,0.0
19935,8819,49,3,850.7,0.0
19936,8819,207,1,518.71,0.0
19937,8820,115,1,251.88,0.0
19938,8820,113,1,55.28,0.1
19939,8820,275,1,82.62,0.0
19940,8821,107,1,963.92,0.0
19941,8821,122,1,607.34,0.0
19942,8821,92,1,148.78,0.05
19943,8822,257,1,8.4,0.0
19944,8823,69,1,274.11,0.0
19945,8823,151,1,625.19,0.0
19946,8824,54,2,679.71,0.0
19947,8825,101,1,488.42,0.0
19948,8825,68,1,133.13,0.15
19949,8826,88,1,275.21,0.05
19950,8826,49,2,850.7,0.15
19951,8826,299,1,725.08,0.15
19952,8827,127,1,111.4,0.05
19953,8827,283,1,680.49,0.0
19954,8828,217,1,479.18,0.1
19955,8828,102,2,396.98,0.2
19956,8829,296,1,361.73,0.05
19957,8830,26,1,259.69,0.0
19958,8831,23,1,235.35,0.05
19959,8832,143,1,421.93,0.1
19960,8832,132,1,299.38,0.0
19961,8833,145,1,61.15,0.2
19962,8834,198,1,266.02,0.0
19963,8835,232,1,71.83,0.15
19964,8836,106,1,150.04,0.0
19965,8836,173,1,587.7,0.0
19966,8836,135,1,550.83,0.1
19967,8836,163,1,598.68,0.0
19968,8837,265,1,839.64,0.0
19969,8837,1,3,433.54,0.0
19970,8837,97,1,628.48,0.15
19971,8837,128,1,686.4,0.0
19972,8837,235,1,370.09,0.0
19973,8838,282,2,280.61,0.05
19974,8838,65,1,460.75,0.05
19975,8838,228,1,162.75,0.0
19976,8838,93,2,98.57,0.15
19977,8838,254,1,286.86,0.1
19978,8839,29,2,103.82,0.0
19979,8839,54,1,679.71,0.2
19980,8839,298,1,238.39,0.0
19981,8839,191,1,457.7,0.15
19982,8839,170,1,723.66,0.0
19983,8840,15,1,536.46,0.0
19984,8840,124,2,640.23,0.05
19985,8841,178,1,563.12,0.05
19986,8841,130,1,454.11,0.0
19987,8842,177,2,156.12,0.1
19988,8843,15,1,536.46,0.0
19989,8843,199,1,51.0,0.05
19990,8843,10,2,309.24,0.0
19991,8844,101,1,488.42,0.15
19992,8844,148,1,304.48,0.0
19993,8844,245,1,1160.3575,0.0
19994,8844,224,1,23.12,0.15
19995,8844,238,1,192.17,0.0
19996,8845,208,2,260.07,0.0
19997,8846,282,1,280.61,0.0
19998,8847,144,3,299.76,0.1
19999,8847,35,1,425.48,0.05
20000,8847,202,1,514.85,0.0
20001,8847,260,-1,619.66,0.0
20002,8848,95,1,711.68,0.15
20003,8848,99,1,496.87,0.0
20004,8848,10,1,309.24,0.05
20005,8849,282,2,280.61,0.0
20006,8849,221,1,704.75,0.0
20007,8849,282,1,280.61,0.0
20008,8849,199,1,51.0,0.0
20009,8849,272,1,5.69,0.1
20010,8850,172,1,104.56,0.0
20011,8850,128,1,686.4,0.05
20012,8851,261,3,429.63,0.05
20013,8852,51,1,863.34,0.0
20014,8853,139,1,835.42,0.15
20015,8853,268,1,23.79,0.0
20016,8854,233,1,82.49,0.15
20017,8854,142,2,717.32,0.15
20018,8855,87,1,564.0,0.0
20019,8855,18,-1,35.67,0.0
20020,8855,79,2,308.93,0.0
20021,8856,202,2,514.85,0.0
20022,8856,25,1,282.92,0.0
20023,8857,100,1,283.25,0.05
20024,8858,271,1,756.22,0.0
20025,8858,85,1,530.7,0.2
20026,8858,279,1,226.81,0.0
20027,8858,66,1,447.18,0.05
20028,8859,290,1,908.96,0.0
20029,8859,41,1,376.48,0.1
20030,8859,165,2,605.76,0.0
20031,8860,71,1,362.18,0.0
20032,8860,239,1,517.8,0.0
20033,8861,180,1,843.45,0.0
20034,8861,278,3,402.71,0.05
20035,8861,82,1,235.49,0.15
20036,8861,28,1,749.19,0.0
20037,8862,19,3,727.02,0.05
20038,8862,257,1,8.4,0.0
20039,8863,282,3,280.61,0.05
20040,8864,96,1,682.77,0.0
20041,8865,291,1,19.78,0.0
20042,8865,286,2,47.93,0.05
20043,8865,210,1,177.09,0.0
20044,8866,62,2,244.7,0.0
20045,8866,262,1,214.85,0.2
20046,8867,78,1,213.82,0.0
20047,8868,159,1,818.3,0.0
20048,8868,161,1,68.77,0.0
20049,8869,57,1,510.39,0.2
20050,8869,209,1,797.01,0.0
20051,8869,127,1,111.4,0.0
20052,8870,158,1,282.03,0.0
20053,8871,86,1,443.6,0.0
20054,8872,263,2,222.36,0.1
20055,8872,176,2,199.39,0.2
20056,8873,104,2,957.31,0.0
20057,8873,93,1,98.57,0.15
20058,8873,255,1,249.2,0.05
20059,8873,80,2,166.05,0.0
20060,8873,59,1,287.12,0.1
20061,8874,88,1,275.21,0.1
20062,8874,277,1,437.32,0.15
20063,8875,263,1,222.36,0.0
20064,8875,94,1,514.73,0.05
20065,8875,93,1,98.57,0.05
20066,8875,130,1,454.11,0.0
20067,8875,127,1,111.4,0.2
20068,8876,298,1,238.39,0.05
20069,8876,173,1,587.7,0.0
20070,8876,168,1,649.6,0.0
20071,8877,246,1,574.84,0.0
20072,8878,108,2,378.75,0.0
20073,8878,103,1,456.96,0.0
20074,8878,54,1,679.71,0.05
20075,8878,81,3,779.01,0.05
20076,8878,20,1,548.49,0.0
20077,8879,229,1,690.53,0.0
20078,8879,92,1,148.78,0.2
20079,8879,275,1,82.62,0.0
20080,8879,132,1,299.38,0.2
20081,8880,212,2,445.65,0.1
20082,8880,108,1,378.75,0.0
20083,8880,129,1,492.47,0.0
20084,8880,70,1,402.01,0.2
20085,8881,90,3,219.22,0.0
20086,8881,198,1,266.02,0.15
20087,8881,222,1,264.61,0.15
20088,8882,26,1,259.69,0.0
20089,8882,126,1,240.49,0.05
20090,8882,11,1,216.27,0.0
20091,8882,49,1,850.7,0.1
20092,8882,158,1,282.03,0.0
20093,8883,171,3,14.73,0.05
20094,8883,32,2,338.4,0.0
20095,8883,189,1,24.7,0.2
20096,8883,176,1,199.39,0.0
20097,8884,74,1,171.2,0.0
20098,8885,209,1,797.01,0.0
20099,8885,134,1,541.79,0.0
20100,8886,235,2,370.09,0.0
20101,8887,248,1,75.61,0.0
20102,8888,6,3,531.19,0.0
20103,8888,53,1,192.38,0.0
20104,8889,143,1,421.93,0.1
20105,8889,98,1,71.96,0.0
20106,8889,221,1,704.75,0.1
20107,8889,252,1,274.43,0.0
20108,8889,177,1,156.12,0.0
20109,8890,114,1,23.97,0.0
20110,8890,219,1,211.99,0.1
20111,8890,10,-1,309.24,0.2
20112,8891,78,-1,213.82,0.15
20113,8892,73,1,346.78,0.05
20114,8893,273,1,560.24,0.0
20115,8893,260,1,619.66,0.05
20116,8893,52,1,12.48,0.2
20117,8894,173,1,587.7,0.0
20118,8894,139,1,835.42,0.0
20119,8894,187,1,127.57,0.05
20120,8894,178,1,563.12,0.0
20121,8895,167,1,39.88,0.0
20122,8895,162,2,126.53,0.0
20123,8896,248,1,75.61,0.1
20124,8896,7,-1,357.42,0.0
20125,8896,105,1,375.87,0.05
20126,8897,13,1,152.16,0.0
20127,8897,132,1,299.38,0.0
20128,8897,138,1,54.35,0.0
20129,8897,187,1,127.57,0.05
20130,8897,26,1,259.69,0.05
20131,8898,287,1,754.14,0.0
20132,8898,241,1,306.12,0.0
20133,8899,94,2,514.73,0.1
20134,8899,225,1,939.11,0.0
20135,8899,203,1,431.09,0.0
20136,8900,92,1,148.78,0.0
20137,8900,171,1,14.73,0.15
20138,8901,214,1,304.46,0.1
20139,8902,107,1,963.92,0.0
20141,8902,210,1,177.09,0.0
20142,8903,57,1,510.39,0.0
20143,8903,51,1,863.34,0.0
20144,8904,272,1,5.69,0.0
20145,8904,126,1,240.49,0.0
20146,8904,55,1,395.52,0.0
20147,8905,297,1,89.43,0.05
20148,8905,64,2,29.71,0.0
20149,8906,36,2,749.87,0.05
20150,8906,155,1,607.36,0.05
20151,8907,195,1,132.26,0.15
20152,8908,218,1,127.17,0.0
20153,8909,41,2,376.48,0.0
20154,8910,121,1,183.38,0.0
20155,8910,16,2,245.66,0.0
20156,8911,276,1,341.21,0.05
20157,8912,139,1,835.42,0.0
20158,8912,230,1,829.69,0.1
20159,8913,12,1,156.75,0.0
20160,8913,59,1,287.12,0.0
20161,8913,148,1,304.48,0.0
20162,8913,276,2,341.21,0.05
20163,8914,82,1,235.49,0.0
20164,8915,292,1,425.68,0.0
20165,8915,268,1,23.79,0.0
20166,8915,243,1,746.93,0.05
20167,8916,291,1,19.78,0.0
20168,8916,63,3,430.39,0.0
20169,8916,86,1,443.6,0.1
20170,8916,90,2,219.22,0.0
20171,8917,231,1,410.59,0.0
20172,8918,101,1,488.42,0.1
20173,8919,178,1,563.12,0.0
20174,8919,191,2,457.7,0.05
20175,8920,152,1,910.86,0.1
20176,8921,167,2,39.88,0.0
20177,8922,89,1,247.06,0.2
20178,8922,224,1,23.12,0.2
20179,8922,226,-1,211.98,0.1
20180,8923,105,2,375.87,0.15
20181,8923,69,1,274.11,0.05
20182,8924,52,1,12.48,0.0
20183,8924,226,2,211.98,0.1
20184,8924,244,1,263.25,0.0
20185,8925,77,1,103.53,0.0
20186,8925,22,1,205.71,0.2
20188,8925,105,1,375.87,0.1
20189,8925,159,1,818.3,0.0
20190,8926,220,1,475.38,0.2
20191,8926,128,1,686.4,0.0
20192,8927,193,1,351.11,0.0
20193,8928,32,1,338.4,0.05
20194,8928,250,1,1160.3575,0.0
20195,8928,228,1,162.75,0.0
20196,8929,93,2,98.57,0.15
20198,8930,120,1,146.96,0.0
20199,8930,142,1,717.32,0.0
20200,8931,129,1,492.47,0.0
20201,8932,231,1,410.59,0.0
20202,8933,175,2,600.57,0.05
20203,8933,33,-1,217.73,0.15
20204,8933,10,2,309.24,0.0
20205,8933,144,1,299.76,0.0
20206,8933,36,1,749.87,0.05
20207,8934,23,1,235.35,0.0
20208,8935,38,2,364.99,0.0
20209,8935,179,2,478.65,0.0
20210,8936,102,1,396.98,0.0
20211,8936,149,2,382.77,0.0
20212,8936,294,1,141.94,0.05
20213,8936,187,1,127.57,0.0
20214,8937,150,1,182.12,0.0
20216,8937,190,2,707.42,0.2
20217,8937,101,2,488.42,0.0
20218,8938,133,1,479.79,0.0
20219,8938,189,2,24.7,0.0
20221,8939,152,1,910.86,0.2
20222,8940,248,1,75.61,0.05
20223,8940,158,1,282.03,0.15
20224,8940,182,1,500.91,0.0
20225,8940,11,3,216.27,0.0
20226,8941,154,1,115.68,0.0
20227,8942,5,3,503.34,0.0
20228,8942,195,1,132.26,0.0
20229,8942,216,1,492.92,0.0
20230,8943,121,2,183.38,0.0
20231,8944,267,2,253.7,0.0
20232,8944,293,2,709.48,0.0
20233,8944,36,1,749.87,0.0
20234,8944,279,3,226.81,0.0
20235,8944,227,1,192.19,0.05
20236,8945,157,1,701.5,0.05
20237,8945,234,1,486.72,0.0
20238,8945,7,1,357.42,0.0
20239,8945,273,2,560.24,0.0
20240,8946,292,1,425.68,0.1
20241,8946,173,2,587.7,0.05
20242,8946,58,-1,87.55,0.0
20243,8947,263,1,222.36,0.0
20244,8947,202,1,514.85,0.0
20245,8948,191,3,457.7,0.0
20246,8949,265,1,839.64,0.15
20247,8950,100,1,283.25,0.0
20248,8950,6,1,531.19,0.0
20249,8951,298,1,238.39,0.0
20250,8952,222,3,264.61,0.1
20251,8952,16,1,245.66,0.0
20252,8953,29,3,103.82,0.0
20253,8954,83,1,243.1,0.0
20254,8954,119,1,519.85,0.0
20255,8955,13,1,152.16,0.0
20256,8955,127,2,111.4,0.1
20257,8955,136,1,974.39,0.05
20258,8955,271,3,756.22,0.0
20259,8956,154,2,115.68,0.1
20260,8957,145,1,61.15,0.0
20261,8957,55,2,395.52,0.0
20262,8957,193,3,351.11,0.05
20263,8958,106,1,150.04,0.05
20264,8958,90,1,219.22,0.0
20265,8958,124,1,640.23,0.1
20266,8958,34,2,399.8,0.15
20267,8959,19,1,727.02,0.1
20268,8960,278,1,402.71,0.0
20269,8961,121,1,183.38,0.2
20270,8961,178,2,563.12,0.15
20271,8962,80,1,166.05,0.0
20272,8962,157,1,701.5,0.2
20273,8962,55,1,395.52,0.0
20274,8962,22,3,205.71,0.0
20275,8963,200,1,533.81,0.0
20276,8964,194,1,222.76,0.0
20277,8964,254,1,286.86,0.0
20278,8964,2,2,807.37,0.1
20279,8965,21,1,614.24,0.0
20280,8966,101,1,488.42,0.15
20281,8966,9,1,66.57,0.0
20282,8967,193,1,351.11,0.0
20283,8967,15,2,536.46,0.0
20284,8968,179,-1,478.65,0.1
20285,8968,185,1,582.19,0.0
20286,8969,299,1,725.08,0.0
20287,8969,138,3,54.35,0.05
20288,8969,43,1,97.72,0.0
20289,8969,53,3,192.38,0.15
20290,8970,179,1,478.65,0.15
20291,8970,100,1,283.25,0.0
20292,8970,267,1,253.7,0.0
20293,8970,222,1,264.61,0.05
20294,8970,210,1,177.09,0.0
20295,8971,28,1,749.19,0.0
20296,8972,176,1,199.39,0.0
20297,8972,80,1,166.05,0.0
20298,8972,200,1,533.81,0.0
20299,8973,237,2,335.88,0.0
20300,8973,61,1,512.76,0.0
20301,8974,5,2,503.34,0.0
20302,8974,233,1,82.49,0.1
20303,8974,249,1,682.27,0.0
20304,8975,98,1,71.96,0.05
20305,8976,283,1,680.49,0.05
20306,8976,145,1,61.15,0.0
20307,8976,215,1,501.1,0.0
20308,8976,155,1,607.36,0.0
20309,8976,206,1,612.54,0.0
20310,8977,43,1,97.72,0.05
20311,8978,202,1,514.85,0.15
20312,8979,64,1,29.71,0.2
20313,8980,135,1,550.83,0.0
20314,8981,4,3,17.97,0.0
20315,8981,289,1,635.36,0.0
20316,8981,147,1,517.03,0.1
20317,8982,84,1,43.2,0.0
20318,8982,100,1,283.25,0.0
20319,8983,135,1,550.83,0.1
20320,8983,35,3,425.48,0.05
20321,8983,255,2,249.2,0.0
20322,8983,30,1,477.17,0.0
20323,8984,129,1,492.47,0.0
20324,8984,18,1,35.67,0.0
20325,8984,227,1,192.19,0.1
20326,8984,296,1,361.73,0.2
20327,8985,139,3,835.42,0.0
20328,8986,202,1,514.85,0.0
20329,8986,18,1,35.67,0.0
20330,8986,79,1,308.93,0.0
20331,8987,63,1,430.39,0.0
20332,8987,5,1,503.34,0.0
20333,8987,111,-1,227.31,0.0
20334,8988,178,1,563.12,0.0
20335,8989,186,1,290.81,0.0
20336,8989,126,1,240.49,0.1
20337,8990,92,1,148.78,0.0
20338,8991,97,3,628.48,0.0
20339,8991,268,1,23.79,0.2
20340,8992,16,1,245.66,0.05
20341,8993,171,1,14.73,0.0
20342,8993,247,1,708.26,0.05
20343,8993,161,1,68.77,0.0
20344,8993,9,1,66.57,0.2
20345,8993,242,2,166.1,0.0
20346,8994,155,1,607.36,0.0
20347,8994,79,-1,308.93,0.0
20348,8994,100,2,283.25,0.1
20349,8995,147,1,517.03,0.0
20350,8995,130,1,454.11,0.1
20351,8996,272,2,5.69,0.0
20352,8996,129,3,492.47,0.0
20353,8997,28,1,749.19,0.0
20354,8997,231,2,410.59,0.05
20355,8998,253,1,621.95,0.0
20356,8998,60,1,148.68,0.0
20357,8999,289,1,635.36,0.15
20358,8999,221,3,704.75,0.1
20359,8999,264,1,16.2,0.0
20360,8999,192,1,697.79,0.0
20361,9000,191,1,457.7,0.0
20362,9000,60,1,148.68,0.05
