customer_id,name,email,signup_date,city,country,age,gender,marketing_segment
1,Allison Hill,donaldgarcia@example.net,2019-08-17,Sydney,Australia,63,M,STANDARD
2,Angie Henderson,davisjesse@example.net,2023-02-25,Sydney,Australia,21,F,STANDARD
3,Cristian Santos,lrobinson@example.com,2021-10-31,Toronto,Canada,17,M,STANDARD
4,Abigail Shaffer,jpeterson@example.org,2020-03-27,Manchester,UK,53,M,C
5,Gabrielle Davis,howardmaurice@example.com,2022-11-30,Chicago,USA,37,M,STANDARD
6,Monica Herrera,smiller@example.net,2019-07-09,Los Angeles,USA,22,F,B
7,Shannon Ray,williamsjeremy@example.com,2023-02-03,New York,USA,50,F,STANDARD
8,Dr. Sharon James,xreid@example.org,2023-08-26,Vancouver,Canada,55,F,STANDARD
9,Daniel Adams,lynchgeorge@example.net,2019-04-04,Los Angeles,USA,65,F,C
10,Joel Nelson,gabriellecameron@example.org,2021-02-17,Los Angeles,USA,45,F,B
11,Andrew Stewart,carl95@example.org,2022-10-04,Toronto,Canada,60,M,STANDARD
12,Jennifer Rocha,ithomas@example.org,2021-12-29,Chicago,USA,26,Other,C
13,Kimberly Burgess,zhurst@example.com,2022-02-14,Melbourne,Australia,59,F,STANDARD
14,Zachary Hicks,camposmichelle@example.org,2019-03-07,Mumbai,India,41,Other,STANDARD
15,Rebecca Henderson,cruzcaitlin@example.com,2023-01-10,Bangkok,Thailand,29,M,STANDARD
16,Tricia Valencia,frazierdanny@example.net,2019-10-20,Berlin,Germany,24,F,C
17,Patricia Peterson,ryan70@example.net,2021-05-27,Paris,France,41,F,B
18,Deborah Mason,williamrodriguez@example.net,2019-07-06,Berlin,Germany,71,M,STANDARD
19,Mark Lynch,nathanielmartin@example.net,2022-05-06,Manchester,UK,40,M,C
20,Linda Burns,hickmannatasha@example.com,2023-10-29,Munich,Germany,59,M,A
21,David Bradley,millertodd@example.org,2023-04-24,Vancouver,Canada,37,F,B
22,Kim Martinez,karroyo@example.com,2023-11-29,Melbourne,Australia,48,F,STANDARD
23,Lisa Brandt,jenniferross@example.net,2020-09-03,Sydney,Australia,48,M,STANDARD
24,Jessica Holmes,wrightcaleb@example.org,2024-05-06,Munich,Germany,46,F,B
25,Crystal Robinson,zimmermanbrian@example.org,2021-01-13,Bangkok,Thailand,46,Other,STANDARD
26,Shannon Jones,joshuawashington@example.net,2023-02-07,Los Angeles,USA,68,M,A
27,Timothy Duncan,esanchez@example.com,2022-09-13,Chicago,USA,51,M,B
28,Brent Jordan,ujenkins@example.org,2024-03-17,Toronto,Canada,64,F,STANDARD
29,Victoria Garcia,zchandler@example.org,2022-08-23,Sydney,Australia,44,F,A
30,Connor West,dwhite@example.org,2020-11-23,Los Angeles,USA,53,F,C
31,Angela Morton,williamsyvette@example.org,2022-07-16,Melbourne,Australia,30,F,STANDARD
32,Tammy Allison,richardolson@example.com,2020-05-02,Munich,Germany,58,M,C
33,Carmen Smith,ybaker@example.com,2022-03-15,Bangkok,Thailand,46,F,STANDARD
34,Michael Cross,smoore@example.org,2019-07-18,Los Angeles,USA,43,M,VIP
35,Lauren Daniels,brian97@example.net,2022-10-11,New York,USA,57,F,STANDARD
36,Kim Brown,yorkcasey@example.org,2019-08-12,Mumbai,India,28,F,STANDARD
37,Cynthia Wilson,bethwilliams@example.org,2021-08-05,Vancouver,Canada,71,M,VIP
38,Kevin Mills,james53@example.com,2019-07-20,Munich,Germany,57,Not Specified,STANDARD
39,Michael Evans,sarah10@example.com,2023-03-24,Bangkok,Thailand,26,M,STANDARD
40,Kristine Garcia,williamanderson@example.com,2019-05-01,Bangkok,Thailand,46,Other,STANDARD
41,Sherry Wood,samueldaniels@example.com,2021-07-20,Singapore,Singapore,43,M,C
42,Victoria Valdez,contrerasangela@example.net,2023-01-11,Sydney,Australia,25,F,VIP
43,Shawn Baker,newtoneric@example.com,2022-01-15,Melbourne,Australia,63,M,STANDARD
44,Michelle Harris,william40@example.org,2023-10-13,Bangkok,Thailand,46,M,STANDARD
45,Sandra Williams,kellie42@example.net,2022-05-03,Los Angeles,USA,59,Other,STANDARD
46,Michael Hoffman,jonesnicole@example.org,2020-05-19,Paris,France,46,M,A
47,Sandra Aguilar,russellwilliams@example.com,2021-12-06,Paris,France,75,F,STANDARD
48,Rebecca Valencia,jason31@example.com,2021-03-21,Vancouver,Canada,58,Other,STANDARD
49,Stacey Russell,sarayoung@example.org,2019-05-29,Bangkok,Thailand,45,F,VIP
50,Rita Keith,whitesandra@example.com,2020-03-12,Munich,Germany,32,F,STANDARD
51,Sharon Cochran,erik16@example.org,2021-01-26,Toronto,Canada,26,F,A
52,Courtney Velasquez,ybailey@example.org,2022-09-01,Singapore,Singapore,16,Other,STANDARD
53,Matthew Ross,michelle45@example.net,2024-04-06,Los Angeles,USA,32,M,STANDARD
54,Meghan Anthony,sheila14@example.org,2020-07-31,Vancouver,Canada,29,M,A
55,Victoria Johnson,yreed@example.com,2021-11-01,Vancouver,Canada,32,F,STANDARD
56,William Wilson,jonathanfletcher@example.org,2023-08-26,Manchester,UK,46,M,STANDARD
57,Renee Mcdaniel,michaeljones@example.net,2019-11-27,Vancouver,Canada,51,F,C
58,Lisa Alvarado,cortezkevin@example.com,2022-11-16,Bangkok,Thailand,46,M,VIP
59,Erika Terry,jamesortega@example.com,2019-09-19,Manchester,UK,35,Not Specified,STANDARD
60,Stephanie Gilbert,richard04@example.com,2024-01-15,New York,USA,29,F,STANDARD
61,Richard Lawson,steven73@example.net,2023-12-16,Munich,Germany,55,F,STANDARD
62,Steven Flynn,donnacampbell@example.net,2024-06-22,Chicago,USA,72,Other,STANDARD
63,Frances Cardenas,emilywalker@example.org,2024-03-21,Singapore,Singapore,67,F,VIP
64,Angel Riggs,gibsonolivia@example.net,2023-06-01,Chicago,USA,40,F,STANDARD
65,Michael Snyder,dylanwatts@example.org,2024-02-24,Mumbai,India,38,F,STANDARD
66,Colleen Brock,pwilliams@example.org,2022-09-13,New York,USA,41,Not Specified,B
67,Robert Contreras,stephanie79@example.net,2020-12-20,Vancouver,Canada,48,M,STANDARD
68,Jessica Meadows,vmerritt@example.com,2019-08-25,New York,USA,27,F,A
69,Paul Larsen,katie87@example.net,2021-06-08,Paris,France,62,Not Specified,STANDARD
70,Jeremiah Reeves,josephflores@example.net,2021-02-27,Los Angeles,USA,28,F,STANDARD
71,Chris Reyes,jasminebrown@example.com,2023-07-10,Bangkok,Thailand,59,M,STANDARD
72,John Brown,xprice@example.net,2021-06-02,London,UK,58,M,C
73,Alicia Gilmore,wwoods@example.com,2023-01-14,Los Angeles,USA,48,F,C
74,Sarah Ashley,vmedina@example.net,2022-02-09,Vancouver,Canada,28,M,STANDARD
75,Stephanie Freeman,ryan06@example.com,2019-12-23,Bangkok,Thailand,52,F,STANDARD
76,Rebecca Ramsey,ncalhoun@example.net,2020-03-06,Vancouver,Canada,66,M,STANDARD
77,James Elliott,millerroy@example.com,2022-10-15,Berlin,Germany,48,M,STANDARD
78,David Murphy,wmurphy@example.com,2022-09-11,Chicago,USA,34,F,STANDARD
79,Trevor Fisher,ruizkaitlyn@example.org,2024-05-03,Mumbai,India,59,F,STANDARD
80,Mrs. Marie Harrington Dds,herringjames@example.org,2020-05-16,New York,USA,55,F,VIP
81,Cynthia Wells,elliottjeffery@example.net,2022-03-24,Sydney,Australia,61,F,STANDARD
82,Jacob Obrien,stricklandfrank@example.com,2022-11-09,Sydney,Australia,73,F,STANDARD
83,Alexander Collins,tsanders@example.org,2020-03-24,Manchester,UK,67,F,B
84,Michael Burton,terrykevin@example.net,2024-02-22,Toronto,Canada,45,M,B
85,Barbara Riggs,reedross@example.com,2022-05-04,Munich,Germany,64,M,STANDARD
86,Matthew Smith,gshort@example.com,2021-05-23,Munich,Germany,44,M,STANDARD
87,Madison Poole,ryangross@example.net,2023-03-20,Vancouver,Canada,69,M,STANDARD
88,Robert Medina,umarshall@example.net,2020-05-04,Sydney,Australia,44,F,STANDARD
89,Samuel Rivas,ramirezshannon@example.com,2024-01-03,London,UK,21,M,VIP
90,Mary Rogers,lrosales@example.com,2020-03-14,Melbourne,Australia,42,F,B
91,Robert Peterson,angela83@example.org,2023-09-02,Toronto,Canada,40,M,STANDARD
92,Jason Peters,hannahbrewer@example.com,2023-12-09,Mumbai,India,40,F,STANDARD
93,Alan Phillips,tholt@example.net,2023-10-14,Manchester,UK,50,M,STANDARD
94,Kara Schmidt,jbarajas@example.com,2021-09-26,Unknown,Canada,33,F,VIP
95,Jesse Parker,davidlee@example.org,2023-06-23,Sydney,Australia,62,F,STANDARD
96,Tiffany Vaughn,javierwashington@example.net,2021-12-29,Paris,France,74,F,STANDARD
97,Paige Carlson,wallkenneth@example.com,2021-05-27,Sydney,Australia,71,F,A
98,Adrian Ferguson,brandon08@example.com,2021-07-20,Toronto,Canada,37,M,C
99,Beth Oneill,agarcia@example.net,2021-05-13,Unknown,India,69,M,STANDARD
100,John Peterson,kingmichelle@example.org,2020-04-04,London,UK,20,M,VIP
101,Jennifer Jones,hernandezlisa@example.com,2020-02-13,Toronto,Canada,55,M,STANDARD
102,David Grant,yobrien@example.net,2024-04-25,Paris,France,45,F,A
103,Joseph Hayes,levans@example.com,2024-05-27,Paris,France,65,F,STANDARD
104,Marc Lynch,mezajared@example.org,2024-03-17,New York,USA,52,F,STANDARD
105,Brad Allen,moorericky@example.net,2020-02-11,Melbourne,Australia,53,F,C
106,Doris Hall,jacqueline71@example.net,2020-09-09,Singapore,Singapore,67,M,A
107,Dennis Moody,ronaldstephens@example.net,2021-12-27,London,UK,58,F,STANDARD
108,Derek Thomas,martinkyle@example.net,2021-05-10,Mumbai,India,22,M,STANDARD
109,Tammy Gonzales,sbarker@example.com,2022-12-19,Berlin,Germany,43,M,STANDARD
110,Kathryn Snyder,georgepamela@example.net,2023-07-14,Paris,France,65,M,STANDARD
111,David Davis,keyemily@example.com,2020-10-22,Vancouver,Canada,69,F,STANDARD
112,Pamela Thompson,lmoon@example.net,2021-08-09,Singapore,Singapore,55,M,C
113,Robert Costa,vbailey@example.com,2020-01-08,London,UK,29,F,STANDARD
114,Shannon Rivera,zroberts@example.net,2022-12-07,Paris,France,46,F,B
115,Brandon King,cordovarichard@example.net,2021-04-12,Melbourne,Australia,51,M,STANDARD
116,April Booth,mgutierrez@example.net,2021-07-06,Berlin,Germany,21,F,STANDARD
117,Peter Garrett,harrisandrea@example.com,2022-04-06,Sydney,Australia,46,Not Specified,STANDARD
118,Michael Martinez,jennifercollins@example.org,2020-11-08,Munich,Germany,60,F,A
119,Anna Gay,murraydavid@example.org,2020-01-30,Melbourne,Australia,23,M,A
120,Dr. Jordan Hill Phd,jsanchez@example.org,2020-03-19,Toronto,Canada,33,M,STANDARD
121,Thomas Romero,michellehill@example.com,2019-07-25,Vancouver,Canada,34,F,STANDARD
122,Richard Adams,campbellkenneth@example.net,2019-09-17,Munich,Germany,18,M,B
123,Mary Grimes,wryan@example.com,2022-07-30,Chicago,USA,22,M,B
124,Kimberly Gibson,molly39@example.com,2020-11-28,Berlin,Germany,19,F,C
125,Reginald Williams,zthornton@example.com,2021-03-31,Los Angeles,USA,20,F,VIP
126,Matthew Hoover,tylerjohnson@example.net,2022-02-26,Singapore,Singapore,21,M,STANDARD
127,Evelyn Garcia,dgarcia@example.org,2022-05-05,Paris,France,30,M,A
128,Jennifer Pena,charlesharrington@example.com,2023-10-28,Vancouver,Canada,43,M,A
129,Michael Santos,melissa86@example.com,2019-07-23,Melbourne,Australia,56,F,STANDARD
130,Stacy Freeman,williamsonjimmy@example.net,2022-02-04,Chicago,USA,46,M,STANDARD
131,Yolanda Francis,wgood@example.net,2019-03-08,Vancouver,Canada,34,F,STANDARD
132,Ashlee Jackson,rebecca05@example.org,2020-04-23,Sydney,Australia,66,M,A
133,James Thomas,yknight@example.org,2021-05-20,Toronto,Canada,50,F,STANDARD
134,Bob Pitts,tyleraguilar@example.org,2019-05-27,Chicago,USA,26,M,VIP
135,David Scott,nolansteven@example.com,2020-08-14,Bangkok,Thailand,23,F,STANDARD
136,Brooke Alexander,vanessa46@example.net,2021-10-21,Vancouver,Canada,47,M,STANDARD
137,Ryan Gonzalez,gcastaneda@example.org,2020-10-22,Melbourne,Australia,46,M,STANDARD
138,Ian Phillips,andrew64@example.org,2022-03-24,Mumbai,India,17,F,STANDARD
139,Melissa Garner,lozanojulie@example.com,2023-04-12,New York,USA,46,F,VIP
140,Crystal Pham,danaoliver@example.net,2021-06-11,Paris,France,68,F,B
141,Patricia Becker,courtneyberger@example.net,2020-10-19,London,UK,70,M,C
142,Richard Johnson,jessica14@example.com,2024-04-19,Sydney,Australia,68,F,A
143,Casey Anderson,alyssa42@example.com,2020-10-24,Vancouver,Canada,65,Not Specified,A
144,Terry Coffey,julie51@example.com,2023-11-16,Sydney,Australia,45,F,STANDARD
145,Brenda Levy,zcoffey@example.net,2021-10-17,Singapore,Singapore,44,M,STANDARD
146,Richard Smith,gibsonemily@example.net,2020-08-12,Bangkok,Thailand,72,Not Specified,A
147,James Little,daniel37@example.org,2023-06-25,Paris,France,61,M,STANDARD
148,Terri Murphy,deborahreid@example.com,2020-04-05,Los Angeles,USA,45,F,STANDARD
149,Elizabeth Ortiz,brandonjohnson@example.com,2023-01-07,Bangkok,Thailand,48,M,STANDARD
150,David Medina,qchavez@example.net,2020-05-14,Berlin,Germany,51,M,VIP
151,Kimberly Matthews,nicolepena@example.com,2023-12-06,Melbourne,Australia,71,M,VIP
152,Teresa Ramirez,jeff73@example.com,2024-03-28,London,UK,33,F,STANDARD
153,Michael Stephens,bruce43@example.org,2022-04-02,Paris,France,71,F,STANDARD
154,Samantha Davis,darleneharper@example.org,2023-04-12,Munich,Germany,40,F,C
155,Gavin Zhang,caseyhubbard@example.org,2020-05-04,Melbourne,Australia,40,F,STANDARD
156,Robin Hall,kristinacarlson@example.com,2021-08-26,Melbourne,Australia,40,M,STANDARD
157,Brianna Anderson,lauren10@example.org,2021-10-11,Chicago,USA,24,M,STANDARD
158,Richard Young,alfred40@example.org,2023-09-27,Mumbai,India,22,M,STANDARD
159,Kelly Reese,xwest@example.net,2023-11-19,Manchester,UK,25,F,STANDARD
160,Jodi Walker,acostaregina@example.net,2022-11-19,Paris,France,57,M,STANDARD
161,Judith Maynard,lutzmelanie@example.com,2021-02-17,Munich,Germany,56,M,VIP
162,Katherine Browning,lammarc@example.org,2022-06-18,New York,USA,31,Not Specified,VIP
163,Donald Schultz,oscar98@example.com,2019-07-05,Melbourne,Australia,22,F,C
164,Larry Garcia,farrelldebra@example.net,2022-11-22,Chicago,USA,46,F,STANDARD
165,Cindy Hayes,robertwilcox@example.com,2021-02-06,London,UK,25,M,C
166,Brandon Simmons,nicholas27@example.org,2019-12-15,Chicago,USA,21,M,A
167,Bradley Reynolds,lisa80@example.net,2024-02-13,Berlin,Germany,25,F,B
168,Kristina Santiago,qgomez@example.com,2019-01-20,Sydney,Australia,73,F,STANDARD
169,Michelle Schmitt,michael98@example.org,2022-04-18,London,UK,56,F,STANDARD
170,John Boone,megan51@example.com,2020-02-12,Vancouver,Canada,70,M,VIP
171,Renee Bruce,lynchdiane@example.net,2020-08-28,Paris,France,17,F,C
172,Christopher Park,sandra50@example.org,2023-11-07,Paris,France,74,M,B
173,Kylie Morales,joycebonilla@example.org,2023-05-08,Vancouver,Canada,54,F,STANDARD
174,Cindy Barnes,eric45@example.net,2022-10-20,Vancouver,Canada,56,F,C
175,Sophia Moore,craigjoseph@example.net,2021-06-21,Singapore,Singapore,53,M,STANDARD
176,Lawrence Perry,kariwilson@example.com,2023-03-11,London,UK,27,M,STANDARD
177,Michael Watkins,brandon69@example.org,2021-12-23,London,UK,74,M,C
178,Eric Clark,kathrynroberts@example.org,2024-06-04,Berlin,Germany,63,M,B
179,Paul Thompson,opatel@example.net,2019-10-16,Los Angeles,USA,71,F,B
180,Mary Gomez,chensley@example.com,2023-07-06,Mumbai,India,39,F,C
181,Thomas Atkins,tberry@example.net,2021-07-20,Los Angeles,USA,59,F,STANDARD
182,Brian Smith,george97@example.net,2024-04-09,Sydney,Australia,22,M,STANDARD
183,Anita Richard,ryanmorales@example.org,2020-11-02,Munich,Germany,30,M,STANDARD
184,Eric Morgan,kimberly18@example.net,2020-09-10,Melbourne,Australia,42,F,C
185,Jordan Bullock,michael23@example.org,2019-08-26,Berlin,Germany,31,F,B
186,Craig Morrison,thompsonkendra@example.com,2024-04-28,Sydney,Australia,42,M,B
187,Justin Riley,michelle52@example.com,2019-07-22,Sydney,Australia,55,F,STANDARD
188,Jeremy Turner,brittany58@example.org,2020-03-20,London,UK,44,F,A
189,Jesse Brown,chase19@example.net,2021-01-22,Sydney,Australia,73,F,STANDARD
190,Julie Spencer,colelisa@example.net,2024-06-05,Toronto,Canada,70,F,B
191,Larry Mason,hayeslisa@example.com,2022-05-07,Sydney,Australia,19,F,STANDARD
192,Mrs. Maria Williams,hritter@example.net,2020-02-25,Paris,France,69,F,B
193,Helen Hardin,vortiz@example.net,2020-04-22,Mumbai,India,65,F,STANDARD
194,Rachel Holland,riveraangela@example.com,2019-10-24,Mumbai,India,50,M,STANDARD
195,Nathaniel Douglas,mathewaguilar@example.org,2019-09-27,New York,USA,38,F,STANDARD
196,Emily Douglas,tanderson@example.org,2020-06-27,Chicago,USA,24,M,C
197,James Conner,elizabethcalderon@example.net,2021-07-07,Berlin,Germany,48,F,STANDARD
198,Susan Davis Dds,andrew42@example.org,2019-03-30,Paris,France,49,F,STANDARD
199,Ralph Lee,ericphillips@example.org,2023-10-02,Berlin,Germany,43,M,A
200,Kimberly Rodgers,stanleynancy@example.net,2024-01-16,Los Angeles,USA,36,F,B
201,James Martin,jenniferwilliams@example.com,2022-04-13,Sydney,Australia,61,M,A
202,Cynthia Wallace,karen73@example.net,2021-11-01,Berlin,Germany,43,M,STANDARD
203,Vincent Mueller,michealvalentine@example.com,2023-12-03,Sydney,Australia,62,M,STANDARD
204,Douglas Reyes,mburch@example.net,2020-11-25,Manchester,UK,41,F,STANDARD
205,David Davidson,angela18@example.org,2020-06-06,Sydney,Australia,25,F,B
206,Phillip Nelson,mariahdavis@example.org,2019-07-10,Los Angeles,USA,22,F,C
207,Stacey Arias,gbrown@example.com,2022-04-16,New York,USA,51,F,STANDARD
208,Zachary Brooks,florescory@example.net,2024-04-11,Sydney,Australia,71,F,STANDARD
209,Raven Taylor,samantha72@example.net,2020-12-21,Vancouver,Canada,52,M,STANDARD
210,Luis Bullock,scottmary@example.net,2019-08-10,Mumbai,India,70,F,STANDARD
211,Lisa Henderson,john10@example.org,2023-07-12,Toronto,Canada,70,M,STANDARD
212,Riley Bryant,copelandvincent@example.net,2022-08-09,Sydney,Australia,17,M,STANDARD
213,Jose Allen,kellysmith@example.com,2020-01-05,New York,USA,60,F,STANDARD
214,Jason Beck,millsmichael@example.net,2023-11-17,Chicago,USA,52,M,VIP
215,Rachel Romero,myerstheodore@example.net,2019-07-07,New York,USA,29,F,VIP
216,James Burgess,kristina53@example.net,2023-01-17,Vancouver,Canada,65,M,A
217,Ashley Perkins,dennis58@example.com,2019-11-19,Chicago,USA,19,M,STANDARD
218,Carrie Maxwell,epollard@example.net,2022-05-28,Berlin,Germany,42,F,STANDARD
219,Chad Baldwin,mjohnson@example.org,2019-08-16,Manchester,UK,59,M,STANDARD
220,Stacey Stewart,zachary87@example.com,2020-03-27,New York,USA,46,Other,A
221,Matthew Mitchell,glennmartin@example.org,2019-10-09,Unknown,Singapore,34,M,B
222,Jessica Ross,ykline@example.com,2019-09-22,Chicago,USA,50,M,B
223,Kathleen Jimenez,laurie61@example.com,2020-12-26,Singapore,Singapore,41,F,B
224,Samantha Gardner,curtis54@example.com,2019-06-09,Bangkok,Thailand,52,M,C
225,Mitchell Jackson,cbell@example.net,2019-08-24,Vancouver,Canada,17,Other,STANDARD
226,Heather Bolton,danielle01@example.net,2023-08-31,Berlin,Germany,21,F,VIP
227,Heidi Owen,stephaniethomas@example.net,2021-12-09,Manchester,UK,41,F,VIP
228,Jessica Martinez,kimberlydiaz@example.com,2019-12-11,Singapore,Singapore,48,F,C
229,Amanda Hernandez,xrush@example.com,2020-12-16,Singapore,Singapore,62,F,STANDARD
230,Laura Moreno,redwards@example.org,2019-10-27,Los Angeles,USA,28,M,STANDARD
231,Allison Lopez,hmcintyre@example.com,2019-12-29,Los Angeles,USA,47,M,A
232,Michele Lewis,heather73@example.org,2024-03-07,Sydney,Australia,57,M,VIP
233,Benjamin Thompson,zosborn@example.net,2020-10-09,Sydney,Australia,44,F,B
234,Victoria Contreras,piercekelly@example.com,2022-04-26,Vancouver,Canada,38,F,A
235,Michelle Ho,laurahicks@example.org,2021-01-25,New York,USA,20,F,C
236,Dr. Cynthia Snyder,angela57@example.net,2021-11-04,Paris,France,45,M,STANDARD
237,Stephen Jones,ukey@example.com,2021-07-10,New York,USA,57,M,STANDARD
238,Patricia Morrow,martinezlogan@example.org,2021-07-11,New York,USA,67,M,STANDARD
239,Michael Cooper,katrinaanderson@example.net,2022-08-16,Munich,Germany,18,F,C
240,Amy Martinez,kevinmartin@example.net,2022-06-02,Munich,Germany,39,F,STANDARD
241,Travis Stone,meghan43@example.net,2022-10-22,London,UK,19,F,STANDARD
242,Denise Weber,shawgary@example.net,2022-02-16,Los Angeles,USA,34,Not Specified,STANDARD
243,Matthew Le,megan90@example.org,2023-11-24,Paris,France,37,M,STANDARD
244,Travis Wise,debra96@example.net,2024-06-04,Vancouver,Canada,60,M,STANDARD
245,Kathleen Burton,dawn47@example.org,2020-09-26,Los Angeles,USA,40,F,STANDARD
246,Melinda Evans,barkereric@example.com,2023-08-25,Melbourne,Australia,21,F,C
247,Mr. Lawrence Edwards,jessica56@example.org,2020-09-24,London,UK,29,F,STANDARD
248,Kayla Rodriguez,stevenadams@example.org,2019-11-14,Chicago,USA,34,M,A
249,Anthony Dougherty,kwright@example.com,2023-02-21,Mumbai,India,18,M,A
250,Michelle Lee,tyronerobertson@example.com,2021-02-10,Paris,France,26,M,A
251,Kathleen Davis,pwagner@example.org,2019-12-06,Bangkok,Thailand,18,F,A
252,Amber Campbell,amitchell@example.org,2022-06-04,Berlin,Germany,64,M,A
253,Stephen Luna,zdiaz@example.org,2024-05-31,Vancouver,Canada,73,Other,STANDARD
254,Chloe Tran,hughesshannon@example.net,2021-08-03,Berlin,Germany,65,Not Specified,VIP
255,William Becker,andersoncolin@example.com,2020-02-13,Mumbai,India,24,M,STANDARD
256,Gina Mcmillan,jameshicks@example.net,2022-02-09,London,UK,61,F,B
257,Andrew Reeves,jstone@example.net,2019-11-25,Singapore,Singapore,44,F,STANDARD
258,Brenda Velazquez,francisco94@example.net,2020-03-30,Unknown,Thailand,72,F,STANDARD
259,Ronald Patel,thomas05@example.com,2021-02-04,Munich,Germany,40,F,VIP
260,Veronica Silva,carlsonjoseph@example.net,2019-07-22,Bangkok,Thailand,37,F,VIP
261,Paula Lane,silvageorge@example.net,2021-08-25,Mumbai,India,64,F,A
262,Patricia James,anthonyvaughan@example.org,2019-02-08,Los Angeles,USA,29,M,STANDARD
263,Jeremy Barnes,avaughn@example.net,2021-05-16,Munich,Germany,65,F,VIP
264,Tami Salas,thorntonapril@example.net,2022-08-01,Manchester,UK,45,M,STANDARD
265,Matthew Fox,sue78@example.com,2019-02-03,Munich,Germany,48,F,VIP
266,Megan Dillon,chelsea33@example.com,2022-06-13,New York,USA,31,M,C
267,Courtney Dudley,kellie37@example.com,2024-06-19,Munich,Germany,20,M,STANDARD
268,Justin Michael,keith98@example.com,2022-02-08,Munich,Germany,40,F,A
269,Jennifer Reed,kellyroberts@example.net,2020-06-03,London,UK,38,M,VIP
270,Thomas Douglas,ilewis@example.com,2019-08-01,Sydney,Australia,63,F,STANDARD
271,Melissa Taylor,johnsantiago@example.net,2023-07-25,London,UK,27,Not Specified,STANDARD
272,David Garcia,jennifer12@example.org,2022-07-17,Berlin,Germany,67,Other,STANDARD
273,Vanessa Moore,mwoods@example.com,2020-08-23,New York,USA,18,F,B
274,Matthew Velez,pearsonjesse@example.net,2021-11-21,Vancouver,Canada,68,M,C
275,Taylor Gentry,robertmonroe@example.org,2020-08-08,Toronto,Canada,71,F,STANDARD
276,Jennifer Simpson Dvm,nancy04@example.net,2023-06-26,Los Angeles,USA,43,M,B
277,Tanya Rogers,ihays@example.net,2020-11-25,Manchester,UK,47,M,STANDARD
278,Todd Rosales Md,lisarivera@example.net,2023-06-29,Vancouver,Canada,62,Not Specified,A
279,David Lopez,krystal93@example.org,2022-01-22,Chicago,USA,36,F,STANDARD
280,Margaret Sullivan,frobertson@example.com,2022-05-19,Berlin,Germany,26,F,VIP
281,Cathy Taylor,shari04@example.com,2024-02-10,Mumbai,India,55,Not Specified,STANDARD
282,Paul Finley,brandi90@example.com,2019-06-03,New York,USA,41,M,B
283,Melissa Brown,marshallerik@example.net,2019-10-20,New York,USA,59,F,C
284,Stephanie Padilla,hannah45@example.net,2022-08-14,Singapore,Singapore,39,M,STANDARD
285,Tyler Mendoza,madkins@example.com,2021-07-10,Sydney,Australia,39,F,STANDARD
286,Joshua Ruiz,kathleenbecker@example.net,2021-03-26,London,UK,57,F,STANDARD
287,Angela Griffin,christian91@example.org,2021-10-19,Chicago,USA,40,M,B
288,Stephanie Harris,franklinbond@example.com,2021-07-02,Melbourne,Australia,55,M,STANDARD
289,Daniel Aguilar,nolansean@example.org,2019-10-05,Los Angeles,USA,44,Not Specified,STANDARD
290,Jose Bryant,hansenemily@example.com,2022-10-28,Singapore,Singapore,58,M,STANDARD
291,Jennifer Velasquez,bethwilliams@example.com,2020-09-06,Bangkok,Thailand,61,F,STANDARD
292,Kimberly Brown,andersenthomas@example.com,2021-11-07,London,UK,23,F,B
293,Randy Cannon,ybrooks@example.com,2019-02-23,Berlin,Germany,51,Not Specified,B
294,Susan Bennett,desireebailey@example.org,2022-06-07,Chicago,USA,20,M,B
295,Jenna Anderson Dvm,avilatiffany@example.com,2021-04-21,Munich,Germany,68,F,STANDARD
296,Kimberly Patel,johnreed@example.com,2021-07-10,Los Angeles,USA,59,M,VIP
297,Shaun Cannon,pachecorobert@example.org,2022-08-03,Munich,Germany,27,M,STANDARD
298,Austin Wheeler,tharper@example.org,2019-04-24,Mumbai,India,49,F,B
299,Andrew Gonzales,karenparsons@example.org,2020-04-06,Melbourne,Australia,49,F,STANDARD
300,Donna Cabrera,barbara53@example.com,2024-05-12,Sydney,Australia,33,M,A
301,Victoria Boyd,dturner@example.net,2022-08-05,Munich,Germany,53,M,STANDARD
302,Sheryl Buck,dpeters@example.com,2024-01-22,Melbourne,Australia,37,M,VIP
303,Megan Floyd,heather62@example.com,2019-06-16,New York,USA,57,F,C
304,Paul Wells,kevinzimmerman@example.com,2021-05-03,Paris,France,46,M,STANDARD
305,Kristina Faulkner,paulscott@example.com,2024-05-13,Sydney,Australia,46,F,STANDARD
306,Tammy Boone,nicholsmaria@example.org,2019-05-30,Berlin,Germany,26,F,B
307,Michael Morrison,lopezkathleen@example.net,2019-10-22,Paris,France,71,M,VIP
308,Claire Clark,kevin03@example.org,2019-09-25,Manchester,UK,48,M,VIP
309,Autumn Key,srocha@example.net,2021-07-09,Vancouver,Canada,25,F,VIP
310,Jennifer Allen,kimberly67@example.net,2021-05-06,Paris,France,71,Other,STANDARD
311,Elizabeth Ward,zowens@example.net,2020-10-02,Melbourne,Australia,64,M,STANDARD
312,Ryan Rocha,lawrence09@example.org,2020-09-23,Bangkok,Thailand,17,F,STANDARD
313,Alexis Tran,mphillips@example.com,2020-03-16,Toronto,Canada,46,M,STANDARD
314,Kelly Sanchez,jonathan77@example.com,2022-09-01,Mumbai,India,34,F,STANDARD
315,Robert Jackson,iwhite@example.net,2020-06-25,Bangkok,Thailand,64,F,STANDARD
316,Kelly Combs,landryelizabeth@example.org,2020-02-03,Munich,Germany,51,F,C
317,Ryan Hall,albertwagner@example.com,2020-07-26,Munich,Germany,59,F,STANDARD
318,Mark Peck,bhopkins@example.org,2023-06-16,London,UK,51,F,STANDARD
319,Jennifer Smith,amanda40@example.net,2021-04-02,Munich,Germany,46,F,STANDARD
320,Megan Drake,danieldavis@example.org,2021-11-29,Berlin,Germany,25,F,VIP
321,Manuel King,joseph61@example.com,2020-10-14,Paris,France,41,F,STANDARD
322,Judy Sanchez,kevinclayton@example.org,2021-11-04,London,UK,50,M,STANDARD
323,Shannon Malone,sullivannicholas@example.com,2021-01-24,New York,USA,59,F,C
324,Adam Jackson,pbruce@example.com,2023-01-25,Bangkok,Thailand,17,M,STANDARD
325,Shannon Davis,hallrachel@example.net,2022-03-30,Singapore,Singapore,30,F,STANDARD
326,Karen Williams,cohenjuan@example.net,2023-01-16,Sydney,Australia,65,M,STANDARD
327,Amanda Mcfarland,alexis39@example.org,2022-03-18,New York,USA,46,F,A
328,Michelle Sanders,evansanne@example.net,2020-02-22,Melbourne,Australia,48,M,VIP
329,Jasmine Mosley,patrick21@example.net,2023-01-29,Melbourne,Australia,61,F,C
330,Haley Davis,marypeterson@example.net,2021-09-06,Sydney,Australia,40,M,STANDARD
331,Jennifer Ayala,walterskristen@example.com,2022-01-23,London,UK,59,M,STANDARD
332,Henry Pugh Md,nmiller@example.com,2020-06-25,Melbourne,Australia,46,M,STANDARD
333,Michelle Miller,normanbowers@example.org,2024-04-12,Toronto,Canada,65,M,STANDARD
334,Emily Rodriguez,hahnsean@example.com,2021-09-09,London,UK,51,F,STANDARD
335,Brandon Jordan,fgarcia@example.com,2022-03-20,Los Angeles,USA,40,F,A
336,Linda Mueller,asmith@example.com,2023-07-06,Singapore,Singapore,46,F,STANDARD
337,Misty Hansen,ashleyjackson@example.com,2021-06-24,Bangkok,Thailand,32,M,STANDARD
338,Derrick Adams,bryanhamilton@example.com,2024-03-25,Vancouver,Canada,60,M,STANDARD
339,Richard Ward,jennifersimpson@example.net,2020-05-11,Toronto,Canada,58,F,STANDARD
340,Brian Torres,ncook@example.com,2021-04-26,Los Angeles,USA,61,F,C
341,Erin Cook,kevinmorrison@example.net,2024-06-25,Munich,Germany,42,M,A
342,Ernest Oconnell,kelly79@example.org,2020-02-13,Sydney,Australia,36,M,VIP
343,Douglas Hartman,daniel93@example.net,2022-03-21,Sydney,Australia,50,F,VIP
344,Catherine Saunders Md,nhahn@example.com,2019-12-25,Bangkok,Thailand,72,F,C
345,Sandra Jones,ichambers@example.net,2021-03-24,Mumbai,India,27,Other,B
346,David Moore,emccormick@example.com,2019-03-18,Bangkok,Thailand,35,Not Specified,STANDARD
347,Karen Morales Dds,ystephens@example.com,2021-07-19,Vancouver,Canada,50,F,STANDARD
348,Robin Wheeler,rodriguezjohn@example.net,2021-08-16,Munich,Germany,28,M,STANDARD
349,Matthew Williams,vrasmussen@example.com,2020-06-10,Sydney,Australia,16,M,STANDARD
350,Brett Walker,seanmyers@example.net,2020-01-31,Singapore,Singapore,55,M,C
351,Kathryn Cooper,webbkenneth@example.org,2020-11-02,Munich,Germany,41,F,STANDARD
352,Todd Thomas,matthew38@example.com,2024-03-31,London,UK,16,M,STANDARD
353,Brent Bowen,tflores@example.org,2020-09-10,London,UK,62,F,STANDARD
354,Ashley Sweeney,byrdfrank@example.net,2019-05-08,Toronto,Canada,45,M,A
355,Christopher Moore,omullen@example.com,2023-12-24,Bangkok,Thailand,60,F,B
356,Charlotte Sandoval,njohnson@example.org,2020-03-28,Paris,France,24,Not Specified,VIP
357,Jeffrey Smith,jamiegoodwin@example.org,2021-05-01,London,UK,74,M,C
358,Rebecca Herrera,mark71@example.com,2023-04-10,Toronto,Canada,59,F,STANDARD
359,Katherine Church,candice96@example.net,2021-12-17,Berlin,Germany,20,M,VIP
360,Harold Ellis,lisamccarthy@example.com,2021-11-01,Bangkok,Thailand,52,M,C
361,Leslie Powers,david41@example.org,2019-08-27,Berlin,Germany,61,M,C
362,Charles Price,baileyhenderson@example.com,2019-04-24,Singapore,Singapore,24,F,VIP
363,Melissa Brewer,angelaburns@example.org,2022-10-09,Berlin,Germany,46,F,STANDARD
364,Ryan Harvey,stephanie72@example.org,2022-03-30,Toronto,Canada,18,M,STANDARD
365,Tracey Wagner,fortiz@example.com,2024-03-29,New York,USA,75,F,STANDARD
366,Jill Jackson,flynnjeffrey@example.org,2023-04-18,Chicago,USA,62,Not Specified,B
367,Joshua Jackson,xcunningham@example.com,2021-07-07,Manchester,UK,40,M,STANDARD
368,Ashley Wilson,amber07@example.net,2022-08-31,Chicago,USA,23,M,VIP
369,Jeffery Fitzgerald,kennethkidd@example.com,2024-06-27,Unknown,Australia,46,F,C
370,Scott Miller,rowejoel@example.net,2023-01-12,Sydney,Australia,43,F,A
371,Heather Page,imartin@example.org,2019-11-14,London,UK,28,F,B
372,Renee Hudson,candice25@example.net,2022-09-14,Singapore,Singapore,55,F,STANDARD
373,Kenneth Farley,taylorkaren@example.com,2019-05-18,Toronto,Canada,46,M,C
374,Wendy Camacho,jacquelineanderson@example.org,2020-05-16,New York,USA,41,M,STANDARD
375,Sandra Juarez,kburns@example.net,2019-04-26,Singapore,Singapore,48,M,STANDARD
376,Jason Hayes,powellkara@example.net,2020-10-15,Paris,France,54,F,C
377,Jackie Clements,brandi17@example.net,2019-10-21,Bangkok,Thailand,30,M,C
378,Heather Brown,brobinson@example.org,2023-12-07,Paris,France,56,F,A
379,Frank Campbell Md,ashleewashington@example.com,2024-04-12,London,UK,58,M,STANDARD
380,Pamela Williams,ksmith@example.com,2019-11-02,Manchester,UK,40,F,B
381,William Patterson,nicoleturner@example.com,2020-09-07,Toronto,Canada,67,F,C
382,Isaac Miller,brettgarrett@example.net,2022-02-15,Manchester,UK,24,F,STANDARD
383,Cynthia Rios,smiththomas@example.org,2024-03-03,Los Angeles,USA,70,M,VIP
384,Kelly Wallace,dominguezlisa@example.com,2020-07-03,New York,USA,59,F,STANDARD
385,Karen Perez,crosscurtis@example.com,2023-04-09,Singapore,Singapore,62,F,B
386,Edwin Reyes,darlenebyrd@example.org,2020-11-12,Bangkok,Thailand,46,Not Specified,STANDARD
387,Alejandra Santos,nbell@example.net,2023-03-10,Los Angeles,USA,74,F,A
388,Tamara Jensen,fheath@example.org,2020-05-05,Bangkok,Thailand,36,M,STANDARD
389,Bryce Blair,sylvia52@example.org,2020-09-23,London,UK,39,F,C
390,Bradley Tran,kimberly04@example.org,2021-08-19,Melbourne,Australia,74,F,VIP
391,Katrina Adkins,debbie37@example.com,2020-03-29,Mumbai,India,17,M,STANDARD
392,Jonathan Wheeler,hatfieldsarah@example.org,2020-08-27,Manchester,UK,28,M,STANDARD
393,Ryan Fisher,kathrynbest@example.org,2022-02-01,Berlin,Germany,59,M,STANDARD
394,Austin Baker,livingstonstacy@example.com,2022-08-07,Melbourne,Australia,45,F,A
395,Lori Mason,zhenderson@example.org,2022-01-24,Melbourne,Australia,27,M,C
396,Kimberly Hernandez,collinswilliam@example.org,2021-12-09,New York,USA,69,M,STANDARD
397,Brittney Murphy,collinssamuel@example.org,2019-01-14,Singapore,Singapore,24,M,STANDARD
398,Brandon Hamilton,dsalazar@example.com,2020-03-23,New York,USA,45,M,STANDARD
399,Mary Thompson,zimmermanjacqueline@example.org,2024-02-13,Unknown,France,58,M,A
400,Gregory Holmes Phd,gary24@example.net,2019-02-04,New York,USA,62,F,STANDARD
401,Patricia Johnson,enelson@example.com,2022-11-30,Mumbai,India,67,M,C
402,Laura Jones,ddixon@example.com,2019-11-01,Munich,Germany,28,F,B
403,Carol Moore,shannonemily@example.org,2021-03-23,Singapore,Singapore,39,F,STANDARD
404,Jordan Williams,sanchezthomas@example.com,2020-04-07,Melbourne,Australia,59,Not Specified,STANDARD
405,Cassidy Horne,tranrobin@example.net,2023-04-05,Sydney,Australia,21,M,VIP
406,Courtney Wright,joseph19@example.com,2019-01-20,Sydney,Australia,21,M,STANDARD
407,Michael Williams,lindajarvis@example.com,2024-06-24,Paris,France,73,F,STANDARD
408,John Campbell,mark87@example.org,2022-11-18,Mumbai,India,46,M,VIP
409,Eddie Mueller,stevenvargas@example.com,2024-01-16,Vancouver,Canada,52,M,A
410,Dr. Morgan Payne Phd,adamortiz@example.org,2024-05-23,New York,USA,53,M,STANDARD
411,Makayla Steele,tapiaaaron@example.net,2019-06-07,Bangkok,Thailand,26,M,VIP
412,Oscar Parker,alyssaallen@example.com,2024-01-11,Sydney,Australia,37,M,STANDARD
413,Valerie Thomas,christopher38@example.com,2023-01-23,Melbourne,Australia,48,F,A
414,Jacqueline Villegas,carpenterwilliam@example.net,2023-09-14,Toronto,Canada,37,M,VIP
415,Angela Bradley,ibates@example.org,2020-10-30,Singapore,Singapore,56,M,A
416,Samuel Howe,vhaynes@example.com,2022-02-06,London,UK,43,F,STANDARD
417,Dillon Jones,derekcarrillo@example.org,2022-06-20,Singapore,Singapore,67,F,B
418,Christopher Owens,wmartinez@example.org,2022-12-28,Manchester,UK,25,F,STANDARD
419,John Phelps,mooregina@example.net,2024-04-15,New York,USA,44,F,STANDARD
420,Amanda Huff,eddie35@example.com,2021-06-01,Chicago,USA,51,F,VIP
421,Megan Green,anthonysullivan@example.com,2022-02-09,London,UK,54,F,STANDARD
422,Krista Davis,laradonald@example.org,2021-04-27,Vancouver,Canada,65,M,B
423,Richard Walker,madisonwatson@example.net,2022-03-17,Toronto,Canada,26,F,STANDARD
424,Angela Willis,johnsoncaleb@example.net,2021-10-06,Vancouver,Canada,20,F,C
425,Carl Stein,david70@example.org,2019-06-07,Singapore,Singapore,32,M,A
426,Jessica Ramsey,rjohnson@example.com,2020-02-05,Unknown,France,22,F,STANDARD
427,Daniel Lopez,sean20@example.net,2022-06-24,Mumbai,India,67,F,STANDARD
428,Danielle Phillips,eandrade@example.org,2023-10-27,Mumbai,India,54,Other,VIP
429,James Barnes,crystalpham@example.org,2021-09-08,Toronto,Canada,27,F,STANDARD
430,Rachael Howard Dds,kcooper@example.net,2022-07-20,Melbourne,Australia,52,F,B
431,Devin Johnson,anthonycochran@example.com,2021-03-15,Singapore,Singapore,23,Not Specified,VIP
432,William Moreno,terrigarcia@example.net,2022-10-28,Chicago,USA,17,M,A
433,Joseph Moody,gallagherstacie@example.net,2023-06-22,Berlin,Germany,69,M,B
434,Rebecca Kelly,gregorywatkins@example.net,2022-10-10,Manchester,UK,24,M,A
435,Suzanne Johnson,stacey92@example.net,2021-05-16,Melbourne,Australia,20,M,STANDARD
436,Sara Cochran,lweaver@example.com,2021-11-03,Munich,Germany,46,M,STANDARD
437,Anthony Guzman,foxaaron@example.net,2022-01-04,Singapore,Singapore,56,F,STANDARD
438,Carlos Love,brian29@example.net,2020-12-28,Sydney,Australia,57,M,STANDARD
439,Patricia Mathis,susan56@example.net,2021-03-29,Unknown,Australia,66,F,VIP
440,Eric Taylor,jessicakim@example.net,2023-03-10,Munich,Germany,51,F,STANDARD
441,Marie Thompson,jeffrey92@example.com,2021-08-06,Manchester,UK,60,F,B
442,Michael Anderson,rushstacy@example.com,2020-08-28,Los Angeles,USA,74,Other,STANDARD
443,Patricia Bradley,carriemccall@example.net,2020-12-14,Chicago,USA,37,M,STANDARD
444,Keith Zuniga,markmiller@example.com,2019-07-19,Berlin,Germany,62,F,STANDARD
445,Mrs. Stacey Davis,sean43@example.org,2022-12-26,Singapore,Singapore,17,M,B
446,Hayley Buchanan,williamssamuel@example.com,2024-03-19,Chicago,USA,49,M,STANDARD
447,Stacey Snyder,ybell@example.org,2020-04-19,Berlin,Germany,56,F,C
448,Rachel Lane,franciscojones@example.org,2023-02-19,New York,USA,72,F,STANDARD
449,Fernando Lynn,petersonpamela@example.org,2020-03-15,Melbourne,Australia,33,F,C
450,Kimberly Villanueva,morgantricia@example.com,2023-06-26,Los Angeles,USA,27,F,STANDARD
451,Jessica Valdez,gmoore@example.com,2023-11-02,Sydney,Australia,49,F,STANDARD
452,Colton Terry,donna43@example.org,2022-04-17,Manchester,UK,38,F,STANDARD
453,Kenneth Larsen,briansmith@example.org,2022-12-16,Sydney,Australia,74,F,A
454,Matthew Greene,collinclark@example.net,2020-05-03,Los Angeles,USA,23,M,STANDARD
455,Bradley Anthony,kristen77@example.net,2022-05-06,Manchester,UK,52,M,STANDARD
456,Martin Hughes,nicole52@example.com,2024-02-26,Melbourne,Australia,75,M,B
457,Jeremiah Baker,anne21@example.org,2020-01-19,Chicago,USA,69,F,C
458,Rhonda Gutierrez,angelarandall@example.net,2021-09-19,New York,USA,28,M,C
459,Joseph Camacho,parmstrong@example.com,2021-04-17,Berlin,Germany,42,F,B
460,James Nash,shawrachel@example.net,2019-03-05,Paris,France,46,F,STANDARD
461,Lisa Martinez,kthompson@example.org,2021-07-25,Singapore,Singapore,63,M,A
462,Beth Henderson,oharris@example.org,2019-08-22,Paris,France,65,M,A
463,Deanna Bartlett,millerangela@example.net,2019-03-27,Singapore,Singapore,50,M,STANDARD
464,Donald Ellis,buchanancindy@example.net,2023-03-19,Sydney,Australia,35,F,STANDARD
465,Ashley Hernandez,buckleyanna@example.org,2023-07-31,Mumbai,India,44,M,STANDARD
466,Sharon Beard,pbaker@example.com,2023-07-19,Toronto,Canada,60,M,STANDARD
467,Kara Jackson,mthomas@example.net,2022-06-15,Chicago,USA,66,F,STANDARD
468,Amanda Preston,hannah07@example.com,2021-12-26,London,UK,54,M,B
469,Alicia Roth,larry71@example.org,2022-03-18,Vancouver,Canada,70,M,STANDARD
470,William Ramos,joseph69@example.net,2024-05-25,Chicago,USA,46,M,STANDARD
471,Jeremy Mcintyre,wfigueroa@example.net,2023-11-09,Melbourne,Australia,31,F,STANDARD
472,Samantha Robertson,cameronmckinney@example.com,2022-10-16,Mumbai,India,47,M,A
473,Samuel Suarez,thompsonnancy@example.org,2021-07-14,Manchester,UK,56,F,STANDARD
474,Danielle Bryant,janet45@example.com,2020-07-23,Melbourne,Australia,45,F,VIP
475,Madison Martinez,allentracy@example.com,2023-10-01,Singapore,Singapore,62,M,STANDARD
476,Seth Matthews,max41@example.com,2019-05-10,Mumbai,India,41,F,STANDARD
477,Anthony Nash,mercedesholland@example.net,2020-10-23,Vancouver,Canada,37,M,A
478,Matthew Palmer,wellsdavid@example.org,2020-12-04,Singapore,Singapore,18,F,STANDARD
479,Alejandra King,jennifer46@example.com,2024-03-18,Los Angeles,USA,44,F,STANDARD
480,Judy Robinson,erica96@example.net,2024-02-06,Melbourne,Australia,72,Other,A
481,Jorge Bates,anna99@example.com,2019-07-11,Vancouver,Canada,39,M,B
482,Brian Brown,danielle44@example.net,2019-04-17,Chicago,USA,56,F,STANDARD
483,Stephanie Evans,zacharyallen@example.org,2019-07-06,Sydney,Australia,16,M,VIP
484,Rebekah Greene,erin07@example.com,2022-10-24,Munich,Germany,46,F,B
485,Jason Price,aguilarwanda@example.org,2021-05-14,Mumbai,India,46,M,B
486,Micheal Parks,qknox@example.com,2019-07-31,Los Angeles,USA,39,M,STANDARD
487,Sarah Pittman,kellyruiz@example.net,2023-11-26,Singapore,Singapore,57,M,VIP
488,Robert Hines,staceylam@example.net,2022-06-03,New York,USA,26,M,STANDARD
489,Henry Garner,robert55@example.com,2024-02-27,Chicago,USA,55,F,STANDARD
490,Julie Wilson,delacruzbrandy@example.net,2019-10-14,Los Angeles,USA,53,F,STANDARD
491,Steve Mason,amoreno@example.org,2019-10-14,Singapore,Singapore,33,M,STANDARD
492,Brittany Gay,robert97@example.org,2022-05-29,Unknown,Australia,65,M,C
493,Mike Maxwell,lcook@example.com,2020-09-09,Bangkok,Thailand,49,F,VIP
494,Abigail Hill,barbaramoore@example.org,2019-04-22,Sydney,Australia,47,M,C
495,Jeffrey Jordan,ysanford@example.org,2021-12-17,Los Angeles,USA,39,M,C
496,Curtis Watson,mcclainkatherine@example.net,2021-05-11,Paris,France,50,Not Specified,B
497,Michael Sims,jeremywiley@example.com,2019-05-30,Singapore,Singapore,53,F,VIP
498,James Chapman,cameronwilliams@example.com,2024-04-26,New York,USA,48,M,VIP
499,Joseph Warren,ibarron@example.com,2022-12-08,Manchester,UK,21,F,STANDARD
500,Katherine Christensen Md,osmith@example.net,2020-09-26,Los Angeles,USA,48,F,C
501,Mrs. Alison Wagner,richardsondebra@example.org,2021-03-11,London,UK,56,M,B
502,Martin Wise,wheelerbrandon@example.org,2022-12-01,Vancouver,Canada,62,F,STANDARD
503,Alicia Norris,hwallace@example.net,2021-06-08,Bangkok,Thailand,45,M,B
504,Michael Harris,turnerdorothy@example.net,2023-02-25,Sydney,Australia,46,F,STANDARD
505,Lisa Haynes,grivas@example.net,2024-05-05,Berlin,Germany,49,F,B
506,Autumn Wilson,jimenezchelsea@example.com,2019-09-17,London,UK,62,F,STANDARD
507,Valerie Howard,cphillips@example.net,2021-05-29,Singapore,Singapore,49,M,STANDARD
508,Daniel Fitzpatrick Md,smithchristopher@example.org,2021-10-13,Los Angeles,USA,48,M,STANDARD
509,Maureen Hernandez,chancharles@example.net,2019-11-19,London,UK,65,M,STANDARD
510,David Hall,joseph01@example.org,2023-02-26,Toronto,Canada,46,F,STANDARD
511,Sarah Ward,ronald11@example.org,2021-01-15,Berlin,Germany,74,M,STANDARD
512,Charles Holland,michael79@example.com,2023-07-03,Munich,Germany,42,M,STANDARD
513,Anna Briggs,danielross@example.com,2020-07-09,London,UK,52,M,STANDARD
514,James Jefferson,zbanks@example.org,2020-04-02,Chicago,USA,18,M,A
515,Michael Brown,dalepruitt@example.com,2023-05-04,Vancouver,Canada,36,F,STANDARD
516,Meghan White,nmaxwell@example.org,2022-02-28,Vancouver,Canada,63,M,C
517,Sheryl Acosta,timothyfreeman@example.com,2023-05-02,Berlin,Germany,62,F,VIP
518,Arthur Pena,busherica@example.net,2024-03-24,New York,USA,17,M,VIP
519,Krystal Levine,april91@example.com,2019-01-20,Bangkok,Thailand,16,M,C
520,Danielle Reed,jhernandez@example.net,2019-08-01,Vancouver,Canada,49,Not Specified,B
521,Mason Moore,kchristian@example.org,2022-12-28,Chicago,USA,46,M,B
522,Erica Rivera,brent38@example.net,2022-12-06,Manchester,UK,45,F,STANDARD
523,Robert Miller,csolis@example.org,2022-07-29,Chicago,USA,20,M,VIP
524,Jillian Wilson,bmcgee@example.org,2020-04-29,Chicago,USA,32,F,C
525,Andrew Dunn,connersylvia@example.net,2023-02-15,Mumbai,India,36,Other,STANDARD
526,Jordan Clark,xclements@example.org,2023-05-17,Chicago,USA,22,M,STANDARD
527,Sarah Rivera,xmoran@example.net,2019-09-05,Manchester,UK,38,F,STANDARD
528,Brent Hopkins,petersonmaria@example.com,2023-10-12,Vancouver,Canada,21,M,STANDARD
529,Jacqueline Rodriguez,travisunderwood@example.net,2022-05-20,Melbourne,Australia,29,F,C
530,Ashley Carr,davidphelps@example.org,2024-06-06,Toronto,Canada,41,F,STANDARD
531,Richard Love,shermanbrandon@example.net,2019-03-05,Chicago,USA,70,F,STANDARD
532,Leah Barton,lellis@example.net,2019-07-28,Berlin,Germany,46,Not Specified,STANDARD
533,Jonathan Moreno,tranryan@example.net,2020-02-10,Chicago,USA,39,F,C
534,Mr. Thomas Thompson,jessicaanderson@example.com,2020-06-14,Paris,France,17,M,A
535,Lisa Morris,mbarnes@example.net,2019-09-21,Singapore,Singapore,73,F,STANDARD
536,Denise Stuart,shawn22@example.com,2019-04-14,Berlin,Germany,75,F,B
537,Stacey Hunt,jennifer83@example.org,2021-02-22,New York,USA,27,F,VIP
538,Miguel Parks,tinasantos@example.org,2023-12-15,Berlin,Germany,18,M,VIP
539,Melissa Morris,hodgesanna@example.net,2021-04-23,Berlin,Germany,46,F,B
540,Mary Butler,natalie60@example.net,2022-08-09,Toronto,Canada,31,M,STANDARD
541,James Brown,gonzalezkaren@example.org,2023-05-21,Manchester,UK,46,M,STANDARD
542,Miss Brianna Brown,james80@example.com,2020-10-20,Munich,Germany,33,F,VIP
543,Ashley Parrish,juliahoffman@example.org,2023-07-19,Bangkok,Thailand,19,F,VIP
544,Rebecca Horton,housepaul@example.net,2020-04-21,Paris,France,22,M,STANDARD
545,Juan Smith,james73@example.net,2024-02-22,Singapore,Singapore,64,M,STANDARD
546,Maria Fischer,kimberlybrandt@example.com,2021-03-06,Singapore,Singapore,75,F,VIP
547,William Jones,jillwilson@example.org,2020-10-13,Paris,France,74,F,B
548,Justin Anderson,adam72@example.org,2022-02-28,Paris,France,52,M,STANDARD
549,Frank Williams,tracy98@example.com,2022-01-15,Berlin,Germany,27,F,VIP
550,Michael Fox,abigailhartman@example.org,2019-02-10,Toronto,Canada,46,F,STANDARD
551,Joshua Davis,nicolealvarado@example.com,2020-11-28,Chicago,USA,74,F,A
552,Daniel Goodwin,wbarajas@example.net,2022-04-16,Chicago,USA,65,F,STANDARD
553,Michael Griffin,susanfleming@example.com,2021-02-04,Los Angeles,USA,53,F,VIP
554,Robert Wilson,amber40@example.net,2023-02-08,Chicago,USA,66,F,B
555,Jaime Lang,stucker@example.net,2024-06-06,Melbourne,Australia,60,F,STANDARD
556,Jose Vaughan,teresaayala@example.net,2022-04-21,Sydney,Australia,40,F,B
557,Austin Santiago,michellecoleman@example.org,2019-01-04,Melbourne,Australia,41,M,STANDARD
558,Ronald Johns,elucas@example.net,2022-05-18,Chicago,USA,74,M,C
559,Allison Love,millerbrian@example.com,2024-04-02,Los Angeles,USA,25,F,A
560,Laura Perez,rickey76@example.com,2019-12-10,London,UK,72,M,STANDARD
561,James Wilson,maychristine@example.net,2023-12-21,Melbourne,Australia,46,M,B
562,Mercedes Jones,robertsgina@example.net,2020-06-09,London,UK,46,M,A
563,Preston Kim,bshort@example.com,2023-12-17,Chicago,USA,47,F,C
564,Daniel Francis,susan24@example.net,2021-09-08,Mumbai,India,57,F,VIP
565,Traci Camacho,susan08@example.net,2023-09-29,Singapore,Singapore,46,F,C
566,Andrew Armstrong,fmedina@example.com,2019-12-15,London,UK,26,M,VIP
567,Patrick Swanson,robertbrewer@example.net,2020-11-23,Los Angeles,USA,55,F,VIP
568,Clinton Jensen,james29@example.org,2019-12-04,Sydney,Australia,72,F,A
569,Tara Gamble,enewman@example.com,2021-04-18,Toronto,Canada,62,M,STANDARD
570,Danielle Gonzalez,wlynn@example.org,2020-05-01,Vancouver,Canada,19,M,STANDARD
571,Cynthia Mitchell,mcculloughlouis@example.com,2021-01-08,New York,USA,43,M,STANDARD
572,Matthew Steele,arianadiaz@example.com,2020-02-13,Berlin,Germany,17,Not Specified,STANDARD
573,Caroline Edwards,jenniferdavidson@example.com,2023-09-25,Berlin,Germany,35,M,C
574,Brandy Quinn,wford@example.com,2019-07-06,Vancouver,Canada,50,F,C
575,Mr. Matthew Miller,michele28@example.org,2021-07-01,Chicago,USA,32,M,STANDARD
576,Stephen Jones,mcclainmelissa@example.net,2019-05-07,Paris,France,64,M,VIP
577,Kevin Sullivan,rebeccaarnold@example.net,2022-01-13,Singapore,Singapore,64,M,VIP
578,Kimberly Valdez,michaelwalker@example.net,2021-12-06,Mumbai,India,50,M,STANDARD
579,Donna Marshall,sanderswayne@example.net,2021-09-02,Toronto,Canada,21,F,STANDARD
580,Victor Holden,katherinetaylor@example.org,2024-01-19,Paris,France,67,F,STANDARD
581,Travis Hopkins,jillwebb@example.com,2021-07-08,Singapore,Singapore,26,F,A
582,Philip Hall,mike03@example.net,2019-06-10,Manchester,UK,28,M,C
583,Heather Harrison,ckeith@example.net,2020-10-16,Vancouver,Canada,21,F,STANDARD
584,Michael Boyd,mary49@example.net,2021-11-30,Vancouver,Canada,74,M,STANDARD
585,Jamie Gray,blacknicholas@example.org,2023-05-20,Munich,Germany,23,M,STANDARD
586,Heather Parrish,msparks@example.org,2024-05-29,Singapore,Singapore,75,M,STANDARD
587,Brenda Martin,robertsonjuan@example.org,2022-01-01,Mumbai,India,72,M,STANDARD
588,Jack Love,guerrerorobert@example.com,2021-08-26,Paris,France,27,M,STANDARD
589,Karen Mendoza,brittanyholland@example.com,2021-04-02,Melbourne,Australia,41,F,VIP
590,Andrew Berry,dennishunt@example.net,2021-08-31,Melbourne,Australia,73,M,STANDARD
591,Christopher Nielsen,kgreene@example.net,2020-07-28,Vancouver,Canada,70,M,STANDARD
592,Nathan Stanley,stacey37@example.net,2020-09-07,Chicago,USA,65,F,STANDARD
593,Sharon Jackson Dvm,laurahoover@example.org,2019-07-02,Sydney,Australia,44,M,STANDARD
594,Kayla Jackson,sandra99@example.org,2021-11-23,Singapore,Singapore,46,F,STANDARD
595,James Rodriguez,alexandrablankenship@example.net,2021-11-03,Melbourne,Australia,24,M,STANDARD
596,Chase Davis,mvalenzuela@example.org,2020-01-30,Chicago,USA,46,F,STANDARD
597,Kim Goodwin,olsondavid@example.net,2022-12-14,London,UK,33,F,A
598,April Pace,xboyd@example.org,2019-09-11,Bangkok,Thailand,31,F,STANDARD
599,Jessica Mays,yclarke@example.com,2021-08-29,Mumbai,India,51,M,STANDARD
600,Natalie Juarez,colemanjonathan@example.org,2023-08-29,Melbourne,Australia,46,M,VIP
601,Angela George,ascott@example.net,2024-05-30,Singapore,Singapore,70,F,C
602,Adrienne Mills,brooksjamie@example.com,2021-04-18,Sydney,Australia,17,M,VIP
603,Brian Simmons,jose86@example.net,2024-02-10,Berlin,Germany,57,F,B
604,Donald Becker,robertbowers@example.com,2023-07-07,Paris,France,61,F,STANDARD
605,Justin Webb,becky62@example.net,2023-10-11,Manchester,UK,45,M,VIP
606,David Logan,craigromero@example.com,2022-07-01,Mumbai,India,53,M,STANDARD
607,Lisa Cohen,martintamara@example.org,2023-09-16,Mumbai,India,51,F,VIP
608,Samantha Ruiz,qdavis@example.org,2021-09-13,Los Angeles,USA,37,M,STANDARD
609,Lee Ramsey,hmendez@example.com,2022-09-05,Vancouver,Canada,35,F,STANDARD
610,Linda Bautista,daniellegonzales@example.org,2023-07-08,New York,USA,41,M,A
611,Tara Holmes,arthurgreene@example.net,2021-10-15,Sydney,Australia,32,M,VIP
612,Lisa Craig,john02@example.org,2022-12-21,Paris,France,68,F,A
613,Penny Gomez Md,aprilmclaughlin@example.org,2022-07-31,Munich,Germany,74,F,A
614,Krista Barber,michael43@example.net,2023-09-18,Chicago,USA,72,M,VIP
615,Jordan Powell,greenrichard@example.org,2020-06-13,Melbourne,Australia,64,M,C
616,Kathy Morgan,prattsue@example.net,2019-07-02,Sydney,Australia,38,F,STANDARD
617,Laura Benson,xhart@example.org,2020-11-09,Bangkok,Thailand,32,F,C
618,Tonya Ellis,bmosley@example.com,2023-11-10,New York,USA,53,M,STANDARD
619,Austin Schultz,ericahall@example.com,2021-10-21,Toronto,Canada,71,F,STANDARD
620,Harry Nichols,john16@example.net,2023-10-16,Mumbai,India,24,Not Specified,STANDARD
621,Gloria Spencer,thomasgomez@example.net,2024-01-31,Bangkok,Thailand,25,M,STANDARD
622,Travis Vega,victorgonzalez@example.net,2020-11-12,Berlin,Germany,27,F,VIP
623,Derek Perez,marykelly@example.org,2023-04-08,Toronto,Canada,52,M,STANDARD
624,Blake Sosa,waustin@example.net,2019-09-23,Los Angeles,USA,43,Not Specified,B
625,Sarah Watson,travis94@example.com,2019-01-10,Manchester,UK,50,F,STANDARD
626,Phillip Dixon,kwalker@example.org,2023-03-31,Unknown,UK,46,M,A
627,Robert Mendoza,shawphillip@example.net,2022-11-21,Toronto,Canada,35,M,STANDARD
628,Joyce Martinez,astewart@example.org,2019-05-14,Chicago,USA,35,M,STANDARD
629,Jamie Garcia,chloe42@example.net,2020-11-22,Munich,Germany,72,Not Specified,STANDARD
630,Derrick Mullen,michael76@example.org,2021-01-05,Berlin,Germany,26,F,STANDARD
631,Paul Diaz,lramirez@example.net,2020-04-04,Toronto,Canada,29,F,STANDARD
632,Kenneth Perez,lelinda@example.net,2022-12-27,London,UK,46,F,STANDARD
633,James Thomas,thomassmith@example.com,2022-06-30,Munich,Germany,54,M,STANDARD
634,Dr. Samuel Holmes Dds,jevans@example.net,2019-04-09,New York,USA,42,F,STANDARD
635,Brett Martin,lisawoods@example.net,2019-11-10,Unknown,Australia,60,F,C
636,Patrick Green,ann45@example.org,2022-09-18,Los Angeles,USA,33,F,STANDARD
637,Gregory Frazier,barbarasantos@example.net,2019-08-03,Bangkok,Thailand,62,M,A
638,Richard Kelly,champton@example.org,2020-02-11,Berlin,Germany,28,Not Specified,STANDARD
639,Dustin Welch,mirandadavidson@example.com,2022-12-11,London,UK,34,M,C
640,Logan Sullivan,millermatthew@example.com,2024-03-26,Unknown,Australia,37,F,VIP
641,Eddie Adams,cnelson@example.com,2023-09-07,Los Angeles,USA,58,M,B
642,Kelly Cole,ivanjohnson@example.net,2023-01-21,Los Angeles,USA,73,Not Specified,C
643,David Manning,clarkrandy@example.org,2020-06-24,Vancouver,Canada,19,F,STANDARD
644,Shawn Kelley,wisealexandria@example.org,2021-01-07,Vancouver,Canada,43,M,VIP
645,Luke Miller,pparker@example.net,2019-01-20,New York,USA,58,M,C
646,Mark Anderson,anthonyalvarado@example.com,2020-07-03,Paris,France,39,F,C
647,Julie Pitts,amy28@example.org,2020-07-10,Berlin,Germany,60,M,STANDARD
648,Joyce Curry,omills@example.net,2019-12-08,Singapore,Singapore,24,Other,STANDARD
649,Gregory Fernandez,ramosmichael@example.com,2019-08-01,Chicago,USA,74,M,STANDARD
650,Adam Mills,mauriceharrison@example.org,2022-06-05,Unknown,USA,65,M,STANDARD
651,Katherine Campos,albert64@example.net,2023-01-29,Mumbai,India,46,F,VIP
652,Adam Brooks,bkhan@example.com,2019-05-10,New York,USA,57,M,STANDARD
653,Miguel Brewer,fwalker@example.com,2023-03-03,Singapore,Singapore,62,M,STANDARD
654,Kellie Marsh,justin84@example.com,2021-11-29,London,UK,60,M,STANDARD
655,Barry Taylor,walshchristine@example.com,2021-09-13,Toronto,Canada,58,M,STANDARD
656,Katherine Flores,brandonnichols@example.org,2024-01-01,Munich,Germany,46,M,STANDARD
657,Diane Martinez,oacosta@example.org,2023-10-11,Berlin,Germany,71,F,A
658,Johnny Peterson,kristi75@example.com,2024-06-09,London,UK,19,F,STANDARD
659,Amanda Miller,brianrowe@example.org,2020-04-26,Mumbai,India,45,F,B
660,Catherine Huang,lisa01@example.net,2021-07-04,Berlin,Germany,23,F,C
661,Ray Ramos,gonzalezjill@example.org,2021-04-24,Manchester,UK,51,M,STANDARD
662,Vickie Kennedy,sharon20@example.net,2022-07-29,Paris,France,72,M,STANDARD
663,Kelly King,james03@example.org,2021-01-14,London,UK,68,M,A
664,Jeffrey Smith,brenda63@example.org,2022-05-13,Paris,France,61,F,STANDARD
665,Lauren Vazquez,nathandavis@example.org,2022-09-11,Singapore,Singapore,16,Not Specified,STANDARD
666,Mr. George Booker Dds,browndeanna@example.net,2022-01-26,Vancouver,Canada,39,F,STANDARD
667,Ashley Freeman,tina57@example.net,2023-08-11,Chicago,USA,22,F,STANDARD
668,Michael Howard,johnwilliams@example.net,2021-03-15,Mumbai,India,45,F,C
669,Edward Terry,ashleystephens@example.com,2021-04-28,Singapore,Singapore,75,F,C
670,Denise Guerra,caseymoore@example.com,2021-07-11,Bangkok,Thailand,58,Not Specified,STANDARD
671,Kimberly Gibson,bgross@example.net,2021-12-22,New York,USA,51,M,C
672,Patty Allen,barrettamber@example.com,2023-05-19,Munich,Germany,60,F,VIP
673,Michael Cannon,chloemorris@example.net,2022-09-08,Manchester,UK,54,F,STANDARD
674,Brent Hopkins,conleydavid@example.org,2024-02-19,Paris,France,33,F,B
675,John Garcia,hbarrett@example.net,2019-10-01,Singapore,Singapore,42,M,STANDARD
676,Dawn Diaz,smithsamantha@example.net,2022-12-07,Mumbai,India,71,M,STANDARD
677,Steve Miller Phd,wardjulia@example.com,2020-02-16,Toronto,Canada,55,Other,STANDARD
678,Rebecca Brown,allison14@example.org,2022-12-25,Chicago,USA,27,F,STANDARD
679,Toni Davis,amandalopez@example.net,2023-04-08,Los Angeles,USA,51,M,STANDARD
680,Laura Meza,xreese@example.net,2022-10-12,Manchester,UK,34,F,VIP
681,Megan Park,kandrade@example.org,2019-02-21,Los Angeles,USA,46,F,VIP
682,Kathy Sandoval,umahoney@example.net,2019-11-26,Singapore,Singapore,59,M,A
683,Erika Watson Phd,umckenzie@example.net,2020-02-22,Vancouver,Canada,18,M,VIP
684,Joshua Brooks,michael77@example.com,2023-02-23,Sydney,Australia,71,F,C
685,Andrew Mitchell,holmesvictoria@example.com,2023-05-26,Munich,Germany,60,F,A
686,William Lewis,andrew48@example.net,2024-06-21,Singapore,Singapore,46,F,STANDARD
687,Tammy Moore,stevenseric@example.com,2023-05-19,Mumbai,India,69,M,STANDARD
688,Kevin Hall,christopher69@example.org,2023-03-27,London,UK,50,M,STANDARD
689,Misty Mcguire,tracynolan@example.net,2020-08-25,Toronto,Canada,27,Not Specified,VIP
690,Susan Larson,benjamin96@example.org,2021-11-18,Melbourne,Australia,46,F,STANDARD
691,Tammy Cook,hbutler@example.org,2022-04-11,Chicago,USA,16,F,VIP
692,Sarah Mcfarland,hbrown@example.org,2024-03-16,Chicago,USA,46,M,VIP
693,Karl Murphy,ericnunez@example.com,2020-09-08,Sydney,Australia,66,M,STANDARD
694,Nicole Johnston,walkerkeith@example.com,2021-12-12,London,UK,27,F,STANDARD
695,George Alvarez,kelleyjose@example.com,2022-01-04,Munich,Germany,21,M,C
696,Patricia Anderson,timothygonzalez@example.com,2021-01-08,London,UK,29,M,C
697,Christina Gilbert,johnadams@example.com,2023-08-14,Munich,Germany,16,F,STANDARD
698,Thomas Davis,whenderson@example.org,2022-06-10,Sydney,Australia,31,F,STANDARD
699,Kirk Johnson,gary59@example.com,2023-06-19,Bangkok,Thailand,40,F,VIP
700,Jessica Glass,jamesbrooks@example.net,2023-08-11,Munich,Germany,48,F,B
701,Ashley Brown,mistywilkins@example.org,2022-08-27,Bangkok,Thailand,36,F,A
702,Robert Torres,njohnson@example.net,2022-01-06,Singapore,Singapore,16,M,STANDARD
703,Christina Mills,ana92@example.net,2023-11-07,Toronto,Canada,69,M,STANDARD
704,Alicia Aguilar,scottbrian@example.org,2023-05-07,Melbourne,Australia,57,M,STANDARD
705,Lisa Brown,jonesdonna@example.net,2021-07-29,New York,USA,18,M,A
706,Mary Lin,carternicole@example.com,2019-05-25,Munich,Germany,68,F,STANDARD
707,James Bray,mckeetodd@example.net,2021-04-08,Sydney,Australia,46,M,STANDARD
708,Charlotte Mason,tcastro@example.org,2023-01-15,Sydney,Australia,20,M,VIP
709,Thomas Torres,klong@example.org,2021-01-02,Los Angeles,USA,22,M,STANDARD
710,Harold Garrett,wendyirwin@example.com,2023-04-17,Vancouver,Canada,40,M,STANDARD
711,Lori Johns,raymondstacy@example.org,2020-03-26,Munich,Germany,63,M,B
712,Steven Sandoval,blairabigail@example.net,2019-10-23,Sydney,Australia,59,M,B
713,Lori Perez,ashleysimmons@example.com,2021-02-03,Sydney,Australia,51,F,B
714,Erin Daniels,denisecarpenter@example.net,2022-05-06,Paris,France,50,F,VIP
715,Shari Parker,russellstout@example.org,2024-01-25,Melbourne,Australia,29,M,A
716,Krystal Moore,grantstacy@example.org,2020-01-12,Chicago,USA,55,F,VIP
717,Ryan Thomas,cannonnicole@example.com,2022-03-07,Singapore,Singapore,70,M,STANDARD
718,Elizabeth Reese,edwin31@example.org,2022-01-30,Sydney,Australia,34,F,A
719,Phillip Salazar,catherine93@example.net,2021-09-24,Paris,France,38,F,B
720,Michael Howard,manderson@example.com,2019-05-23,Paris,France,36,M,A
721,Jacqueline Christian,kwells@example.org,2022-04-11,Melbourne,Australia,52,Not Specified,C
722,Jason Novak,stephanie33@example.org,2019-01-10,Chicago,USA,31,M,STANDARD
723,Timothy Duke,dwatts@example.org,2023-09-17,Vancouver,Canada,24,M,STANDARD
724,Ricardo Franklin,zcortez@example.net,2021-01-04,Berlin,Germany,47,M,VIP
725,Laura Herrera,meyershannon@example.org,2020-07-28,Mumbai,India,73,M,STANDARD
726,Danielle Medina,grantzachary@example.net,2023-01-29,Los Angeles,USA,46,F,STANDARD
727,Cheryl Gonzales,kim47@example.org,2022-03-31,Paris,France,65,M,STANDARD
728,Louis Brown,stevenlucas@example.org,2024-01-05,Munich,Germany,46,F,STANDARD
729,Ashley Osborne,phillipmorris@example.org,2023-05-01,Bangkok,Thailand,62,M,A
730,Kevin Marquez,nicoledavis@example.com,2021-03-23,Los Angeles,USA,46,Not Specified,STANDARD
731,Susan Hogan,davisjasmin@example.net,2022-11-02,Paris,France,64,F,STANDARD
732,Joseph Cruz,nicholasjames@example.org,2022-09-12,Paris,France,63,F,STANDARD
733,Krystal Keller,fernandothomas@example.net,2021-09-25,Singapore,Singapore,20,M,STANDARD
734,Eric Cross,lroberts@example.org,2024-02-03,Munich,Germany,40,F,B
735,Toni Smith,alexander77@example.net,2020-10-25,Sydney,Australia,61,F,STANDARD
736,Lisa Snyder,briannaalvarez@example.com,2020-06-23,Melbourne,Australia,50,F,STANDARD
737,Kyle Smith,christine83@example.org,2022-08-31,Paris,France,49,F,STANDARD
738,Anthony Bailey,melissaestrada@example.net,2020-12-23,Manchester,UK,47,F,STANDARD
739,Thomas Williams,kchaney@example.net,2019-10-12,Bangkok,Thailand,26,F,A
740,Matthew Graves,tammycurry@example.com,2020-01-18,Chicago,USA,39,M,STANDARD
741,Anna Evans,priscilla16@example.net,2023-07-20,Manchester,UK,62,M,STANDARD
742,John Martinez,mark68@example.org,2019-11-27,Paris,France,69,F,STANDARD
743,Lisa Rodriguez,webbhaley@example.net,2019-11-26,Paris,France,56,F,STANDARD
744,Lee Stewart,sara99@example.com,2020-06-12,Chicago,USA,49,M,STANDARD
745,Lynn Vasquez,nicolehall@example.com,2023-12-05,New York,USA,21,M,STANDARD
746,April Johnson,mclaughlinjared@example.net,2019-12-16,Berlin,Germany,69,M,STANDARD
747,Mrs. Felicia Castro Dds,davidsonhannah@example.com,2020-01-08,Singapore,Singapore,58,M,STANDARD
748,Elizabeth Hunter,katie15@example.com,2021-07-17,Bangkok,Thailand,53,F,VIP
749,Keith Choi,jamesbass@example.net,2020-02-19,New York,USA,71,M,C
750,John Johnson,timothyburton@example.net,2019-07-17,Paris,France,46,M,STANDARD
751,Julia Olsen,conleykevin@example.net,2021-10-27,Munich,Germany,21,M,STANDARD
752,Kristen Smith,lauren51@example.org,2019-01-03,Mumbai,India,43,F,STANDARD
753,Andre Terrell,ashleyprice@example.net,2021-05-28,Munich,Germany,67,F,STANDARD
754,Richard Parker,jennifer46@example.org,2023-02-27,Singapore,Singapore,22,M,STANDARD
755,David Hayes Dvm,aliciathompson@example.com,2023-10-26,Bangkok,Thailand,34,F,A
756,Paula Gentry,zhunter@example.com,2022-12-23,New York,USA,52,F,C
757,Brittany Peterson,hoconnor@example.com,2022-11-09,Toronto,Canada,42,M,B
758,Briana Wiggins,jamiejohnson@example.com,2020-06-19,Vancouver,Canada,43,Not Specified,C
759,Kelly Smith,mcdanielbrooke@example.org,2023-03-27,Manchester,UK,42,F,B
760,Stephen Garcia,andrew43@example.com,2022-02-10,Munich,Germany,32,M,B
761,Dustin Patel,rlambert@example.org,2023-02-15,Manchester,UK,70,F,STANDARD
762,Brian Mullen,clarkmichael@example.com,2022-12-03,Singapore,Singapore,22,F,A
763,Tony Brock,georgecollins@example.com,2022-06-11,Munich,Germany,26,M,STANDARD
764,Amber Johnson,rodriguezbrian@example.com,2019-10-25,Mumbai,India,75,F,STANDARD
765,Michael Vance,tjensen@example.com,2019-06-13,London,UK,18,F,STANDARD
766,Michelle Lambert,beltrankatelyn@example.com,2021-12-03,Sydney,Australia,61,M,STANDARD
767,Anna Lang,tdavis@example.net,2022-08-04,Chicago,USA,46,Other,STANDARD
768,Pamela Ruiz,douglashuang@example.com,2020-08-08,Munich,Germany,18,M,STANDARD
769,Jenna Lyons,kristina57@example.com,2019-12-14,Unknown,France,39,F,STANDARD
770,John Bell,ssingleton@example.com,2023-05-16,Vancouver,Canada,38,F,C
771,Bethany Garcia,nguyendebra@example.com,2023-02-18,New York,USA,74,M,B
772,Jennifer Gutierrez,amydickson@example.com,2022-04-08,Bangkok,Thailand,38,M,A
773,Daniel Benson,bmueller@example.net,2021-07-20,Toronto,Canada,46,M,A
774,Kimberly Young,stevensonjennifer@example.com,2019-05-29,Munich,Germany,34,M,STANDARD
775,Kyle Nguyen,shortgregory@example.com,2023-11-30,Vancouver,Canada,68,F,A
776,Brian Cervantes,pmurphy@example.net,2022-02-27,Manchester,UK,65,M,STANDARD
777,Daniel Taylor,shermandonna@example.com,2021-08-01,Sydney,Australia,46,F,C
778,Jean Lane,jamierich@example.com,2023-06-04,Sydney,Australia,59,F,STANDARD
779,Susan Torres,wrobbins@example.org,2021-11-23,London,UK,16,F,STANDARD
780,Lisa Dixon,melissabrown@example.net,2022-10-11,Manchester,UK,20,F,B
781,April Castro,daniel40@example.org,2024-01-06,Toronto,Canada,33,Other,STANDARD
782,Kevin Garrett,bsullivan@example.net,2021-10-18,Toronto,Canada,31,F,STANDARD
783,Christopher Taylor,xbridges@example.com,2023-09-06,Toronto,Canada,69,F,STANDARD
784,Zachary Santiago,alexanderwong@example.org,2019-06-10,Bangkok,Thailand,46,Not Specified,STANDARD
785,Katelyn Kim,christophermay@example.com,2021-09-14,Mumbai,India,55,M,B
786,Stephanie Dominguez,dhanson@example.net,2023-11-15,Paris,France,47,M,VIP
787,Robert Cruz,jacobjacobs@example.net,2020-03-30,Manchester,UK,46,M,C
788,Dr. Michael Adams Dvm,arthur09@example.com,2019-03-08,Munich,Germany,38,F,STANDARD
789,Ashley Olson,thomasjessica@example.com,2022-12-01,Unknown,USA,45,M,STANDARD
790,Blake Wu,sanchezcrystal@example.net,2022-04-04,Manchester,UK,36,F,B
791,Angela Schultz,chloe58@example.org,2020-04-30,Vancouver,Canada,46,F,STANDARD
792,Jose Harrison,robert44@example.org,2020-03-07,Manchester,UK,60,F,B
793,Thomas Curry,bryan79@example.org,2020-01-04,Berlin,Germany,24,M,A
794,Mary Carter,mitchellchristopher@example.net,2020-07-06,Melbourne,Australia,51,F,STANDARD
795,Richard King,joshua40@example.net,2019-11-03,Melbourne,Australia,46,F,A
796,Christopher Vargas,donnawood@example.org,2023-10-06,Bangkok,Thailand,49,M,STANDARD
797,Michael Washington,cooperchristopher@example.org,2022-02-25,Vancouver,Canada,19,F,STANDARD
798,Samantha Monroe,ptownsend@example.net,2020-06-04,Mumbai,India,69,F,STANDARD
799,Mark Clark,brian41@example.org,2021-01-07,London,UK,51,F,VIP
800,James Turner,noahthornton@example.com,2020-12-20,Los Angeles,USA,28,M,VIP
801,Joseph Graham,sara76@example.net,2020-08-05,Singapore,Singapore,36,M,STANDARD
802,Joseph Blanchard,hardindana@example.com,2019-06-10,Bangkok,Thailand,55,F,STANDARD
803,Marissa Nelson,joseph14@example.net,2022-08-04,Chicago,USA,42,M,STANDARD
804,Julia Leonard,jessicachapman@example.org,2019-06-12,Los Angeles,USA,37,F,STANDARD
805,Megan Kaiser,amy01@example.org,2022-05-24,Vancouver,Canada,41,M,STANDARD
806,Joseph Jennings,jeffrey44@example.org,2023-03-12,London,UK,49,F,C
807,Manuel Brown,stephanielittle@example.net,2019-09-14,New York,USA,58,M,STANDARD
808,Angelica Jacobs,pdouglas@example.net,2019-12-08,Toronto,Canada,22,M,STANDARD
809,Cathy Rodriguez,jonowens@example.org,2019-02-23,New York,USA,49,F,STANDARD
810,Tammy Hill,qschwartz@example.com,2019-06-22,Chicago,USA,75,F,STANDARD
811,Richard Ramirez,reyesmarvin@example.org,2021-06-26,Vancouver,Canada,24,F,STANDARD
812,Robert Thompson,vasquezsarah@example.net,2020-12-31,Sydney,Australia,71,M,STANDARD
813,Matthew Rodriguez,probinson@example.org,2022-01-28,Vancouver,Canada,24,F,STANDARD
814,Michelle Garcia,jonesjessica@example.com,2021-07-24,Paris,France,63,M,A
815,Jonathan Delgado,fitzpatrickelizabeth@example.com,2021-12-29,Sydney,Australia,74,M,VIP
816,Gary Myers,robertsonshelby@example.com,2020-09-22,Berlin,Germany,42,F,C
817,Jared Luna,fernandezaaron@example.net,2023-04-02,Mumbai,India,38,M,VIP
818,Karen Bradley,mathew46@example.org,2024-04-23,Berlin,Germany,46,F,VIP
819,Tina Davis,christopher74@example.net,2023-06-20,Toronto,Canada,51,M,A
820,Julian Ponce,kentprice@example.org,2020-05-26,Manchester,UK,61,F,A
821,Heather Miller,imoss@example.org,2019-06-12,Vancouver,Canada,56,M,STANDARD
822,Nathan Watkins,yprice@example.net,2022-11-22,Singapore,Singapore,34,F,B
823,Kathryn Hanna,blevy@example.org,2023-10-14,Toronto,Canada,27,F,STANDARD
824,George Le,zwilson@example.net,2020-07-11,Unknown,Germany,47,F,VIP
825,Judy Gregory,joycehall@example.org,2019-02-15,Munich,Germany,22,F,C
826,Charles Valdez,nmeadows@example.org,2020-04-21,New York,USA,46,F,STANDARD
827,Matthew Smith,conwaylori@example.org,2023-06-26,Singapore,Singapore,39,F,VIP
828,Christopher Garza,wilsonbrooke@example.net,2023-03-18,Mumbai,India,19,M,A
829,Robert Simmons,rnguyen@example.net,2020-01-29,Unknown,USA,68,Not Specified,STANDARD
830,Erica Oconnell,kathrynwatkins@example.com,2020-05-24,Melbourne,Australia,65,Not Specified,STANDARD
831,Donald Todd,heathertran@example.com,2021-08-01,Toronto,Canada,49,F,B
832,Kevin Anderson,bstrickland@example.com,2024-04-01,Vancouver,Canada,26,Other,A
833,Adam Howe,robert72@example.org,2019-09-08,Munich,Germany,46,M,STANDARD
834,Devin Cole,sharonbishop@example.org,2022-09-27,Mumbai,India,23,F,STANDARD
835,Michelle Salazar,burtonkimberly@example.com,2020-07-19,Singapore,Singapore,23,Not Specified,STANDARD
836,Justin Lee,montgomerymichelle@example.net,2023-05-24,Paris,France,60,F,VIP
837,Julie Sims,joshualee@example.org,2021-10-20,Chicago,USA,59,Not Specified,STANDARD
838,Tracy Wells,ernestlivingston@example.org,2019-05-03,Sydney,Australia,38,M,STANDARD
839,Dominique Hamilton,christina70@example.org,2021-09-26,Chicago,USA,36,M,STANDARD
840,Tammy Thompson,washingtondarren@example.org,2024-01-01,Singapore,Singapore,62,F,STANDARD
841,Leslie Nguyen,julievillanueva@example.org,2020-05-28,Chicago,USA,47,M,VIP
842,Erika Garcia,ykane@example.org,2020-01-24,Berlin,Germany,27,M,A
843,Kevin Brown,nthomas@example.com,2023-08-30,Mumbai,India,74,M,STANDARD
844,James Ellis,crystalcantrell@example.org,2020-08-28,Unknown,Germany,50,M,C
845,Andrew Carroll,derek77@example.com,2023-02-11,Manchester,UK,46,M,C
846,Greg Tanner,kristinelittle@example.net,2020-10-18,Toronto,Canada,58,F,STANDARD
847,Laura Tran,christophervincent@example.com,2021-10-15,Sydney,Australia,25,M,STANDARD
848,Cindy Wells,uramirez@example.com,2019-07-17,Los Angeles,USA,58,F,B
849,Danielle Murphy,patriciavargas@example.org,2019-03-06,Mumbai,India,22,M,C
850,Stephanie Butler,williamsthomas@example.net,2021-03-06,Mumbai,India,47,F,A
851,Joseph Mendoza,chavezjohn@example.net,2020-03-28,London,UK,61,F,B
852,Melissa Russell,davidphillips@example.net,2024-03-16,Berlin,Germany,45,M,STANDARD
853,Mrs. Maureen Martin Dds,braysteven@example.org,2021-05-01,Bangkok,Thailand,66,F,STANDARD
854,Jennifer Clarke,courtney01@example.com,2023-02-12,New York,USA,69,Not Specified,STANDARD
855,Faith Johnson,smullins@example.net,2019-07-27,Los Angeles,USA,50,M,STANDARD
856,Rebecca French,olivermatthew@example.org,2022-07-04,Paris,France,51,F,A
857,Susan Cox,rodriguezmichael@example.net,2022-03-26,Sydney,Australia,59,M,B
858,Jacob Wong,castrokim@example.org,2023-06-11,Chicago,USA,51,F,STANDARD
859,Mrs. Ashley Mendoza,karenhodges@example.com,2021-06-26,Paris,France,73,F,C
860,Derek Frazier,brian55@example.com,2021-04-24,London,UK,43,F,STANDARD
861,Mr. Bryan Mckinney,shannon51@example.org,2020-03-14,Munich,Germany,65,F,C
862,Judith Miller,keithfrye@example.org,2021-07-05,Berlin,Germany,16,M,STANDARD
863,Brian Hernandez,nancymeyer@example.net,2019-10-04,Munich,Germany,16,M,STANDARD
864,Jason Fleming,thomasfisher@example.net,2023-04-30,New York,USA,74,Other,STANDARD
865,Dorothy Brown,marystone@example.com,2019-07-13,Chicago,USA,45,F,VIP
866,Grant Lucas,todd88@example.com,2020-05-26,Paris,France,32,F,A
867,Keith Villanueva,george43@example.com,2020-03-21,Bangkok,Thailand,62,M,STANDARD
868,Dwayne Bruce,michaelbryant@example.org,2022-11-13,Bangkok,Thailand,68,F,STANDARD
869,Caitlyn Nichols,teresafranco@example.net,2023-07-14,Melbourne,Australia,40,M,STANDARD
870,Rebecca Martin,williamsleslie@example.org,2023-12-07,London,UK,42,M,STANDARD
871,Jacob Harris,wadetiffany@example.org,2022-08-29,Melbourne,Australia,46,F,STANDARD
872,Joshua Martin,david06@example.com,2021-12-09,Vancouver,Canada,36,M,STANDARD
873,Theresa Reilly,adamrodgers@example.net,2019-11-10,Toronto,Canada,59,F,B
874,Michael Wells,tara92@example.net,2022-03-24,Paris,France,21,F,C
875,Tammy Morgan,dennisrachel@example.org,2020-11-19,Chicago,USA,46,F,STANDARD
876,Audrey Johnson,seandavis@example.org,2021-03-27,Los Angeles,USA,43,F,STANDARD
877,Christie Fox,james18@example.com,2020-02-10,Munich,Germany,41,M,VIP
878,Tina Daugherty,ulee@example.net,2021-12-09,Melbourne,Australia,31,F,STANDARD
879,Terri Kerr,raymond65@example.com,2022-03-25,Bangkok,Thailand,23,F,STANDARD
880,Dustin Bell,fsawyer@example.org,2020-12-06,London,UK,46,Not Specified,C
881,Jill Riddle,achandler@example.org,2023-08-10,Paris,France,55,M,STANDARD
882,Linda Thomas,thomas85@example.org,2022-11-04,Toronto,Canada,25,F,STANDARD
883,Leslie Bennett,ortizrobin@example.com,2020-05-12,New York,USA,75,F,A
884,Joel Bradley,jamescollier@example.com,2022-11-21,Unknown,UK,35,F,STANDARD
885,Amanda Mckenzie,troy73@example.org,2020-03-09,Munich,Germany,50,M,A
886,Brittany Evans,qmartinez@example.com,2019-10-17,Melbourne,Australia,40,F,STANDARD
887,John Watts,anthonyhubbard@example.com,2019-05-04,Chicago,USA,28,F,STANDARD
888,Andrea Reese Dds,ooneill@example.net,2024-04-19,Sydney,Australia,20,M,STANDARD
889,Michael Wilson,brucefrancisco@example.org,2021-01-07,Sydney,Australia,17,F,VIP
890,Joel Steele,frank45@example.com,2021-11-07,Manchester,UK,73,M,STANDARD
891,Tina Williams,alyssa18@example.org,2020-02-12,Chicago,USA,45,F,A
892,Catherine Davis,amybrennan@example.net,2021-12-20,Bangkok,Thailand,37,F,B
893,Denise Wolfe,cody95@example.org,2020-12-21,Sydney,Australia,56,Not Specified,STANDARD
894,Joseph Watson,kjenkins@example.org,2023-07-21,Vancouver,Canada,56,Not Specified,STANDARD
895,Jonathan Decker,butlersabrina@example.org,2024-04-17,New York,USA,33,F,STANDARD
896,Tammy Mendoza,hannah27@example.net,2019-06-29,Chicago,USA,49,M,B
897,Tracy Jackson,anthony13@example.org,2021-05-04,Toronto,Canada,52,M,STANDARD
898,Brenda Perez,jasonzavala@example.com,2021-07-08,London,UK,24,M,STANDARD
899,Rachel Jones,ctodd@example.org,2020-02-19,Singapore,Singapore,35,M,STANDARD
900,Ricky Palmer,harrisonrebekah@example.org,2024-02-05,Manchester,UK,57,F,STANDARD
901,Michael Webster,morajamie@example.org,2021-12-27,Munich,Germany,27,M,VIP
902,Gregory Davis,stacy55@example.org,2020-10-14,Singapore,Singapore,42,M,STANDARD
903,Phyllis Austin,garciabelinda@example.org,2024-03-26,Sydney,Australia,25,F,STANDARD
904,Michelle Brandt,rachelmedina@example.net,2022-06-07,Singapore,Singapore,33,M,STANDARD
905,Daniel Gordon,lrichardson@example.org,2022-11-08,Toronto,Canada,38,F,C
906,Tyler White,tina63@example.net,2022-05-23,Mumbai,India,61,F,STANDARD
907,Brian Rollins,owensapril@example.com,2019-10-09,Berlin,Germany,28,Not Specified,STANDARD
908,Michele Hawkins,millertristan@example.com,2020-07-06,Bangkok,Thailand,30,M,C
909,Kyle Collins,aperez@example.com,2019-12-29,Los Angeles,USA,71,M,B
910,Mrs. Shannon Jacobson,xcrosby@example.org,2020-05-20,Bangkok,Thailand,41,M,C
911,Michael Powers,qkim@example.net,2020-10-02,Melbourne,Australia,55,M,STANDARD
912,Charles Morales,figueroapatricia@example.org,2023-11-29,Sydney,Australia,49,M,B
913,William Morgan,bmartinez@example.net,2020-05-18,Bangkok,Thailand,50,M,C
914,Dr. Ralph Wheeler Dds,qkelly@example.net,2023-04-17,Munich,Germany,19,M,STANDARD
915,Victoria Dixon,katrinarodriguez@example.com,2023-08-22,Singapore,Singapore,45,M,B
916,David Dunlap Jr.,greertyrone@example.org,2021-11-24,Melbourne,Australia,45,M,STANDARD
917,Janet Shelton,kevinhanson@example.org,2020-01-04,Los Angeles,USA,73,F,STANDARD
918,Kelly Vasquez,qharris@example.com,2019-02-21,Berlin,Germany,45,F,STANDARD
919,Dennis Cooper Phd,cisnerosanthony@example.com,2019-07-04,Berlin,Germany,36,M,STANDARD
920,Barbara Cole,cramos@example.org,2023-02-10,Melbourne,Australia,21,F,STANDARD
921,Matthew Chan,travistaylor@example.net,2022-12-19,Munich,Germany,62,Other,STANDARD
922,Phillip Carroll,rkeller@example.net,2022-02-01,Manchester,UK,18,M,STANDARD
923,Karen Dickerson,myerstroy@example.com,2023-11-02,Sydney,Australia,26,M,STANDARD
924,Heather Levine,bryan90@example.org,2020-09-22,Manchester,UK,62,M,C
925,Hannah Harmon,hubbardcolleen@example.com,2024-01-15,Los Angeles,USA,46,F,STANDARD
926,Gregory Howard,brian33@example.org,2023-10-18,Berlin,Germany,50,M,STANDARD
927,Leslie Lozano,meltondanny@example.org,2022-04-20,Toronto,Canada,45,M,STANDARD
928,Gabriel Murray,abradley@example.com,2023-12-12,Toronto,Canada,33,M,STANDARD
929,John Johnson,nicholas65@example.net,2020-01-14,New York,USA,19,M,B
930,John Vazquez,matthewshaw@example.net,2022-03-29,Sydney,Australia,35,F,STANDARD
931,Lucas Cox,karlwilliams@example.net,2019-11-27,Chicago,USA,55,M,C
932,Darrell Newton,robbinsbelinda@example.net,2019-12-30,Munich,Germany,63,F,STANDARD
933,Austin Solis,wsimmons@example.org,2020-10-23,Vancouver,Canada,73,F,STANDARD
934,Elizabeth Brock,ualvarado@example.org,2019-05-13,Munich,Germany,46,F,VIP
935,David Robertson,nicoleburton@example.net,2021-04-27,Munich,Germany,29,F,A
936,Laura Lewis,oadams@example.net,2024-06-28,Melbourne,Australia,49,M,VIP
937,Sarah Meadows,boydmichael@example.org,2023-06-03,Bangkok,Thailand,43,M,VIP
938,Paul Cannon,ejenkins@example.net,2020-12-25,Paris,France,55,M,STANDARD
939,Jason Colon,jonathanburke@example.com,2023-07-13,Berlin,Germany,72,Not Specified,STANDARD
940,Chris Johnson,steven86@example.com,2019-08-31,New York,USA,45,M,A
941,Amanda Moore,anthonyclarke@example.com,2022-06-14,Singapore,Singapore,46,M,STANDARD
942,Casey Phelps,dcasey@example.org,2019-01-24,Toronto,Canada,28,F,STANDARD
943,Edward Brown,qmosley@example.net,2021-11-03,Vancouver,Canada,36,F,STANDARD
944,Jennifer Larsen,joelduncan@example.net,2023-01-23,Manchester,UK,55,F,STANDARD
945,Kelly Calderon,tyler13@example.net,2020-11-23,Mumbai,India,74,F,STANDARD
946,Robert Murphy,vshaffer@example.org,2022-07-08,Chicago,USA,73,M,STANDARD
947,Claudia Rodriguez,taragonzales@example.com,2021-04-27,Mumbai,India,69,M,C
948,Amy Ferguson,stewartrodney@example.net,2022-01-02,Munich,Germany,29,M,B
949,Donald Mueller,michaelbaldwin@example.com,2020-12-25,Singapore,Singapore,25,Not Specified,STANDARD
950,Walter Obrien,vazquezkristina@example.org,2021-12-30,Sydney,Australia,52,F,STANDARD
951,James Fowler,rebecca18@example.org,2023-03-20,Singapore,Singapore,61,F,STANDARD
952,Jasmine Browning,qpennington@example.com,2021-10-14,Los Angeles,USA,39,F,VIP
953,Rodney Young,michelemartin@example.com,2019-12-25,Vancouver,Canada,39,M,STANDARD
954,Sherry Wang,rmccormick@example.org,2021-11-02,Berlin,Germany,67,F,C
955,Teresa Ruiz,vhouse@example.net,2021-09-17,Bangkok,Thailand,35,M,STANDARD
956,Thomas Garcia,hollyhunter@example.com,2024-04-05,Mumbai,India,59,F,STANDARD
957,Nicholas Kelley,shawn00@example.net,2023-01-01,Manchester,UK,46,M,B
958,Lorraine Gibbs,aarongonzalez@example.com,2023-11-21,Paris,France,37,M,VIP
959,Bradley Moore,melaniejennings@example.com,2023-03-07,Sydney,Australia,17,M,STANDARD
960,Shane Anderson,graceserrano@example.com,2020-02-15,London,UK,34,F,STANDARD
961,Jason White,kduffy@example.org,2020-07-12,Unknown,USA,26,M,STANDARD
962,Alexander Hansen,rebeccamccann@example.org,2019-07-29,Munich,Germany,50,F,STANDARD
963,Samuel Williams,jburke@example.org,2023-07-05,Melbourne,Australia,52,M,A
964,Carolyn Bradley,higginsryan@example.com,2022-01-12,London,UK,19,M,VIP
965,Kathleen Walker,jamesatkins@example.com,2021-02-24,Los Angeles,USA,21,M,STANDARD
966,Johnny Anderson,carolcarney@example.com,2022-07-13,Paris,France,55,F,STANDARD
967,Chelsey White,anthonycherry@example.org,2022-10-05,Singapore,Singapore,21,M,STANDARD
968,Susan Wood,emiller@example.org,2019-07-10,Chicago,USA,22,M,STANDARD
969,Valerie Sanders,jennifererickson@example.net,2021-08-21,Berlin,Germany,30,F,STANDARD
970,Angel Hawkins,cookjimmy@example.com,2021-03-13,London,UK,60,M,STANDARD
971,Teresa Coffey Dds,smithwilliam@example.com,2021-07-17,London,UK,17,M,B
972,James Wood,carpenterjorge@example.net,2019-12-16,Mumbai,India,65,M,C
973,Gerald Mcdonald Jr.,hthomas@example.com,2023-08-02,Manchester,UK,36,F,STANDARD
974,Carl Savage,julie64@example.com,2021-03-31,Berlin,Germany,42,F,STANDARD
975,Pam Baker,ryan25@example.net,2021-02-25,Berlin,Germany,37,F,VIP
976,Pamela Hernandez Dvm,jbrown@example.org,2022-03-07,Manchester,UK,50,M,STANDARD
977,Andrew Green,fgraham@example.org,2024-03-21,Melbourne,Australia,69,M,STANDARD
978,William Hoffman,uvasquez@example.org,2019-07-19,Munich,Germany,27,M,A
979,Brandon Oneill,marybrady@example.com,2023-07-26,Sydney,Australia,65,M,STANDARD
980,Mary Lewis,foxashley@example.com,2019-07-05,New York,USA,68,M,C
981,Danielle Jimenez,clayanthony@example.net,2019-01-01,Singapore,Singapore,58,F,STANDARD
982,Mrs. Jacqueline Hickman,hooderic@example.org,2021-07-04,Paris,France,29,M,STANDARD
983,Michael Castillo,brooke05@example.org,2022-10-23,Bangkok,Thailand,74,Not Specified,A
984,Tiffany Nguyen,jasonwilliams@example.net,2019-07-02,London,UK,16,M,STANDARD
985,Robert Manning,tammyglenn@example.org,2020-08-25,Mumbai,India,39,F,STANDARD
986,Daniel Price,wmitchell@example.net,2023-08-08,Munich,Germany,23,F,STANDARD
987,Edwin Owen,rebecca92@example.com,2022-04-23,Melbourne,Australia,56,F,STANDARD
988,Sandra Hunt,ygriffin@example.com,2020-03-08,Munich,Germany,46,M,STANDARD
989,Kyle Davis,nshepherd@example.org,2023-09-17,London,UK,25,F,A
990,Jeffery Williams,teresa32@example.com,2019-05-27,New York,USA,17,M,STANDARD
991,Maria Miller,zkim@example.com,2019-06-23,Chicago,USA,57,M,STANDARD
992,William Sutton,mckenzie86@example.com,2022-05-22,Melbourne,Australia,55,M,STANDARD
993,Kristen Lowery,dixonrobert@example.com,2021-02-26,Berlin,Germany,30,M,B
994,Laura King,brenda80@example.org,2023-02-05,Mumbai,India,61,M,STANDARD
995,Julie Hartman,awilliams@example.net,2019-03-10,London,UK,52,M,STANDARD
996,Kevin Gibson,qhanson@example.com,2019-06-13,Melbourne,Australia,62,Not Specified,STANDARD
997,Shelby Lopez,christianhendrix@example.com,2020-07-26,Singapore,Singapore,49,F,VIP
998,Ashley Ferguson,fosteralexander@example.net,2022-07-15,Berlin,Germany,59,F,STANDARD
999,Michael Melton,nturner@example.com,2024-01-25,New York,USA,50,M,STANDARD
1000,Tracey Leonard,christopher20@example.org,2022-03-21,Berlin,Germany,42,F,STANDARD
1001,Alan Waller,clarkdeborah@example.net,2019-03-14,Chicago,USA,63,F,STANDARD
1002,Ryan Garrison,christophercarrillo@example.org,2021-08-27,Sydney,Australia,26,F,A
1003,Alex Martin,joannewallace@example.com,2022-07-02,Melbourne,Australia,34,F,STANDARD
1004,Scott Richards,kennethgallegos@example.com,2020-07-23,Singapore,Singapore,24,F,STANDARD
1005,Adam Mccoy,fpetty@example.net,2019-08-17,Melbourne,Australia,27,M,A
1006,Monique Duarte,freemantodd@example.net,2023-07-13,London,UK,32,F,VIP
1007,Taylor Stein,dhall@example.net,2023-11-01,Munich,Germany,37,M,VIP
1008,Kenneth Tran,patricia67@example.org,2019-11-12,Mumbai,India,64,F,STANDARD
1009,Todd Reed Dds,martinjessica@example.com,2023-01-26,Berlin,Germany,26,F,STANDARD
1010,David Robinson,sandra72@example.com,2020-06-25,Sydney,Australia,19,F,C
1011,Jeanette Butler,laura29@example.org,2024-04-26,Melbourne,Australia,30,M,VIP
1012,Paul Estrada,glenmoore@example.com,2021-12-22,Chicago,USA,16,F,STANDARD
1013,Jason Chaney,jimmy80@example.org,2024-05-23,London,UK,59,M,C
1014,Dean Rhodes,mariakline@example.org,2024-05-12,London,UK,55,F,STANDARD
1015,Gail Wilson,davidwalker@example.com,2023-07-02,Vancouver,Canada,32,M,C
1016,Rachel Hammond Phd,paula89@example.net,2020-05-10,Melbourne,Australia,65,M,STANDARD
1017,Anthony Shah,westes@example.org,2020-10-03,Chicago,USA,16,F,B
1018,Rachael Lynch,colonbobby@example.org,2021-12-11,Los Angeles,USA,59,F,B
1019,Bruce Harris,eric47@example.net,2019-03-11,Toronto,Canada,55,M,STANDARD
1020,Dr. Christian Cox Phd,allisonscott@example.com,2020-03-20,Mumbai,India,56,F,STANDARD
1021,Adriana Davenport,gpeterson@example.org,2019-09-24,Paris,France,58,M,STANDARD
1022,Jaime Fischer,crystal32@example.net,2024-01-10,Chicago,USA,60,M,A
1023,Darren Pham,dhardin@example.net,2022-08-01,Los Angeles,USA,75,M,C
1024,Heidi Johnson,kaylarobbins@example.net,2023-04-26,Sydney,Australia,32,M,STANDARD
1025,Angela Edwards,ryanlong@example.org,2021-03-06,Manchester,UK,19,F,B
1026,Margaret Orr,levinetina@example.net,2021-10-04,Los Angeles,USA,55,F,A
1027,Valerie Barnes,jennifer55@example.org,2023-04-24,Munich,Germany,29,F,B
1028,Stephanie Bishop,isabellagriffin@example.org,2019-07-31,Vancouver,Canada,20,M,VIP
1029,Lori Montgomery,zterry@example.net,2024-01-11,Unknown,USA,25,F,STANDARD
1030,Craig Turner,medinapeter@example.net,2020-06-29,Manchester,UK,60,F,STANDARD
1031,Beth Braun,jason88@example.com,2024-04-08,Melbourne,Australia,46,M,STANDARD
1032,Nicole Moore,zamoraamber@example.com,2019-05-24,Singapore,Singapore,46,M,VIP
1033,Raymond Barber,dennismckenzie@example.com,2019-09-06,Berlin,Germany,50,M,STANDARD
1034,Heather Williams,westashley@example.org,2019-04-24,Manchester,UK,57,Not Specified,VIP
1035,William Trujillo,michaelmitchell@example.net,2023-09-19,Los Angeles,USA,64,F,STANDARD
1036,Brenda Gray,danielblack@example.org,2024-06-04,New York,USA,58,M,STANDARD
1037,Heather Garcia,fpoole@example.org,2022-11-11,Sydney,Australia,47,M,STANDARD
1038,Stephen Alvarez,rmiller@example.net,2019-03-15,Chicago,USA,17,M,VIP
1039,Justin Maxwell,breanna67@example.net,2023-06-12,Los Angeles,USA,57,M,STANDARD
1040,Katherine Mcpherson,drewmartinez@example.net,2024-06-02,Berlin,Germany,18,M,STANDARD
1041,Walter Palmer,bensonstanley@example.org,2019-08-31,Manchester,UK,67,Other,STANDARD
1042,Terry Wood,guzmanricky@example.org,2023-11-26,Mumbai,India,25,F,STANDARD
1043,Dylan Mills,watsonvickie@example.com,2019-10-17,Melbourne,Australia,46,M,STANDARD
1044,Alfred Thomas,twilliams@example.com,2022-12-07,Toronto,Canada,46,M,STANDARD
1045,Robert Burns,kelleycarlos@example.org,2023-06-14,Mumbai,India,45,F,STANDARD
1046,Kenneth Knight,kimberly79@example.org,2019-08-06,Mumbai,India,47,F,STANDARD
1047,Kathy Murray,jcontreras@example.net,2021-05-22,Toronto,Canada,67,F,STANDARD
1048,Robert Beck,zhughes@example.com,2024-06-21,Los Angeles,USA,50,M,C
1049,Tina Wu,debbie20@example.net,2019-04-04,Singapore,Singapore,27,F,C
1050,Patricia Parker,schneiderchristopher@example.net,2019-12-11,Manchester,UK,51,M,A
1051,Nina Bernard,karenshaw@example.org,2019-07-24,Chicago,USA,55,M,C
1052,Timothy White,hilljamie@example.net,2019-01-14,Los Angeles,USA,27,M,B
1053,Lauren Miller,richard07@example.org,2021-05-02,Vancouver,Canada,60,F,STANDARD
1054,Christopher Johnson,patrick11@example.org,2021-04-23,Berlin,Germany,27,F,A
1055,Dominique White,moorestephanie@example.net,2022-06-07,Berlin,Germany,56,F,STANDARD
1056,Lucas Nguyen,reeveskenneth@example.org,2020-04-27,Munich,Germany,23,M,STANDARD
1057,Jason Nguyen,hdavid@example.org,2023-04-08,Mumbai,India,48,M,STANDARD
1058,Paul Willis,gromero@example.com,2019-04-19,Vancouver,Canada,23,Not Specified,STANDARD
1059,Debra Flores,bjones@example.com,2021-10-15,Berlin,Germany,26,M,STANDARD
1060,Susan Smith,sanchezangela@example.org,2020-03-05,Vancouver,Canada,32,M,B
1061,Jason Miller,kristathomas@example.net,2019-08-02,New York,USA,75,F,STANDARD
1062,Dr. Kimberly Henderson,dwilliams@example.net,2019-08-26,Munich,Germany,73,M,STANDARD
1063,William Smith,qnelson@example.net,2020-02-12,Manchester,UK,30,F,A
1064,Gregory Chen,brandon89@example.org,2021-04-24,Melbourne,Australia,40,M,STANDARD
1065,James Martinez,jessicalutz@example.com,2023-12-29,New York,USA,25,F,STANDARD
1066,Jonathan Pham,cynthia74@example.org,2019-10-07,London,UK,62,F,B
1067,Erica Clark,allen20@example.net,2019-09-18,London,UK,60,F,STANDARD
1068,Steven Chambers,speters@example.net,2021-07-28,Berlin,Germany,26,F,STANDARD
1069,James Miller Phd,ryanpatricia@example.net,2023-06-05,Chicago,USA,55,M,STANDARD
1070,Caleb Stanton,wcarey@example.com,2019-06-27,Toronto,Canada,70,F,STANDARD
1071,Randy Terry,martinezmitchell@example.org,2023-09-11,Berlin,Germany,46,M,STANDARD
1072,Daniel Smith,erin53@example.org,2020-11-01,Toronto,Canada,53,Other,STANDARD
1073,Lori Stokes,jimsnyder@example.com,2022-03-20,Bangkok,Thailand,42,M,STANDARD
1074,Johnathan Padilla,adrianjoyce@example.net,2021-10-29,Singapore,Singapore,43,M,STANDARD
1075,Sergio Carroll,mjackson@example.net,2019-07-20,Mumbai,India,47,F,STANDARD
1076,Megan Morrison,cameronanderson@example.org,2021-04-12,Melbourne,Australia,24,Not Specified,STANDARD
1077,Timothy Foley,james08@example.net,2021-09-09,New York,USA,26,M,B
1078,Justin Gibson,pdavidson@example.org,2024-06-22,New York,USA,45,F,STANDARD
1079,Erica Richard,rhill@example.net,2023-11-20,Singapore,Singapore,56,M,B
1080,Isaiah Blake,brandonhull@example.net,2021-02-27,Los Angeles,USA,46,F,STANDARD
1081,Aaron Lee,beardlindsey@example.net,2022-01-15,Paris,France,66,M,A
1082,Michael Rosario,jamesmurphy@example.org,2023-02-15,London,UK,48,M,VIP
1083,Anne Castillo,watkinsconnie@example.com,2021-02-23,Los Angeles,USA,45,F,B
1084,Danielle Wells,marissa58@example.org,2022-12-14,Munich,Germany,51,Not Specified,STANDARD
1085,Patricia Harvey,garrettbeth@example.org,2022-01-10,Toronto,Canada,57,M,B
1086,Sydney Bennett,pattonbryan@example.com,2020-03-05,Melbourne,Australia,36,M,STANDARD
1087,Leslie Reynolds,byrdanita@example.com,2019-04-22,Vancouver,Canada,39,M,STANDARD
1088,Jennifer Williamson,mhall@example.net,2021-08-20,Los Angeles,USA,59,F,VIP
1089,Jody Marshall,nhobbs@example.org,2023-06-27,London,UK,28,F,STANDARD
1090,Timothy Logan,lholmes@example.org,2020-01-02,Bangkok,Thailand,20,M,STANDARD
1091,Adam Reeves,rebeccamartinez@example.net,2019-11-05,Unknown,Germany,49,F,STANDARD
1092,Jason Hardy,ilopez@example.org,2022-01-13,Sydney,Australia,46,M,STANDARD
1093,Eric Graham,larry82@example.org,2020-01-23,Vancouver,Canada,17,Other,STANDARD
1094,Larry Carter,holmesdiane@example.org,2020-11-18,Sydney,Australia,53,F,STANDARD
1095,Jonathon Conley,hendersonjames@example.org,2022-09-25,Paris,France,69,M,STANDARD
1096,Christina Jones,elizabethneal@example.com,2023-06-05,Bangkok,Thailand,26,F,STANDARD
1097,Erin Lane,christina65@example.org,2023-04-26,Vancouver,Canada,25,F,STANDARD
1098,Shawn Lozano,arobinson@example.net,2019-11-26,Bangkok,Thailand,34,M,VIP
1099,David Hanson,timothytate@example.com,2022-09-26,Bangkok,Thailand,26,F,VIP
1100,Jamie Ross,coxcharles@example.org,2021-06-21,Chicago,USA,39,F,STANDARD
1101,Brenda Alexander,bradley03@example.org,2024-06-25,London,UK,25,F,A
1102,Daniel Green,matthewspencer@example.org,2019-09-06,Vancouver,Canada,41,Other,VIP
1103,Christopher Green,smitherica@example.com,2020-10-17,Bangkok,Thailand,16,M,STANDARD
1104,Stacey Morgan,kevinallen@example.com,2022-12-15,Sydney,Australia,46,M,STANDARD
1105,Teresa Rowland,ejohns@example.org,2022-09-27,Paris,France,67,F,VIP
1106,Thomas Norton,amandabenson@example.com,2019-08-19,Melbourne,Australia,46,F,VIP
1107,Vanessa Sanchez,hinesbrenda@example.net,2021-04-02,New York,USA,69,F,STANDARD
1108,Charles Wright,monique89@example.com,2022-08-06,Paris,France,53,M,VIP
1109,Brad Ruiz,jacksonpaul@example.net,2019-02-16,Toronto,Canada,50,Not Specified,STANDARD
1110,Jacqueline Stone,marcbrooks@example.net,2021-03-18,Munich,Germany,47,Other,STANDARD
1111,Dr. John Perkins,clarkpatricia@example.com,2022-09-27,Bangkok,Thailand,41,F,STANDARD
1112,Jennifer Torres,xduncan@example.com,2019-01-25,London,UK,38,M,STANDARD
1113,Brandy Miller,ostone@example.net,2020-03-17,Los Angeles,USA,63,F,STANDARD
1114,Jose Rogers,amcdonald@example.com,2023-01-30,Singapore,Singapore,62,M,B
1115,Emily Reyes,scottbaker@example.org,2019-10-22,Los Angeles,USA,35,Not Specified,A
1116,Bradley Kirby,hartmansara@example.org,2024-03-26,Unknown,USA,64,M,STANDARD
1117,Isaac Payne,james54@example.com,2021-04-28,Vancouver,Canada,51,M,VIP
1118,Patricia Bruce,janicebolton@example.net,2020-01-16,Toronto,Canada,34,M,A
1119,Susan Smith,juan56@example.com,2022-04-13,Mumbai,India,47,F,STANDARD
1120,Norma Smith,michelleperez@example.net,2019-11-12,New York,USA,35,M,B
1121,Kara Black,dsharp@example.com,2022-09-25,Sydney,Australia,42,M,C
1122,Emily Lopez,cclark@example.net,2019-09-02,New York,USA,47,M,STANDARD
1123,Charles Russo,sherry07@example.net,2021-09-11,Paris,France,43,M,A
1124,Gina Barnes,sfarmer@example.net,2023-08-03,Melbourne,Australia,39,M,VIP
1125,Kevin Bradley,weekseric@example.com,2022-04-06,Chicago,USA,25,F,STANDARD
1126,Rebecca Mcintyre,nbaird@example.com,2019-04-19,Chicago,USA,39,F,STANDARD
1127,James Wells,ashley74@example.org,2020-08-20,Vancouver,Canada,56,M,C
1128,Michael Thompson,ocampbell@example.com,2023-04-16,Chicago,USA,54,M,C
1129,Andrea Brown,jacksonmichele@example.com,2023-09-27,Mumbai,India,33,F,STANDARD
1130,William Anderson,emendoza@example.com,2020-12-21,Paris,France,16,M,STANDARD
1131,Sharon Anderson,kylemeyers@example.net,2020-11-27,Manchester,UK,22,M,STANDARD
1132,Larry Crosby,waynecohen@example.com,2024-01-12,Singapore,Singapore,55,M,STANDARD
1133,William Griffin,pjacobs@example.net,2022-02-02,Melbourne,Australia,42,M,VIP
1134,Keith Henry,vjohnston@example.org,2019-02-05,Bangkok,Thailand,38,M,C
1135,Stanley Bryant,peter26@example.org,2022-05-08,Bangkok,Thailand,64,F,STANDARD
1136,Luke Reynolds,lbartlett@example.net,2023-07-27,Melbourne,Australia,30,M,C
1137,Jennifer Bautista,nicolemoore@example.net,2019-09-14,Vancouver,Canada,24,M,B
1138,Mary Jones,reginajenkins@example.net,2019-06-09,Los Angeles,USA,65,F,A
1139,Jacob Campos,robert24@example.org,2023-06-13,New York,USA,46,F,VIP
1140,Julia Jones,vjames@example.com,2020-09-09,Los Angeles,USA,64,M,STANDARD
1141,Jennifer Smith,fletcherderek@example.net,2024-01-20,Unknown,France,27,F,STANDARD
1142,Kari Jones,jenniferkim@example.com,2024-04-12,Melbourne,Australia,53,M,STANDARD
1143,Sarah Jackson,lawsongregory@example.org,2022-06-09,Melbourne,Australia,48,M,STANDARD
1144,Jeanne Jones,byrderic@example.com,2021-12-19,New York,USA,61,M,C
1145,Miguel Stafford,scottwilliams@example.net,2019-01-09,Munich,Germany,75,M,STANDARD
1146,Margaret Moran,myerskyle@example.org,2022-11-30,London,UK,27,F,STANDARD
1147,Amber Bennett,sarahbrooks@example.org,2021-02-16,London,UK,29,M,A
1148,Alan Johnson,rogersjames@example.net,2019-09-11,London,UK,23,F,C
1149,Tyler Davis,jenniferwilliams@example.net,2022-02-15,Vancouver,Canada,21,F,VIP
1150,Gabriel Hart,colleenvilla@example.com,2023-02-16,Paris,France,59,M,STANDARD
1151,Barbara Lewis,marcus06@example.net,2023-10-18,Vancouver,Canada,28,M,VIP
1152,James Ellis,barrettjoshua@example.net,2021-01-22,Sydney,Australia,16,F,B
1153,Austin Robinson,katrina71@example.net,2021-12-06,Berlin,Germany,59,F,VIP
1154,Wanda Jefferson,johnathandavis@example.com,2024-06-25,Paris,France,63,F,C
1155,Miss Megan Compton,martinreid@example.net,2020-11-24,Toronto,Canada,54,F,A
1156,Samuel Olson,andres97@example.com,2023-01-25,Manchester,UK,33,M,B
1157,Natalie Gordon,hallchristina@example.org,2023-06-05,Singapore,Singapore,41,Not Specified,STANDARD
1158,Oscar Todd,brownnicholas@example.com,2021-11-13,Berlin,Germany,25,F,VIP
1159,James May,sandrageorge@example.com,2020-04-17,Berlin,Germany,46,M,STANDARD
1160,Erin Ramirez,meyertiffany@example.net,2022-10-20,Berlin,Germany,27,F,B
1161,Nicole Perez,matthew38@example.org,2022-06-30,Paris,France,64,M,A
1162,Mary Wright,cathyjames@example.com,2021-08-12,Singapore,Singapore,34,F,B
1163,Mark Brown,mjones@example.org,2023-07-16,London,UK,46,Not Specified,STANDARD
1164,Brenda Harris,thompsonana@example.org,2024-02-17,Bangkok,Thailand,40,F,STANDARD
1165,Blake Hardy,frank33@example.com,2019-03-09,New York,USA,51,M,STANDARD
1166,David Mitchell,mfaulkner@example.com,2021-10-03,Chicago,USA,24,M,STANDARD
1167,Karen Tapia,raymond27@example.com,2022-10-14,Paris,France,58,M,A
1168,Leon Hamilton,lorileon@example.org,2023-10-16,Munich,Germany,46,M,STANDARD
1169,Jessica Miller,brooke28@example.net,2022-06-17,Manchester,UK,65,F,A
1170,James Torres,nicholas97@example.org,2019-09-20,New York,USA,38,M,STANDARD
1171,Miguel Gonzalez,adamhensley@example.net,2020-11-29,Sydney,Australia,22,F,STANDARD
1172,Katherine Frost,xwaller@example.com,2022-09-16,New York,USA,31,F,B
1173,Martin Chapman Md,riddledavid@example.net,2019-05-15,Unknown,Australia,23,F,STANDARD
1174,Phillip Krueger,william75@example.net,2022-09-09,Berlin,Germany,52,F,STANDARD
1175,James Coleman,johnjohnson@example.com,2022-04-19,Berlin,Germany,36,M,STANDARD
1176,Megan Terry,josegibson@example.net,2021-09-27,Singapore,Singapore,60,M,C
1177,David Lane,alexanderwise@example.net,2022-09-28,Singapore,Singapore,26,F,C
1178,Janice Mccarthy,stonejacob@example.com,2022-07-25,Berlin,Germany,69,F,C
1179,Jeffery Holt,uwillis@example.com,2022-03-20,Vancouver,Canada,67,F,C
1180,Tammy Booth,fieldskimberly@example.com,2022-03-30,Mumbai,India,53,M,C
1181,Debra Clark,ahale@example.org,2021-05-24,Berlin,Germany,38,F,B
1182,April Jones,pwarren@example.com,2020-09-06,Singapore,Singapore,58,F,STANDARD
1183,Carolyn Brooks,jameswhite@example.org,2021-11-21,Paris,France,58,F,STANDARD
1184,Robert Lopez,bradylisa@example.org,2021-11-23,Melbourne,Australia,52,M,A
1185,Steven Ortiz,oneillgabriel@example.com,2020-07-02,Berlin,Germany,50,M,STANDARD
1186,Caleb Brown,richardstimothy@example.net,2022-03-05,Bangkok,Thailand,19,F,STANDARD
1187,Alexandra Adams,ortegakristina@example.org,2023-03-09,Chicago,USA,70,M,STANDARD
1188,Joseph Smith,sarah75@example.net,2022-07-22,Los Angeles,USA,70,M,STANDARD
1189,Jacob Wu,lisa56@example.com,2022-11-07,Vancouver,Canada,31,F,STANDARD
1190,Vanessa Marks,smithmonica@example.com,2023-06-21,Toronto,Canada,45,F,STANDARD
1191,Stacy Taylor,meltonjoshua@example.net,2019-03-17,Unknown,Thailand,26,M,C
1192,Danielle Hayes,qrobertson@example.org,2022-09-10,Vancouver,Canada,27,M,STANDARD
1193,Mark Mcmahon,allen50@example.net,2019-02-10,Singapore,Singapore,71,F,STANDARD
1194,Jeremy Lawson,ystevenson@example.org,2024-01-19,Los Angeles,USA,73,F,STANDARD
1195,Todd David,shatfield@example.org,2023-01-23,Mumbai,India,31,Other,C
1196,Elizabeth Lee,mollywalter@example.net,2022-09-22,Munich,Germany,65,M,B
1197,Bethany Robles,marisa87@example.org,2022-05-13,Toronto,Canada,65,M,A
1198,Tina Olson,johnjackson@example.net,2023-07-09,Manchester,UK,75,F,STANDARD
1199,Ashley Holder,martinsarah@example.com,2021-06-19,Vancouver,Canada,32,M,C
1200,Connie Scott,qlynn@example.org,2024-04-26,Melbourne,Australia,36,F,STANDARD
1201,Tammy Schultz,sdavis@example.com,2023-12-07,Vancouver,Canada,39,F,B
1202,Tara Miranda,schneidernicholas@example.net,2024-06-03,Sydney,Australia,18,Other,B
1203,Molly Valdez,ostokes@example.com,2024-02-22,Melbourne,Australia,32,Not Specified,STANDARD
1204,Brandon Davis,juliewilson@example.com,2024-01-24,London,UK,50,F,STANDARD
1205,Erik James,collinsbrittany@example.org,2024-05-21,Bangkok,Thailand,75,F,B
1206,Veronica Flores,lauren28@example.net,2023-03-30,Mumbai,India,35,M,VIP
1207,Courtney Foster,sstewart@example.org,2020-10-11,Sydney,Australia,42,F,STANDARD
1208,Mr. Kyle Thomas Dds,georgekyle@example.net,2024-04-10,Singapore,Singapore,46,F,STANDARD
1209,Zachary Mccarthy,nwelch@example.com,2023-12-01,Manchester,UK,68,F,A
1210,Vincent Brown,eric33@example.net,2022-05-18,Manchester,UK,63,M,VIP
1211,Tammy Parsons,tluna@example.net,2022-08-06,Sydney,Australia,56,F,B
1212,Caitlin Smith,rrogers@example.com,2022-07-10,Toronto,Canada,36,F,B
1213,Norma Myers Dds,justin38@example.com,2024-06-08,Melbourne,Australia,64,F,STANDARD
1214,Frank Moody,hornjenna@example.com,2021-07-13,London,UK,71,M,STANDARD
1215,Laura Ramos,jcarter@example.org,2020-11-01,Mumbai,India,28,F,C
1216,Paul Moss,coxmelissa@example.org,2024-04-18,Unknown,UK,46,M,C
1217,Virginia Hernandez,kshelton@example.org,2022-07-07,Paris,France,74,F,STANDARD
1218,William White,wilsonzachary@example.com,2019-12-12,Mumbai,India,41,F,C
1219,Tracy Sims,hsanchez@example.org,2019-12-15,London,UK,46,M,STANDARD
1220,Eric Carlson,denisebennett@example.net,2021-07-18,Bangkok,Thailand,23,Other,STANDARD
1221,Megan Davis Dds,phill@example.com,2023-05-21,Mumbai,India,34,F,VIP
1222,Bryan Miller,gmay@example.org,2022-05-13,Toronto,Canada,68,F,VIP
1223,Kenneth Armstrong,heather19@example.org,2023-06-11,Manchester,UK,17,M,STANDARD
1224,Zachary Park,ashley15@example.org,2020-05-23,Bangkok,Thailand,53,F,STANDARD
1225,Shannon Medina,bhess@example.com,2023-11-20,Chicago,USA,60,F,STANDARD
1226,Kimberly Burnett,lbrown@example.net,2023-02-16,Manchester,UK,32,F,STANDARD
1227,Rachel Martinez,tammymerritt@example.org,2020-04-25,Bangkok,Thailand,74,M,C
1228,Melissa Smith,hmcbride@example.org,2022-05-10,Singapore,Singapore,16,F,STANDARD
1229,Daniel Martin,melissa01@example.org,2022-10-06,Manchester,UK,24,M,B
1230,Heidi Stephens,qrowland@example.org,2019-12-14,Vancouver,Canada,47,F,A
1231,Angel Bautista,donna72@example.net,2022-12-25,London,UK,43,F,STANDARD
1232,Erik Bartlett Dvm,haileybates@example.org,2021-10-19,Chicago,USA,63,M,A
1233,Cole Evans,susanguzman@example.org,2022-06-09,Vancouver,Canada,49,F,STANDARD
1234,Destiny Daniel,qjones@example.com,2023-04-14,Berlin,Germany,51,M,C
1235,Steven Ross,duffyerica@example.net,2020-01-22,New York,USA,19,F,STANDARD
1236,Dalton Soto,wanda35@example.net,2021-08-14,Melbourne,Australia,23,F,B
1237,Samantha Jacobs,uunderwood@example.com,2022-12-23,London,UK,47,M,B
1238,Victor Wright,david18@example.com,2019-09-11,Chicago,USA,21,M,STANDARD
1239,Mark Cox,kimberly23@example.com,2021-11-07,Melbourne,Australia,52,M,C
1240,James Novak,ylynn@example.org,2021-12-13,New York,USA,27,M,STANDARD
1241,Nicholas Parker,wdavis@example.net,2019-07-13,Sydney,Australia,17,F,A
1242,Diane Nelson,mosleygeorge@example.com,2022-04-24,Unknown,UK,69,M,STANDARD
1243,Robert Byrd,iwoods@example.com,2022-09-12,Melbourne,Australia,45,M,STANDARD
1244,Jose Moore,douglasbradley@example.com,2024-06-09,London,UK,57,Other,STANDARD
1245,Nicholas Villegas,erikabarnes@example.com,2024-02-01,Melbourne,Australia,24,M,STANDARD
1246,William Lindsey,joshua68@example.net,2023-06-23,London,UK,63,F,STANDARD
1247,Robin Torres,mezarichard@example.com,2020-06-06,Manchester,UK,31,F,A
1248,Madison Jones,shirleymartin@example.org,2020-03-02,Mumbai,India,40,M,STANDARD
1249,Dustin Noble,haydenroger@example.net,2019-11-12,Sydney,Australia,35,M,STANDARD
1250,Breanna Jimenez,sullivanchristina@example.net,2024-01-25,Vancouver,Canada,24,F,VIP
1251,Jeffery Ferguson,john89@example.org,2021-09-29,Toronto,Canada,72,M,STANDARD
1252,Traci Craig,gregoryrichardson@example.org,2023-03-30,Los Angeles,USA,67,M,STANDARD
1253,Tiffany Henderson,hjackson@example.com,2019-03-24,Los Angeles,USA,37,M,STANDARD
1254,Danielle Ryan,robertstimothy@example.com,2019-11-14,Melbourne,Australia,49,F,VIP
1255,Oscar Carroll,sandrahickman@example.net,2019-06-12,Manchester,UK,35,M,VIP
1256,Stephanie Walls,abrown@example.net,2020-05-24,Mumbai,India,43,F,A
1257,Edwin Rodriguez,pamela26@example.com,2021-11-17,New York,USA,48,M,STANDARD
1258,Jeffrey Gonzalez,robertgentry@example.org,2023-07-23,Paris,France,38,M,STANDARD
1259,Matthew Perez,xbrooks@example.com,2023-02-25,Los Angeles,USA,27,F,STANDARD
1260,Kimberly Adams,cdouglas@example.org,2023-12-01,Manchester,UK,36,M,VIP
1261,Paul Smith,danielmitchell@example.org,2023-07-13,Paris,France,37,F,STANDARD
1262,Patrick Santana,elizabethvaughan@example.net,2019-06-10,Chicago,USA,32,M,STANDARD
1263,Mrs. Katherine Simpson,markduran@example.com,2021-03-19,New York,USA,16,M,VIP
1264,Tammy Cameron,ganderson@example.org,2022-09-09,Mumbai,India,62,Not Specified,VIP
1265,Gregory Smith,brettgallegos@example.com,2022-11-15,London,UK,67,F,STANDARD
1266,Nancy Hamilton,justin16@example.org,2023-07-30,Los Angeles,USA,60,F,STANDARD
1267,Monica Lopez,katie43@example.net,2019-10-25,Sydney,Australia,31,M,C
1268,Christina Mccarthy,hayneswayne@example.org,2019-06-26,Toronto,Canada,65,F,STANDARD
1269,Scott Fuller,jeromeanderson@example.org,2024-01-23,Chicago,USA,63,M,A
1270,Corey Thomas,jensenchristopher@example.org,2021-07-09,Mumbai,India,31,M,STANDARD
1271,Joseph Graves,jeffreysimmons@example.org,2020-11-14,New York,USA,22,Not Specified,VIP
1272,Maria Torres,michael56@example.org,2021-10-12,Mumbai,India,54,F,STANDARD
1273,Anthony Williams,guerreromarc@example.com,2021-09-22,Manchester,UK,53,M,STANDARD
1274,Terry Garcia,johnnyhenry@example.com,2021-09-26,Unknown,India,61,M,STANDARD
1275,Brent Smith,markfigueroa@example.com,2019-05-11,Munich,Germany,73,F,STANDARD
1276,Leah Jacobs,debraclark@example.com,2024-04-06,Paris,France,38,F,A
1277,Brian Soto,williamstanya@example.net,2020-01-29,Melbourne,Australia,38,M,B
1278,Cheryl Griffin,jonesamy@example.com,2020-11-25,Sydney,Australia,70,F,STANDARD
1279,John Juarez,bradleylee@example.net,2023-01-20,Vancouver,Canada,42,M,A
1280,Stephanie Malone,patricia71@example.com,2021-08-25,Singapore,Singapore,55,F,STANDARD
1281,Jason Velazquez,jacksonjoshua@example.org,2019-09-22,Berlin,Germany,28,M,C
1282,Tyler Brown,joysanders@example.net,2020-09-13,Berlin,Germany,29,F,A
1283,Kayla Jones,ychristensen@example.net,2021-01-01,Vancouver,Canada,27,F,STANDARD
1284,Jennifer Nelson,adamarmstrong@example.net,2020-11-22,Los Angeles,USA,23,F,C
1285,Sherry Gibbs,ugordon@example.net,2020-11-27,Vancouver,Canada,46,F,A
1286,Samuel Phillips,andrea23@example.org,2023-10-14,Chicago,USA,54,Other,STANDARD
1287,Dorothy Bowman,sara40@example.net,2023-06-25,Berlin,Germany,69,M,B
1288,Wanda Clark,smithmichael@example.net,2023-05-21,Paris,France,68,F,STANDARD
1289,Erika Potts,jennifer69@example.com,2023-11-19,Los Angeles,USA,74,M,STANDARD
1290,Anthony Cabrera,jeffrey42@example.com,2021-11-02,Singapore,Singapore,62,F,B
1291,Kimberly Irwin,sharphailey@example.net,2019-10-10,Mumbai,India,70,M,VIP
1292,Mark Munoz,lisawalker@example.com,2020-05-17,New York,USA,37,F,STANDARD
1293,Mark Garrison,omoore@example.net,2023-03-26,Melbourne,Australia,39,M,C
1294,Jackie Barrera,crawfordstephen@example.org,2021-05-13,Munich,Germany,24,F,STANDARD
1295,John Blair,andrew22@example.com,2024-05-03,Berlin,Germany,66,F,B
1296,Chelsea Thomas,psanchez@example.com,2019-01-21,Singapore,Singapore,20,Not Specified,STANDARD
1297,Joseph Acosta,morrisonnicholas@example.org,2021-06-07,Chicago,USA,41,M,VIP
1298,Adam Rivas,andersonkayla@example.com,2022-03-22,Bangkok,Thailand,56,M,C
1299,Mark Smith,rosariodaniel@example.net,2021-05-08,Vancouver,Canada,72,F,STANDARD
1300,Sarah Miller,timothyhart@example.com,2020-10-04,Melbourne,Australia,16,M,STANDARD
1301,Elizabeth Mendoza,brianholt@example.net,2022-12-05,Chicago,USA,44,M,STANDARD
1302,Alisha Williams,curtis62@example.org,2022-08-28,Paris,France,60,M,STANDARD
1303,Allison Simmons,tmcdaniel@example.org,2020-02-09,Singapore,Singapore,46,M,STANDARD
1304,William Walker Dvm,michael95@example.org,2023-12-07,Melbourne,Australia,49,F,VIP
1305,Tim Miller,munozgregory@example.net,2020-10-01,Munich,Germany,37,F,STANDARD
1306,Christopher Coleman,colleen45@example.org,2022-01-10,Singapore,Singapore,32,M,STANDARD
1307,Jonathan Wood,lisa10@example.org,2019-08-15,Munich,Germany,69,F,STANDARD
1308,Bridget Hernandez,ygriffith@example.com,2023-03-30,New York,USA,23,F,A
1309,Ashley Simmons,duane52@example.org,2020-04-28,London,UK,52,M,STANDARD
1310,Heather Snyder,asteele@example.net,2022-05-04,Mumbai,India,38,M,C
1311,Felicia Pham,patrickdunn@example.net,2022-10-09,Paris,France,61,F,STANDARD
1312,Kim Underwood,tmiller@example.com,2022-04-07,Munich,Germany,68,F,STANDARD
1313,Paula Shepherd,jacquelineyoung@example.org,2023-08-24,Manchester,UK,21,F,C
1314,Samuel Cox,hrosario@example.org,2021-07-02,Toronto,Canada,39,M,STANDARD
1315,Heather Atkinson,kenneththomas@example.net,2021-03-19,Singapore,Singapore,53,F,STANDARD
1316,Susan Sanchez,briantaylor@example.net,2024-04-25,Bangkok,Thailand,62,F,STANDARD
1317,Jamie Johnson,swatson@example.org,2021-09-19,Chicago,USA,24,M,VIP
1318,Angela Monroe,anthonydiaz@example.org,2020-03-11,Melbourne,Australia,46,M,STANDARD
1319,Adam Guerra,lhernandez@example.com,2024-05-03,Bangkok,Thailand,54,F,STANDARD
1320,Nicole Hale,theodore57@example.net,2019-03-24,Vancouver,Canada,25,F,C
1321,Donna Moore,munozglenn@example.org,2021-09-22,Vancouver,Canada,66,F,B
1322,Ronnie Frazier,qspencer@example.net,2024-01-06,Bangkok,Thailand,72,M,STANDARD
1323,Michelle Henderson,josephdavis@example.com,2019-09-08,New York,USA,38,M,STANDARD
1324,Beth Lewis,robinsonisaiah@example.net,2022-03-04,Vancouver,Canada,73,M,STANDARD
1325,Lisa Jones,pwoods@example.net,2022-05-25,Mumbai,India,64,M,STANDARD
1326,James Brown,deborah34@example.org,2021-07-08,Sydney,Australia,71,M,B
1327,Jack Maxwell,anthony42@example.net,2021-04-18,Paris,France,30,F,STANDARD
1328,Daniel Smith,jacob30@example.org,2023-12-28,Sydney,Australia,63,F,STANDARD
1329,William Cunningham,uwilliams@example.org,2022-03-17,New York,USA,66,M,VIP
1330,Alejandra Kelly,susan83@example.com,2022-02-19,Sydney,Australia,28,M,STANDARD
1331,Molly Dickson,riverapeggy@example.net,2021-12-04,Paris,France,64,F,STANDARD
1332,Robert Hernandez,cwoods@example.com,2021-12-25,Bangkok,Thailand,17,M,STANDARD
1333,Michael Miller,cisnerosjesse@example.org,2023-12-23,Mumbai,India,44,F,STANDARD
1334,Martha Mack,victoriamason@example.net,2019-04-03,Paris,France,71,F,STANDARD
1335,Kelly Mack,vfloyd@example.com,2023-10-27,New York,USA,36,Not Specified,STANDARD
1336,Scott Jordan,nallen@example.net,2019-12-11,Munich,Germany,25,F,STANDARD
1337,Christian Burton,adavis@example.org,2022-10-21,Manchester,UK,19,F,STANDARD
1338,Emily Dillon,portershawn@example.org,2020-09-02,New York,USA,22,F,STANDARD
1339,Candice Ramirez,michael12@example.net,2024-04-12,Manchester,UK,19,M,A
1340,Deanna Kennedy,kathryn72@example.org,2021-11-07,Berlin,Germany,40,F,STANDARD
1341,Katherine Cox,richard92@example.com,2021-04-13,Munich,Germany,46,M,C
1342,Ryan Crane,christopher68@example.com,2020-07-05,New York,USA,53,M,STANDARD
1343,Shawn Fleming,figueroajohn@example.net,2019-09-15,Singapore,Singapore,52,M,STANDARD
1344,Samuel Roberts,ashleynash@example.org,2023-05-23,Toronto,Canada,39,F,C
1345,Joel Davis,imcdonald@example.com,2024-05-22,Manchester,UK,46,Not Specified,STANDARD
1346,Christopher Rodriguez,mtate@example.com,2020-08-15,Paris,France,46,M,STANDARD
1347,Evan Davies,vlewis@example.com,2020-05-28,Paris,France,38,M,STANDARD
1348,Jesse Gardner,huertakim@example.org,2019-04-04,Vancouver,Canada,63,F,STANDARD
1349,Heather Jordan,nlewis@example.org,2019-09-09,Melbourne,Australia,62,F,STANDARD
1350,Melinda Nelson,christopherjones@example.com,2021-10-30,Paris,France,72,F,B
1351,Shane Hayes,qwarren@example.com,2022-12-20,Singapore,Singapore,33,F,STANDARD
1352,Anthony Jacobson,wpeterson@example.com,2024-05-18,Berlin,Germany,46,M,STANDARD
1353,Gregory Barnes,ynichols@example.org,2022-05-31,New York,USA,16,F,STANDARD
1354,Jessica Gaines,jmorrow@example.net,2022-11-27,Bangkok,Thailand,64,M,A
1355,Nathan Lane,mariodowns@example.net,2019-06-08,Sydney,Australia,17,F,STANDARD
1356,Nancy Stewart,peggypeck@example.com,2020-12-23,Los Angeles,USA,68,M,STANDARD
1357,Ashley Cordova,ubaker@example.org,2022-11-28,Singapore,Singapore,23,F,C
1358,Terri Mathews Dds,johnsonjulie@example.org,2023-03-02,Toronto,Canada,64,F,STANDARD
1359,Joshua Martin,nrobinson@example.org,2023-07-30,Los Angeles,USA,56,F,STANDARD
1360,Laura Smith,allen48@example.org,2024-06-04,Berlin,Germany,18,M,STANDARD
1361,Mariah Bryant,ibell@example.com,2019-01-15,Toronto,Canada,68,F,STANDARD
1362,Pamela Wilson,stephenbrooks@example.net,2021-10-08,Munich,Germany,51,M,STANDARD
1363,Kimberly James,swalters@example.net,2022-03-03,Paris,France,20,F,C
1364,Susan Garcia,shafferdale@example.net,2022-03-13,Bangkok,Thailand,72,F,B
1365,Timothy Garcia,schultzwesley@example.org,2019-02-17,Sydney,Australia,55,F,B
1366,Sarah Lewis,harnold@example.org,2022-08-05,Manchester,UK,19,M,VIP
1367,Tiffany Bell,pgutierrez@example.net,2020-07-15,Manchester,UK,59,M,STANDARD
1368,Jennifer Ayers,williamadams@example.net,2023-12-16,New York,USA,19,F,C
1369,Ryan Pope,anunez@example.com,2021-03-13,New York,USA,37,F,STANDARD
1370,Alexander Gibbs,matthew96@example.org,2020-04-07,Melbourne,Australia,20,F,STANDARD
1371,Jenna Jensen,zpoole@example.net,2022-07-06,Los Angeles,USA,46,F,C
1372,Todd Myers,richardflores@example.org,2022-07-06,Singapore,Singapore,69,F,STANDARD
1373,Brett Owen,welchkristen@example.net,2023-09-01,London,UK,68,Other,C
1374,Sara Moore,james10@example.com,2022-05-13,Singapore,Singapore,44,M,A
1375,Randy Hernandez,armstronganthony@example.net,2024-06-18,Los Angeles,USA,46,M,STANDARD
1376,Jesse Welch,jacob34@example.org,2023-05-22,Los Angeles,USA,19,F,STANDARD
1377,Danielle Deleon,qtownsend@example.org,2021-06-03,Sydney,Australia,22,F,STANDARD
1378,Timothy Burton,rodriguezsara@example.org,2021-04-02,Manchester,UK,55,M,STANDARD
1379,Douglas Kline,jonesmegan@example.org,2022-07-01,Sydney,Australia,45,M,VIP
1380,John Johnson,tuckerconnie@example.org,2019-07-27,Paris,France,57,F,STANDARD
1381,Jaime Edwards,lstokes@example.com,2022-04-18,London,UK,22,F,B
1382,Christopher Bradley,wilsonmatthew@example.com,2023-09-18,Singapore,Singapore,73,F,C
1383,Mr. Joshua Moore,sara39@example.org,2021-09-12,Manchester,UK,44,F,STANDARD
1384,Kelly Hodges,michellewilson@example.org,2020-09-30,Chicago,USA,43,F,STANDARD
1385,Charles Miller,josepholson@example.org,2023-12-18,Paris,France,65,M,STANDARD
1386,Juan Phillips,zgraham@example.org,2021-01-25,Vancouver,Canada,49,F,B
1387,Craig Mathis,suzanne19@example.net,2023-08-05,Munich,Germany,46,Not Specified,B
1388,Robert Mckay,chamilton@example.com,2024-02-04,Sydney,Australia,66,M,C
1389,Denise Flores,lawsonruben@example.net,2021-08-15,Melbourne,Australia,60,Not Specified,STANDARD
1390,Steven Weiss,cjackson@example.net,2020-09-05,Paris,France,37,M,STANDARD
1391,Jason Munoz,raymond12@example.com,2021-10-12,New York,USA,46,F,VIP
1392,Cody Sanchez,dianewatson@example.com,2020-03-12,Paris,France,46,F,STANDARD
1393,Fernando Smith,jason95@example.org,2021-02-08,Melbourne,Australia,41,F,A
1394,Janice Guzman,dakotaramirez@example.net,2021-01-02,Los Angeles,USA,51,F,STANDARD
1395,Rhonda Powers,bfleming@example.com,2024-02-13,Paris,France,18,F,STANDARD
1396,Christina Williams,rjimenez@example.com,2023-12-19,Toronto,Canada,62,F,STANDARD
1397,Jesse Guzman,byoung@example.com,2019-02-14,Toronto,Canada,69,M,B
1398,Richard Johnston,buckjustin@example.com,2021-02-15,Chicago,USA,66,F,C
1399,Joseph Rose,deanna17@example.org,2020-05-06,Berlin,Germany,67,M,VIP
1400,Jennifer Turner,karen61@example.net,2022-06-30,Singapore,Singapore,72,M,STANDARD
1401,Katherine Williams,heather77@example.net,2023-06-16,Chicago,USA,28,F,VIP
1402,Barbara Brooks,johnsonbrandon@example.org,2024-06-23,Manchester,UK,31,M,STANDARD
1403,Wyatt Callahan,fperez@example.org,2022-01-01,Mumbai,India,66,M,B
1404,Robin Cabrera,villamiranda@example.com,2023-11-23,Vancouver,Canada,70,M,B
1405,Amanda Williams,charles59@example.com,2019-06-16,Melbourne,Australia,66,M,STANDARD
1406,Christopher Taylor,uwilson@example.org,2023-12-13,Singapore,Singapore,64,M,STANDARD
1407,Stacy Church,qwalsh@example.org,2022-12-30,London,UK,49,M,VIP
1408,Cynthia Woods,ubray@example.net,2022-04-05,Vancouver,Canada,56,F,STANDARD
1409,Mr. Ralph Dawson,angelica33@example.net,2024-01-07,Toronto,Canada,44,F,STANDARD
1410,Wesley Brown,santiagotaylor@example.com,2021-02-11,Bangkok,Thailand,26,M,STANDARD
1411,Brian Clark,kathleen47@example.net,2023-03-20,Chicago,USA,34,M,A
1412,Jonathan Sloan,sabrinacruz@example.com,2021-11-15,Berlin,Germany,37,F,STANDARD
1413,Kayla Deleon,caseyhenderson@example.net,2021-10-15,Singapore,Singapore,33,F,A
1414,Sergio Wong,stevenrodriguez@example.org,2019-06-05,Sydney,Australia,73,M,STANDARD
1415,Steven Lopez,alvarezalyssa@example.com,2019-06-10,Sydney,Australia,75,F,STANDARD
1416,Timothy Miller,zlewis@example.net,2020-02-15,Munich,Germany,28,M,STANDARD
1417,Gene Alexander,corey66@example.org,2022-10-31,Singapore,Singapore,28,Not Specified,STANDARD
1418,James Wheeler,gstone@example.net,2023-01-06,Singapore,Singapore,74,F,STANDARD
1419,David Rodriguez,brownaustin@example.com,2023-05-23,London,UK,41,F,VIP
1420,Joseph Hill,gmyers@example.org,2021-11-15,Sydney,Australia,71,M,STANDARD
1421,Sherry Adams,georgeharris@example.net,2020-04-23,Berlin,Germany,53,M,A
1422,Kyle Gross,lopezrebecca@example.net,2020-11-28,Berlin,Germany,36,Other,A
1423,Eric Knox,georgemaldonado@example.org,2020-03-05,Manchester,UK,44,F,STANDARD
1424,Steven Thomas,waderonnie@example.org,2019-09-20,Mumbai,India,46,M,STANDARD
1425,Dennis Jones,wheelertara@example.net,2020-04-06,London,UK,43,M,STANDARD
1426,Shane Kennedy,fuentesashley@example.com,2020-09-05,Munich,Germany,46,Other,B
1427,Kelly Jackson,kimberlygarcia@example.net,2024-06-24,Chicago,USA,52,M,A
1428,John Bell,elizabeth45@example.com,2021-03-11,Mumbai,India,29,F,STANDARD
1429,Harold Mckinney,rrodriguez@example.net,2019-08-11,Berlin,Germany,52,F,STANDARD
1430,Alicia Irwin,donnathomas@example.com,2019-08-02,Chicago,USA,46,M,VIP
1431,Kenneth Dominguez,vhoward@example.org,2020-02-12,Chicago,USA,74,F,B
1432,Troy Fowler,natalie87@example.net,2021-12-09,Sydney,Australia,46,F,STANDARD
1433,Thomas Bailey,peter64@example.com,2024-02-07,Mumbai,India,41,M,VIP
1434,Kevin Miles,hamiltonspencer@example.com,2023-03-02,Berlin,Germany,40,F,VIP
1435,Wayne Porter,stevenhernandez@example.com,2020-09-26,Toronto,Canada,68,M,A
1436,Mary Torres,calvin40@example.com,2022-04-18,Vancouver,Canada,48,F,STANDARD
1437,Douglas Watkins,freemanadam@example.com,2021-07-01,Chicago,USA,68,M,C
1438,April King,natasha88@example.org,2022-03-11,Bangkok,Thailand,45,F,STANDARD
1439,Michelle Thomas,ryanhull@example.com,2023-12-10,Sydney,Australia,38,F,STANDARD
1440,John Gomez,ghenderson@example.com,2023-08-14,Paris,France,42,M,STANDARD
1441,Linda Thompson,ushelton@example.net,2021-02-26,Berlin,Germany,27,M,STANDARD
1442,Randall Wright,tspencer@example.com,2020-05-05,New York,USA,33,M,A
1443,Keith Fuller,nicholasliu@example.com,2022-11-30,Los Angeles,USA,74,M,STANDARD
1444,Joseph Benson,taylor67@example.com,2019-06-06,London,UK,48,F,STANDARD
1445,Julia Gaines,bernardrobert@example.org,2020-02-29,Vancouver,Canada,18,M,STANDARD
1446,Elizabeth Sanchez,david89@example.com,2021-08-03,Melbourne,Australia,37,F,VIP
1447,Ryan Martinez,fordkathryn@example.net,2020-05-28,New York,USA,61,M,STANDARD
1448,Anthony Brown,cookconnor@example.com,2021-08-02,Berlin,Germany,21,Not Specified,A
1449,Melissa Lin,yangemily@example.net,2021-08-22,Chicago,USA,69,M,STANDARD
1450,Meredith Black,rtaylor@example.net,2020-08-25,Chicago,USA,50,M,STANDARD
1451,Elizabeth Collins,shaffercindy@example.org,2022-10-19,New York,USA,25,M,B
1452,Aaron Munoz,meyerjohn@example.org,2022-10-14,Bangkok,Thailand,29,M,VIP
1453,Ross Wallace,howekevin@example.com,2022-08-05,Munich,Germany,40,M,STANDARD
1454,Dr. Sarah Payne,nvillarreal@example.org,2023-05-01,New York,USA,65,M,STANDARD
1455,Mark Lopez,georgeharmon@example.net,2019-07-07,Unknown,Canada,46,M,STANDARD
1456,John Roberts,haleytrevor@example.net,2022-10-02,Sydney,Australia,30,M,STANDARD
1457,James Marsh,bbutler@example.org,2019-12-10,Sydney,Australia,18,F,STANDARD
1458,Jim Elliott,carpenteraustin@example.net,2022-07-07,Munich,Germany,55,Other,STANDARD
1459,Lisa Williams,sydney77@example.com,2020-04-20,Los Angeles,USA,22,F,STANDARD
1460,Christopher Mason,michaelmccarthy@example.com,2019-01-25,London,UK,29,M,B
1461,Carrie Hernandez,stephen24@example.net,2022-07-01,Sydney,Australia,18,F,STANDARD
1462,James Hendricks,ebennett@example.net,2021-10-20,Paris,France,61,M,C
1463,Laura Pennington,david59@example.net,2020-05-30,Chicago,USA,54,F,STANDARD
1464,Luis Powell,johnsonjessica@example.org,2024-06-14,Bangkok,Thailand,37,M,STANDARD
1465,Brian Villa,omorris@example.net,2022-09-26,Mumbai,India,20,M,VIP
1466,Ashley Gilmore,acampos@example.org,2021-11-12,Manchester,UK,63,Not Specified,STANDARD
1467,David Johnson,alexandernicholas@example.net,2019-02-13,Toronto,Canada,64,M,STANDARD
1468,Tammy Morris,ogray@example.net,2020-05-13,Singapore,Singapore,46,F,STANDARD
1469,Christina Henry,jeremiah26@example.net,2021-02-08,Chicago,USA,46,M,A
1470,Cheryl Perkins,harrislisa@example.org,2023-02-22,Berlin,Germany,24,M,B
1471,Jason Payne,petersonfaith@example.net,2023-06-10,Munich,Germany,57,F,VIP
1472,Kathleen Collier,wmason@example.net,2020-11-09,Melbourne,Australia,31,M,STANDARD
1473,Sarah Solis,ypatterson@example.org,2023-06-30,Toronto,Canada,54,F,C
1474,Bethany Holmes,wilsonjerry@example.net,2019-01-13,Sydney,Australia,71,F,STANDARD
1475,Alison Nicholson,sandra46@example.net,2024-04-05,Chicago,USA,24,M,STANDARD
1476,Shane Moore,charles93@example.net,2020-02-23,Bangkok,Thailand,48,F,B
1477,Kathryn Ross,gardnerpatricia@example.net,2020-02-09,Melbourne,Australia,43,F,STANDARD
1478,Thomas Baker,johnsonrobert@example.org,2024-06-04,Berlin,Germany,28,F,STANDARD
1479,Phillip Taylor,sandra03@example.com,2021-03-26,London,UK,26,M,B
1480,Travis Strong,reedchad@example.com,2023-04-07,Manchester,UK,68,M,A
1481,Lisa Miller,rpotts@example.net,2023-10-16,Manchester,UK,64,M,STANDARD
1482,Andrew Romero,ryan43@example.org,2023-01-28,Munich,Germany,32,F,C
1483,Allison Casey,amandadalton@example.net,2022-05-26,Munich,Germany,20,F,VIP
1484,Alicia Olson,scannon@example.org,2020-01-24,Bangkok,Thailand,16,F,STANDARD
1485,Jeffery Taylor,nwilson@example.com,2024-03-10,Manchester,UK,41,M,B
1486,Greg Hull,jessechapman@example.org,2022-04-19,Sydney,Australia,42,F,C
1487,Paul Morton,ritteralexis@example.net,2022-03-04,Bangkok,Thailand,28,M,STANDARD
1488,Anthony Brown,cwhite@example.com,2023-01-19,Singapore,Singapore,48,F,STANDARD
1489,Matthew Sanchez,david67@example.net,2022-08-26,New York,USA,75,M,B
1490,Billy Wright,troymoss@example.com,2023-07-24,Unknown,Thailand,56,M,STANDARD
1491,Shannon Wallace,shelly84@example.net,2020-06-19,Chicago,USA,45,F,A
1492,Steven Flores,brownrachel@example.net,2024-05-03,Paris,France,16,M,STANDARD
1493,Katelyn Miller,maureenmeyer@example.com,2021-03-25,Manchester,UK,73,M,STANDARD
1494,Christine Watson,barryyoung@example.com,2023-08-27,Chicago,USA,32,M,B
1495,Jordan Wilson,rhuff@example.com,2021-02-22,Bangkok,Thailand,35,Other,VIP
1496,Elizabeth Hanna,ramirezchelsea@example.com,2019-07-02,Mumbai,India,56,M,A
1497,James Wallace,jamielopez@example.com,2023-03-14,Vancouver,Canada,75,F,VIP
1498,Mary Johnson,sharon95@example.com,2023-07-30,Chicago,USA,16,F,A
1499,Leslie Todd,jessica96@example.com,2022-09-02,Manchester,UK,62,F,B
1500,Tanya Goodwin,transtephanie@example.net,2020-02-10,Chicago,USA,27,M,C
1501,William Nichols,karmstrong@example.net,2020-01-16,Toronto,Canada,19,F,VIP
1502,Tyler Mcdonald,davidsmith@example.net,2023-11-21,Bangkok,Thailand,44,M,C
1503,Angela Wright,matthew60@example.net,2019-06-13,Chicago,USA,21,F,STANDARD
1504,Derrick King,martinezashley@example.com,2020-04-25,Paris,France,47,F,C
1505,Sarah Wallace,gonzalessteven@example.com,2024-05-10,Singapore,Singapore,58,F,A
1506,Dr. Daniel Brown,hillcheryl@example.com,2023-06-10,Munich,Germany,40,M,STANDARD
1507,Jessica Scott,jordan72@example.org,2021-09-22,Bangkok,Thailand,64,F,B
1508,Bridget Williamson,halldiamond@example.org,2020-12-03,Bangkok,Thailand,68,F,STANDARD
1509,Shannon Riley,tranjeremy@example.net,2019-04-28,Paris,France,71,F,STANDARD
1510,Vanessa Smith Dvm,amber09@example.org,2021-04-02,Melbourne,Australia,17,F,STANDARD
1511,Billy Wallace,youngmark@example.com,2023-03-19,Melbourne,Australia,39,M,STANDARD
1512,Melanie Jones,jliu@example.org,2021-04-26,Munich,Germany,16,M,STANDARD
1513,Richard Rogers,xmerritt@example.com,2022-07-21,New York,USA,46,F,STANDARD
1514,Elizabeth Johnson,bradley29@example.org,2020-04-23,Berlin,Germany,47,F,STANDARD
1515,Daniel Edwards,shelby69@example.org,2024-04-07,Manchester,UK,58,M,B
1516,Brittany Farmer,friedmansusan@example.org,2022-05-28,Vancouver,Canada,61,M,STANDARD
1517,Yolanda Mccoy,hryan@example.net,2023-01-07,Mumbai,India,18,F,VIP
1518,Lisa Hopkins,mstewart@example.net,2022-01-28,Sydney,Australia,26,M,STANDARD
1519,David Sanchez,jerry51@example.net,2020-05-08,Munich,Germany,29,M,A
1520,Nicholas Beard,christopher88@example.org,2021-06-09,Los Angeles,USA,26,F,VIP
1521,Martha Jacobs,ohartman@example.net,2020-03-27,Vancouver,Canada,58,F,STANDARD
1522,Victoria Frost,kimberlyrussell@example.net,2024-03-04,Chicago,USA,56,M,A
1523,Lisa Flynn,lee16@example.com,2020-04-03,Mumbai,India,65,F,C
1524,Brittany Snyder,rachelwalter@example.org,2023-01-09,Bangkok,Thailand,57,M,STANDARD
1525,Jason Cannon,inewton@example.org,2020-04-22,Singapore,Singapore,32,F,STANDARD
1526,Allison Jackson,andersonmichelle@example.com,2022-04-27,Melbourne,Australia,63,F,STANDARD
1527,Heather Morales,jenniferwilson@example.com,2024-05-07,London,UK,52,M,VIP
1528,Lisa Mcknight,jonessamantha@example.com,2023-10-01,Toronto,Canada,43,M,VIP
1529,Lynn Yang,eroberts@example.net,2019-09-16,Singapore,Singapore,58,F,STANDARD
1530,Clifford Cannon,hernandezalan@example.net,2023-10-12,Munich,Germany,36,M,C
1531,Matthew Gray,uthompson@example.net,2022-10-24,Berlin,Germany,25,M,A
1532,Raymond Hall,kpeterson@example.net,2023-08-23,Singapore,Singapore,54,M,VIP
1533,Lauren Anthony,ymitchell@example.com,2023-10-03,Vancouver,Canada,46,F,B
1534,Tiffany Williams,russellramirez@example.net,2019-05-01,Manchester,UK,25,M,STANDARD
1535,Gregory Martin,joshua73@example.org,2020-04-05,Singapore,Singapore,75,M,STANDARD
1536,Thomas Zhang,middletonelizabeth@example.org,2020-09-04,Manchester,UK,17,M,A
1537,Juan Romero,anthonyorr@example.net,2023-04-01,London,UK,41,F,STANDARD
1538,Chloe Freeman,woodjuan@example.net,2020-02-04,Bangkok,Thailand,41,M,STANDARD
1539,Jeremy Martinez,hphillips@example.net,2023-07-07,Mumbai,India,70,M,VIP
1540,Sarah Wallace,fsnyder@example.org,2019-10-09,Paris,France,60,F,STANDARD
1541,Monique Wilson Md,garnerjeffrey@example.org,2023-03-13,Singapore,Singapore,63,M,STANDARD
1542,Jonathon Hill,mannleroy@example.org,2022-10-21,Los Angeles,USA,40,M,A
1543,Timothy Bauer,james80@example.net,2019-04-26,Bangkok,Thailand,38,F,C
1544,Danielle Willis,emilybaker@example.org,2022-08-24,Munich,Germany,53,M,STANDARD
1545,Mr. Jonathan Anderson,tapiamercedes@example.net,2019-03-11,Toronto,Canada,31,M,C
1546,Jeffrey Henry,christina93@example.net,2022-08-29,Chicago,USA,65,M,C
1547,Joseph Best,mary47@example.com,2021-08-07,Singapore,Singapore,40,F,STANDARD
1548,Jenna Howard,ophillips@example.org,2019-08-27,Los Angeles,USA,23,M,STANDARD
1549,Stephanie Gallagher,umontes@example.org,2022-04-16,New York,USA,52,F,B
1550,Audrey Marshall,donna56@example.net,2020-01-06,Paris,France,46,F,STANDARD
1551,Stephen Larsen,rburke@example.org,2019-07-23,Chicago,USA,20,M,STANDARD
1552,Derek Lewis,xbrown@example.com,2023-07-23,Manchester,UK,41,M,STANDARD
1553,Evan Myers,qcoleman@example.org,2019-05-11,Berlin,Germany,69,M,STANDARD
1554,Nicholas Morgan,parkerrobert@example.net,2023-03-24,Los Angeles,USA,58,M,STANDARD
1555,Kimberly Chan,gouldchristina@example.com,2019-01-11,Chicago,USA,44,F,VIP
1556,Joshua Clements,langchristopher@example.net,2022-08-29,Toronto,Canada,21,F,VIP
1557,Harold Miranda,penaapril@example.com,2021-11-02,Los Angeles,USA,39,Not Specified,A
1558,Victoria Massey,oheath@example.com,2019-01-01,Sydney,Australia,46,M,B
1559,Susan Rivera,angelawright@example.org,2022-09-11,Vancouver,Canada,44,F,STANDARD
1560,Alejandro Bentley,masonlacey@example.org,2020-12-22,Bangkok,Thailand,50,M,STANDARD
1561,Eric Hall,arthurbrady@example.com,2020-04-30,New York,USA,28,F,STANDARD
1562,Bonnie Yang,michelle11@example.net,2022-05-18,Chicago,USA,29,M,STANDARD
1563,Pamela Perry,newtonamber@example.org,2019-06-02,Manchester,UK,32,F,VIP
1564,Kevin Myers,kristen68@example.net,2019-06-20,Berlin,Germany,59,M,STANDARD
1565,Donald Harris,tanya97@example.com,2022-07-13,Los Angeles,USA,56,F,B
1566,Brandon Rasmussen,timothy88@example.org,2022-08-19,Sydney,Australia,54,F,VIP
1567,Willie Luna,kathryn17@example.org,2021-06-07,Singapore,Singapore,17,F,B
1568,Allison Wise,kwood@example.org,2019-08-14,Munich,Germany,42,F,VIP
1569,Evelyn Pacheco,davisgary@example.com,2023-05-13,London,UK,25,F,C
1570,Angela Powell,kmills@example.org,2024-06-28,Manchester,UK,40,F,A
1571,Johnny Jenkins,mary05@example.net,2023-01-31,Munich,Germany,53,M,A
1572,Jennifer Smith,karinorton@example.net,2022-03-17,Melbourne,Australia,51,F,A
1573,Dr. David Murray Md,morseronald@example.org,2024-04-22,London,UK,27,Not Specified,STANDARD
1574,Peter Martin,martinsamuel@example.org,2022-02-03,Munich,Germany,72,F,STANDARD
1575,Jeff Jackson,jtaylor@example.com,2022-11-07,New York,USA,61,F,STANDARD
1576,Edward Graham,jennifer48@example.com,2020-07-01,Melbourne,Australia,74,M,STANDARD
1577,Jacqueline Santos,kellycohen@example.net,2022-10-20,Toronto,Canada,42,Not Specified,STANDARD
1578,Jacqueline Munoz,vford@example.net,2021-08-17,Singapore,Singapore,34,Other,VIP
1579,Sarah Taylor,asmith@example.org,2024-03-06,Bangkok,Thailand,35,F,VIP
1580,Austin Rowland,jacqueline31@example.net,2020-10-02,Singapore,Singapore,56,Other,C
1581,Brandon Weber,carlfields@example.org,2022-03-24,Chicago,USA,21,M,STANDARD
1582,Adrian Lee,lori69@example.net,2019-01-22,Mumbai,India,59,M,A
1583,Marcus Powell,ann31@example.net,2022-11-04,Unknown,Germany,60,F,STANDARD
1584,Nicholas Ramirez,anne28@example.net,2023-03-08,Mumbai,India,61,F,STANDARD
1585,Janet Johnston,tammy97@example.org,2022-09-16,Melbourne,Australia,59,Not Specified,STANDARD
1586,Richard Hays,noblechristina@example.org,2024-03-20,Sydney,Australia,73,M,C
1587,Shannon Morris,taylorlindsay@example.com,2020-12-24,Munich,Germany,43,Not Specified,STANDARD
1588,Erin Mason,allenphillip@example.com,2024-02-15,London,UK,69,F,A
1589,Heather Roberson,alyssa93@example.org,2021-09-16,Vancouver,Canada,32,M,STANDARD
1590,Sandra Dawson,fcastro@example.net,2024-03-05,Toronto,Canada,75,M,STANDARD
1591,Melissa Grant,lpearson@example.org,2024-03-30,New York,USA,73,F,VIP
1592,Savannah Townsend,jessica39@example.net,2021-07-31,Unknown,France,35,M,C
1593,Tammie Lee,harold03@example.com,2021-04-03,Chicago,USA,16,F,STANDARD
1594,Cory Willis,clinton54@example.net,2024-01-15,Munich,Germany,42,F,STANDARD
1595,Lisa Johnson,darlene60@example.net,2020-05-27,Sydney,Australia,46,F,STANDARD
1596,Denise Brown,roysara@example.net,2022-01-03,Chicago,USA,22,F,A
1597,Katherine Wells,johnsonanthony@example.net,2020-12-25,Chicago,USA,16,F,A
1598,Noah Pitts,christopherflowers@example.org,2020-08-06,Toronto,Canada,24,M,STANDARD
1599,Mark Brown,hodgejoshua@example.org,2022-09-26,Chicago,USA,46,F,B
1600,Nancy Cook,rachael29@example.net,2022-01-31,Berlin,Germany,67,M,B
1601,Kelli Shepard,qbutler@example.net,2023-12-11,Singapore,Singapore,48,M,A
1602,Corey Juarez,jessicamiller@example.com,2019-08-13,Chicago,USA,46,M,STANDARD
1603,Lee Barker,vthompson@example.org,2022-11-02,Singapore,Singapore,19,Not Specified,STANDARD
1604,Justin Wilson,scarroll@example.org,2019-01-17,Melbourne,Australia,46,M,STANDARD
1605,Julie Wilson,whitechristopher@example.com,2022-06-18,Toronto,Canada,62,M,B
1606,Tracy Wang,robinsonnicholas@example.org,2020-06-23,Mumbai,India,58,M,VIP
1607,Terri Parker,julierojas@example.com,2019-07-31,Singapore,Singapore,55,M,STANDARD
1608,Michael Thompson,annettegutierrez@example.org,2019-11-01,Sydney,Australia,23,Not Specified,VIP
1609,Curtis Krause,heidi41@example.com,2019-10-27,Bangkok,Thailand,17,F,VIP
1610,Jack Barton,rgallegos@example.org,2021-12-11,Manchester,UK,60,F,C
1611,Ruben Cruz,victoriahamilton@example.net,2019-05-06,Berlin,Germany,43,F,VIP
1612,Rebecca Clark,christopher34@example.org,2024-04-15,Vancouver,Canada,61,F,STANDARD
1613,Andre Wilson,thomasmcdonald@example.com,2019-01-02,New York,USA,58,M,STANDARD
1614,James Chapman,morrisdaniel@example.com,2022-05-27,Bangkok,Thailand,43,F,STANDARD
1615,Aimee Fisher,matthew12@example.com,2019-08-17,Vancouver,Canada,46,M,STANDARD
1616,John Lopez,gonzaleschristina@example.net,2021-01-08,London,UK,63,F,VIP
1617,Jessica Ross,johnnybrooks@example.com,2020-07-19,Sydney,Australia,53,F,STANDARD
1618,Mr. Andrew Hickman,kathrynsantana@example.net,2022-05-17,Melbourne,Australia,18,M,STANDARD
1619,Jeffery Adams,kwatkins@example.net,2020-01-31,Toronto,Canada,75,M,C
1620,Eric Carlson,stephaniebradley@example.org,2023-01-25,Vancouver,Canada,64,F,STANDARD
1621,Gary Choi,parkerkatie@example.com,2021-05-06,Toronto,Canada,61,M,B
1622,Christopher Smith,jamesjackson@example.com,2022-02-21,Bangkok,Thailand,73,F,B
1623,David Harris,ramseyeric@example.net,2019-05-19,Manchester,UK,42,M,VIP
1624,Jacqueline Woods,cory86@example.net,2022-05-12,Chicago,USA,60,Not Specified,STANDARD
1625,John Bennett,wmccarthy@example.org,2023-06-15,New York,USA,63,M,STANDARD
1626,Fernando Mcconnell,smejia@example.net,2024-06-12,Munich,Germany,26,M,C
1627,Jessica Long,reedelizabeth@example.net,2021-03-31,Unknown,UK,33,M,C
1628,Stephen Thompson,mikemorgan@example.org,2022-11-27,Paris,France,72,M,A
1629,Nicole Melendez,devinlopez@example.org,2021-12-11,Melbourne,Australia,35,F,STANDARD
1630,Brandon Cruz,ronaldmitchell@example.com,2019-12-17,Los Angeles,USA,18,M,VIP
1631,Karen Green,zwhite@example.net,2020-07-22,Bangkok,Thailand,33,Not Specified,A
1632,Ashley Drake,gina16@example.org,2020-03-06,Mumbai,India,46,M,STANDARD
1633,Carl Hunter,psmith@example.net,2020-10-26,London,UK,61,F,B
1634,Raymond Turner,judy19@example.com,2022-06-06,Bangkok,Thailand,36,F,STANDARD
1635,Priscilla Joseph,daniel26@example.net,2020-03-25,Unknown,UK,27,M,STANDARD
1636,Sheila Miller,rogerssarah@example.net,2023-05-13,Mumbai,India,22,Other,STANDARD
1637,Jose Mendez,dgraham@example.com,2023-11-17,Vancouver,Canada,56,F,STANDARD
1638,Sean Stevens,smallgina@example.com,2020-07-04,London,UK,53,F,B
1639,Michael Wang,danielsguy@example.com,2020-04-19,Berlin,Germany,39,M,STANDARD
1640,Jeremy Evans,larsonmichael@example.org,2020-01-14,Berlin,Germany,28,F,STANDARD
1641,Jennifer Thompson,martinezduane@example.com,2019-02-13,Vancouver,Canada,26,M,STANDARD
1642,Donald Bonilla,samanthaberger@example.net,2019-05-23,Toronto,Canada,20,M,STANDARD
1643,Laura Williams,nathan29@example.net,2019-07-25,Manchester,UK,24,M,VIP
1644,Sonia Reyes,morgandana@example.com,2021-02-25,Manchester,UK,23,M,STANDARD
1645,Alex Clements,jennifer16@example.org,2019-09-28,New York,USA,65,M,STANDARD
1646,Laura Cooley,heatherwilliams@example.net,2023-06-11,New York,USA,66,F,STANDARD
1647,Philip Kim,joshuapowers@example.net,2019-06-24,Melbourne,Australia,24,F,STANDARD
1648,Christopher Mitchell,russellandrew@example.com,2020-09-21,Chicago,USA,46,M,STANDARD
1649,Denise Ford,colton30@example.net,2022-01-18,Sydney,Australia,17,F,C
1650,Arthur Roberts,omatthews@example.net,2023-12-21,Munich,Germany,46,F,C
1651,James Spears,cooperluis@example.com,2019-10-29,Manchester,UK,57,M,STANDARD
1652,Scott Porter,emilyscott@example.org,2023-12-16,Sydney,Australia,47,F,STANDARD
1653,Laura Miller,whoffman@example.org,2021-01-01,Vancouver,Canada,55,Other,STANDARD
1654,William Wood,karen77@example.org,2024-01-09,Los Angeles,USA,54,F,STANDARD
1655,Kevin Weber,wperry@example.org,2022-10-23,Chicago,USA,25,M,STANDARD
1656,Diane Manning,nicholasmedina@example.com,2020-12-14,Vancouver,Canada,33,Other,A
1657,Sarah Davis,jasonrodriguez@example.com,2024-02-01,Singapore,Singapore,46,F,B
1658,Christopher Waters,wpierce@example.org,2019-10-28,Sydney,Australia,25,M,STANDARD
1659,Kyle Flores,crystal58@example.net,2023-07-27,Berlin,Germany,23,F,C
1660,Courtney Powell,cmitchell@example.org,2020-10-23,Los Angeles,USA,27,M,STANDARD
1661,Cassandra Roberts,kathryn21@example.com,2022-11-21,Berlin,Germany,54,M,B
1662,Jennifer Barnes,danamontgomery@example.org,2024-03-02,Sydney,Australia,40,M,A
1663,Kathy Miller,udougherty@example.net,2022-01-03,Munich,Germany,40,M,STANDARD
1664,Keith Kennedy,craneandrew@example.net,2022-11-21,Singapore,Singapore,60,F,STANDARD
1665,Martha Arnold,melissamartin@example.com,2019-02-05,Mumbai,India,51,F,STANDARD
1666,Cynthia Kennedy,marcuscarter@example.org,2020-12-16,Bangkok,Thailand,70,F,VIP
1667,Joel Sanchez,yfritz@example.org,2019-10-23,Berlin,Germany,75,M,STANDARD
1668,Kathryn Rodriguez,monica23@example.com,2023-03-10,New York,USA,23,F,STANDARD
1669,Andrea Goodman,ecamacho@example.com,2022-11-26,New York,USA,46,M,C
1670,Jason Green,baldwincatherine@example.net,2023-09-12,Berlin,Germany,71,F,STANDARD
1671,Jessica Carey,carterraymond@example.net,2019-06-07,Toronto,Canada,52,M,STANDARD
1672,Heidi Moran,hpatterson@example.org,2023-03-03,Berlin,Germany,63,M,STANDARD
1673,Dennis Bryan,bowenmichael@example.net,2020-11-21,Unknown,Australia,66,F,STANDARD
1674,Thomas Pope,josephrivera@example.net,2023-12-10,New York,USA,18,F,STANDARD
1675,Steven Vasquez,katherinepeterson@example.net,2023-09-02,Manchester,UK,59,M,STANDARD
1676,Richard Lyons,brooke22@example.net,2024-02-26,Vancouver,Canada,48,Other,B
1677,Daniel Wood,jennifer42@example.net,2024-06-15,Vancouver,Canada,49,M,STANDARD
1678,Karen Gonzales,eric22@example.net,2022-06-21,Manchester,UK,30,Not Specified,STANDARD
1679,James Walsh,rosalesbrandy@example.org,2023-09-20,Paris,France,68,M,STANDARD
1680,Deanna Griffith,kwoods@example.com,2023-08-22,Manchester,UK,46,F,B
1681,Laurie Mason,nicholas72@example.net,2019-08-11,Vancouver,Canada,20,F,VIP
1682,Mr. James Barnett,petersonkyle@example.org,2020-07-31,Toronto,Canada,50,F,C
1683,Lee Daniel,santosmichael@example.com,2020-09-25,Bangkok,Thailand,51,F,B
1684,Margaret Smith,judithcox@example.org,2024-06-23,Los Angeles,USA,46,M,STANDARD
1685,Brett Rivera,nelsonsuzanne@example.net,2020-10-06,New York,USA,46,F,STANDARD
1686,Angela Yates,pknight@example.org,2021-10-21,Manchester,UK,36,Not Specified,VIP
1687,Patrick Norris,jeremylove@example.org,2022-10-13,Melbourne,Australia,37,F,C
1688,Lee Arnold,pauljessica@example.org,2023-05-07,Singapore,Singapore,17,M,STANDARD
1689,Brandi Turner,jeremywillis@example.net,2019-03-18,Mumbai,India,26,M,STANDARD
1690,Brett Keith,florescynthia@example.org,2024-05-05,Los Angeles,USA,72,F,STANDARD
1691,Jeremy Alvarez,danielsjason@example.com,2019-11-26,Melbourne,Australia,49,M,STANDARD
1692,Adam Jordan,cortezscott@example.net,2020-11-30,Singapore,Singapore,66,M,STANDARD
1693,Robert Mendez,qgay@example.com,2019-03-23,Manchester,UK,31,F,C
1694,Katherine Thompson,ppalmer@example.com,2022-03-07,Unknown,USA,47,M,STANDARD
1695,Joseph Peterson,connie12@example.com,2022-01-25,Vancouver,Canada,47,Other,VIP
1696,Steven Hicks,emartin@example.com,2019-05-20,Chicago,USA,52,F,STANDARD
1697,Anna Atkins,dana82@example.org,2021-08-01,Singapore,Singapore,46,F,STANDARD
1698,Pamela Lewis,luke87@example.org,2019-10-15,Bangkok,Thailand,52,F,C
1699,Tanya Clark,mariolee@example.com,2023-10-22,Manchester,UK,74,M,A
1700,Sarah Bishop,markblack@example.com,2024-05-03,Paris,France,39,F,VIP
1701,Rachel Chan,jeremy47@example.com,2023-11-29,Bangkok,Thailand,55,M,A
1702,Eric Acosta,shannon69@example.com,2023-08-09,Melbourne,Australia,16,F,VIP
1703,Abigail Case,schmittmichael@example.org,2021-03-28,Paris,France,30,F,C
1704,Pamela Smith,jasonmoran@example.com,2021-08-17,Berlin,Germany,50,F,A
1705,Allison Simmons,jnguyen@example.net,2019-08-10,Melbourne,Australia,65,F,STANDARD
1706,Daniel Shaw,daniel32@example.com,2022-05-22,London,UK,29,F,C
1707,Teresa Watkins,harringtonpeter@example.net,2022-01-21,New York,USA,46,M,B
1708,Mr. Lawrence Brooks,brownmatthew@example.net,2023-05-05,Paris,France,19,F,STANDARD
1709,Thomas Rodriguez,nicolejones@example.net,2020-03-13,Berlin,Germany,29,M,STANDARD
1710,Christian Hernandez,audrey81@example.com,2020-05-31,Vancouver,Canada,27,F,C
1711,Kenneth Farmer,angela40@example.org,2023-11-25,Vancouver,Canada,71,M,STANDARD
1712,Andrea Hartman,susan57@example.net,2023-08-28,Chicago,USA,21,Not Specified,VIP
1713,Cathy Mcdonald,mcox@example.net,2019-12-03,Vancouver,Canada,38,M,A
1714,Deanna Munoz,taylordawn@example.com,2019-11-26,Singapore,Singapore,38,M,C
1715,John Williams,durhamwilliam@example.org,2023-05-23,Munich,Germany,28,M,C
1716,Whitney Moyer,kristy74@example.net,2022-09-22,London,UK,16,F,C
1717,Austin Jones,mccannkimberly@example.net,2020-10-10,Mumbai,India,66,M,VIP
1718,Jose York,mbishop@example.org,2021-07-11,New York,USA,56,F,STANDARD
1719,Jessica Hill,vpreston@example.org,2023-03-08,Toronto,Canada,42,M,STANDARD
1720,Angel Holland,shawn60@example.com,2020-12-13,Toronto,Canada,28,F,B
1721,Abigail Clayton,smithmarcus@example.org,2021-01-15,Mumbai,India,35,M,B
1722,Daniel Craig,amanda39@example.com,2021-10-19,Melbourne,Australia,45,M,STANDARD
1723,Michelle Ray,kendraharris@example.org,2021-12-07,Manchester,UK,23,F,STANDARD
1724,Joseph Blackburn,chanamber@example.org,2022-05-03,Munich,Germany,50,M,VIP
1725,Ethan Hall,jamesmartin@example.com,2021-06-14,Sydney,Australia,34,M,STANDARD
1726,Thomas Barton,taylorrachel@example.com,2019-06-29,Los Angeles,USA,21,F,VIP
1727,Travis Johnson,omargriffin@example.com,2023-03-16,Berlin,Germany,75,M,STANDARD
1728,Ray Lawrence,davisgregory@example.net,2019-03-08,Singapore,Singapore,70,F,STANDARD
1729,Barbara Sherman,shepardjoy@example.com,2019-08-23,Manchester,UK,70,Not Specified,B
1730,Emily Lee,marshmichael@example.com,2021-08-08,Bangkok,Thailand,74,M,STANDARD
1731,Theresa Smith,zlara@example.org,2024-04-08,New York,USA,66,M,STANDARD
1732,Tracy Copeland,pbautista@example.com,2020-09-21,Vancouver,Canada,59,F,A
1733,Michael Santos,bliu@example.com,2019-02-23,New York,USA,66,M,A
1734,Stephanie Williams,gregorysmith@example.net,2020-10-12,Paris,France,26,F,A
1735,Michael Farmer,carlsonjason@example.net,2020-01-30,Manchester,UK,57,Other,B
1736,Jacqueline Perry,robertthompson@example.net,2019-09-21,Manchester,UK,40,M,STANDARD
1737,Natalie Patrick,michaelbuckley@example.org,2019-11-21,Munich,Germany,30,M,STANDARD
1738,Damon Powell,regina49@example.com,2022-03-27,Sydney,Australia,69,M,A
1739,Alexander Johnson,jjohnson@example.com,2024-04-26,Unknown,USA,29,F,VIP
1740,James George,ericsmith@example.org,2022-04-30,Singapore,Singapore,17,Not Specified,STANDARD
1741,William Rodriguez,amarshall@example.net,2021-02-22,Paris,France,63,M,STANDARD
1742,Scott Pacheco,collinsterrance@example.com,2021-01-03,Singapore,Singapore,31,F,C
1743,Matthew Diaz,woodskaitlyn@example.net,2020-05-17,Mumbai,India,65,F,VIP
1744,Daniel Anderson,jeremiahmiller@example.org,2022-07-08,Chicago,USA,56,F,STANDARD
1745,Diane Gilbert,jeremylopez@example.net,2022-05-05,Bangkok,Thailand,22,F,VIP
1746,Michael Murray,kathleen25@example.com,2021-10-09,Los Angeles,USA,74,M,STANDARD
1747,Charles Doyle,adkinslauren@example.net,2021-04-27,New York,USA,47,M,STANDARD
1748,Craig White,cynthiaconley@example.org,2023-12-28,Manchester,UK,56,F,STANDARD
1749,Frank Armstrong,mmathews@example.net,2024-01-25,New York,USA,58,F,A
1750,Tricia Sullivan,shawnbaker@example.com,2020-12-11,Unknown,UK,55,M,STANDARD
1751,Douglas Mack,matthew24@example.com,2024-03-12,Vancouver,Canada,28,M,B
1752,Katherine Dunn,barnettmatthew@example.net,2019-11-09,Singapore,Singapore,71,F,C
1753,Richard Simmons,oconnelldavid@example.org,2020-03-26,Chicago,USA,62,F,A
1754,Sandra Martinez,david54@example.com,2024-05-06,Toronto,Canada,38,M,STANDARD
1755,William Miller,raymondpugh@example.net,2021-10-12,Singapore,Singapore,48,F,A
1756,Ryan Walker,gonzalezjulie@example.net,2022-11-08,Toronto,Canada,41,M,STANDARD
1757,Brittany Heath,mcbridemichael@example.org,2023-06-15,Chicago,USA,62,F,STANDARD
1758,Yolanda Jackson,craigmartin@example.net,2020-07-10,Melbourne,Australia,55,F,B
1759,Courtney Arias,amberfriedman@example.com,2021-02-04,London,UK,68,F,A
1760,Diana Haley,hphillips@example.com,2020-06-02,Munich,Germany,42,M,A
1761,Julie Taylor,aaron48@example.net,2020-12-22,Munich,Germany,17,F,A
1762,Thomas Austin,brownrobert@example.org,2021-01-02,Chicago,USA,20,F,STANDARD
1763,Mr. William Bray,petermoore@example.com,2019-09-08,London,UK,36,F,A
1764,Corey Flowers,perezstacy@example.org,2023-06-17,Paris,France,73,F,B
1765,Becky Singh,jamiethomas@example.com,2021-12-15,Toronto,Canada,22,Other,STANDARD
1766,Alexandra Wilson,alexandria97@example.org,2023-10-28,Singapore,Singapore,52,M,STANDARD
1767,Elizabeth Martinez,whernandez@example.net,2023-07-24,London,UK,28,M,B
1768,Dillon Travis,qmassey@example.org,2021-05-12,Vancouver,Canada,23,M,B
1769,Jessica Jackson,oblake@example.net,2022-03-26,Toronto,Canada,46,M,VIP
1770,Zachary Morrison,john76@example.com,2024-02-11,New York,USA,34,F,B
1771,Brian Carrillo,rebecca85@example.com,2024-02-24,Unknown,Germany,18,M,STANDARD
1772,Danielle Kelly,garcialinda@example.org,2023-07-02,Mumbai,India,62,F,STANDARD
1773,Connie Hamilton,dalton78@example.net,2022-02-13,Los Angeles,USA,47,M,A
1774,Jamie Stone,gwilliams@example.net,2021-10-07,Berlin,Germany,74,M,STANDARD
1775,Maria Garcia,wilsonkathryn@example.com,2020-04-03,New York,USA,46,F,STANDARD
1776,Michelle Munoz,chiggins@example.com,2023-01-23,Melbourne,Australia,30,M,B
1777,Jessica Murray,bentleylisa@example.net,2023-07-30,London,UK,16,F,STANDARD
1778,Jessica Odonnell,ashleyjohnson@example.com,2019-03-30,Singapore,Singapore,19,F,STANDARD
1779,Thomas Pham,qatkinson@example.com,2023-06-10,Paris,France,33,M,STANDARD
1780,Hailey Beltran,joshuabowers@example.com,2019-09-16,Los Angeles,USA,71,M,B
1781,William Baker,jasontownsend@example.net,2021-04-26,Bangkok,Thailand,44,F,STANDARD
1782,Natalie Mullins,megangates@example.com,2022-09-16,Berlin,Germany,33,F,A
1783,Joshua Trujillo,leslietorres@example.net,2023-04-19,Vancouver,Canada,61,M,STANDARD
1784,Jared Howell,katherineharris@example.net,2022-08-18,Sydney,Australia,60,F,VIP
1785,Mr. Jeffrey Ward,susanmorris@example.org,2022-10-05,New York,USA,45,F,STANDARD
1786,Eric Hunter,katherine82@example.com,2023-07-26,Toronto,Canada,64,M,VIP
1787,Angela Davis,jphelps@example.net,2022-12-22,Vancouver,Canada,57,M,STANDARD
1788,Hector Anderson,vgarcia@example.com,2024-02-21,Toronto,Canada,40,M,VIP
1789,Tricia Nguyen,elizabethhill@example.com,2021-03-30,Singapore,Singapore,20,F,STANDARD
1790,Michael Robinson,scottcain@example.org,2022-03-28,Mumbai,India,22,M,B
1791,David Smith,amassey@example.net,2019-02-03,Toronto,Canada,27,M,VIP
1792,Laura Gutierrez,yburton@example.net,2020-06-27,London,UK,75,F,STANDARD
1793,Robert Cox,ryan53@example.com,2021-10-25,Manchester,UK,48,F,STANDARD
1794,Angela Steele,michelle38@example.net,2022-08-21,New York,USA,62,F,STANDARD
1795,William Mueller,gnichols@example.net,2022-05-01,Chicago,USA,49,F,STANDARD
1796,Gregory Park,stevenandrews@example.org,2022-08-16,New York,USA,23,F,STANDARD
1797,Jeffrey Garza,bentongeorge@example.net,2020-05-03,Vancouver,Canada,50,M,VIP
1798,Matthew Huang,jdillon@example.org,2021-04-08,Melbourne,Australia,41,M,STANDARD
1799,Ana Higgins,stacey09@example.com,2021-10-11,Vancouver,Canada,26,F,B
1800,Phillip Anderson,clewis@example.com,2020-08-12,Paris,France,22,M,A
1801,Megan Rivera,ithomas@example.net,2020-09-17,Melbourne,Australia,26,F,C
1802,Shari Arellano,josephmichael@example.org,2021-07-21,Bangkok,Thailand,16,F,B
1803,Andrea Brown,ucross@example.org,2023-12-10,Vancouver,Canada,26,M,STANDARD
1804,Kyle Blake,maryjohnson@example.com,2022-04-09,Berlin,Germany,47,F,VIP
1805,Evelyn Davis,rberry@example.com,2022-03-07,New York,USA,69,M,STANDARD
1806,Jane Wells,isaac45@example.org,2019-07-12,Singapore,Singapore,35,M,B
1807,Sherry Porter,jorgegonzalez@example.com,2022-01-22,London,UK,58,F,STANDARD
1808,Miss Gina Walton,andrew90@example.net,2020-09-08,London,UK,73,M,STANDARD
1809,Jake Jackson,smithpaul@example.org,2022-05-05,Mumbai,India,23,M,A
1810,Laura Brooks,sosajacob@example.net,2024-06-27,Chicago,USA,70,F,STANDARD
1811,Mr. William Davis Dds,carolberry@example.com,2020-05-15,New York,USA,63,F,STANDARD
1812,Sheryl Thompson,lisawallace@example.net,2020-02-01,Los Angeles,USA,56,M,VIP
1813,Joshua Rubio,aguirrelarry@example.com,2024-01-16,Munich,Germany,72,M,STANDARD
1814,Michael Lawrence,racheljimenez@example.net,2020-11-09,Bangkok,Thailand,53,F,STANDARD
1815,Louis Rogers,jmcfarland@example.com,2022-04-01,New York,USA,60,F,C
1816,Terry Barnett,morganmichael@example.org,2022-03-06,Unknown,Germany,34,Other,STANDARD
1817,Katherine Bauer,howardsabrina@example.com,2021-08-13,Chicago,USA,49,M,STANDARD
1818,Susan Zimmerman,abbottchristopher@example.net,2021-09-24,Unknown,Canada,20,F,A
1819,Joseph Andrews,psherman@example.org,2023-08-18,Vancouver,Canada,46,F,STANDARD
1820,Chad Gallagher,sheryl66@example.com,2023-09-05,Sydney,Australia,19,F,STANDARD
1821,John Henry,anna96@example.com,2021-10-25,Mumbai,India,25,F,STANDARD
1822,Dr. Dustin Sutton Jr.,lopezchristopher@example.net,2020-02-07,Melbourne,Australia,53,F,B
1823,Laura Thompson,jocelyn80@example.org,2020-12-27,Bangkok,Thailand,67,F,STANDARD
1824,Janice Bell,colongabrielle@example.com,2019-07-20,Bangkok,Thailand,74,M,STANDARD
1825,Kelly Thompson,erin03@example.org,2023-11-29,Sydney,Australia,67,F,STANDARD
1826,Cody Walker,charles37@example.org,2021-05-02,Chicago,USA,28,M,C
1827,Lisa Williams,sharris@example.org,2021-08-02,Sydney,Australia,27,F,STANDARD
1828,Abigail Allen,tracey63@example.com,2021-12-14,Chicago,USA,60,M,STANDARD
1829,Jennifer Moore,christyscott@example.com,2020-12-26,Berlin,Germany,45,F,B
1830,Michelle Barrera,jamie46@example.net,2019-02-24,Munich,Germany,21,F,STANDARD
1831,Rodney Bennett,lisafreeman@example.net,2022-04-03,Toronto,Canada,39,M,STANDARD
1832,Michael Williams,sanderson@example.org,2019-04-20,Unknown,Canada,24,M,STANDARD
1833,Brian Moore,ijones@example.com,2021-11-26,Mumbai,India,46,M,VIP
1834,Patrick Moses,smitchell@example.com,2019-08-08,Sydney,Australia,54,M,STANDARD
1835,Deborah Juarez,mcarson@example.org,2023-11-06,London,UK,23,M,C
1836,Kathleen Martinez,harrisondaniel@example.org,2022-12-07,New York,USA,49,M,STANDARD
1837,James Miller,allenchristina@example.com,2024-01-08,Toronto,Canada,70,M,STANDARD
1838,Jessica Hammond,kaylahardy@example.org,2019-01-14,Bangkok,Thailand,55,F,STANDARD
1839,Tiffany Peterson,sandra57@example.org,2023-12-08,Paris,France,49,M,B
1840,Amy James,william32@example.net,2021-11-01,Mumbai,India,46,F,B
1841,Matthew Gonzales,pjones@example.net,2023-08-07,Chicago,USA,69,M,STANDARD
1842,Kristin Thomas,brian16@example.net,2023-10-26,Berlin,Germany,55,F,STANDARD
1843,Lisa Jackson,mitchell21@example.net,2023-08-04,Chicago,USA,31,M,A
1844,James Hart,hmack@example.org,2021-09-10,Berlin,Germany,34,M,STANDARD
1845,Amanda Gardner,banksrenee@example.net,2020-07-17,Sydney,Australia,40,F,STANDARD
1846,Diane Jensen,pkent@example.net,2019-10-31,Manchester,UK,34,F,STANDARD
1847,David Baird Dds,jcalhoun@example.com,2019-03-11,Vancouver,Canada,57,F,A
1848,Heather Thomas,sylviaprice@example.com,2020-12-27,Bangkok,Thailand,45,F,B
1849,Isabel Smith,douglas76@example.net,2021-01-02,Chicago,USA,70,M,STANDARD
1850,Sarah Archer,marygomez@example.com,2021-03-10,Munich,Germany,20,M,VIP
1851,Jason Quinn,dfarley@example.com,2020-11-25,Paris,France,61,M,STANDARD
1852,Maurice Anderson,johnmarquez@example.net,2020-09-12,Sydney,Australia,20,F,A
1853,Shane Hopkins,rachel86@example.com,2022-05-25,Berlin,Germany,27,M,STANDARD
1854,Cindy Thomas,danielsshaun@example.net,2020-06-14,Munich,Germany,60,F,C
1855,Curtis Morgan,donnagiles@example.com,2023-08-27,Paris,France,46,F,A
1856,Jeremy Benson,lbradley@example.com,2022-09-24,Los Angeles,USA,47,M,A
1857,Miss Patricia Davidson,edwardstewart@example.org,2023-07-14,Singapore,Singapore,22,M,VIP
1858,Bianca Velazquez,cheryl98@example.net,2024-06-16,Singapore,Singapore,75,F,B
1859,Amanda Davis,milleralan@example.org,2023-03-16,Mumbai,India,44,M,STANDARD
1860,Brandon Huynh,james23@example.com,2019-12-23,Bangkok,Thailand,22,Not Specified,VIP
1861,Heidi Blankenship,talvarez@example.org,2022-02-13,Paris,France,28,F,A
1862,Brian Hoffman,frankwilson@example.net,2023-02-28,Toronto,Canada,43,F,STANDARD
1863,Justin Fuller,hannah31@example.net,2019-02-19,Paris,France,58,F,STANDARD
1864,Susan Davis,taylorparker@example.com,2021-01-06,New York,USA,52,F,STANDARD
1865,Randall Willis,sarah99@example.org,2024-05-15,Melbourne,Australia,49,M,STANDARD
1866,Alejandro Vasquez,nicole15@example.org,2021-10-22,Berlin,Germany,38,F,STANDARD
1867,Marcus Byrd,danieldonovan@example.net,2021-06-17,Los Angeles,USA,56,F,STANDARD
1868,Mark Carter,gomeztonya@example.com,2021-11-25,Singapore,Singapore,22,M,C
1869,Steven Butler,michaelking@example.net,2019-02-16,London,UK,68,F,C
1870,Joseph Moon,kflores@example.org,2021-01-02,Melbourne,Australia,71,F,STANDARD
1871,Melody Baker,rmorgan@example.net,2020-05-09,Paris,France,75,M,VIP
1872,Mary Hopkins Md,andersontiffany@example.net,2022-11-29,Munich,Germany,53,F,STANDARD
1873,Kenneth Turner,rebeccajames@example.org,2019-03-08,New York,USA,42,M,STANDARD
1874,Debra Brooks,linda66@example.net,2020-02-23,Chicago,USA,68,M,STANDARD
1875,Tommy Ball,tracyadams@example.com,2019-05-08,Bangkok,Thailand,47,M,A
1876,Angela Wade,michelle10@example.org,2023-09-07,Melbourne,Australia,38,M,A
1877,Ashley Jones,calvin93@example.org,2024-03-18,Paris,France,72,F,B
1878,Alexandra Smith,molly91@example.org,2019-08-02,New York,USA,47,F,C
1879,Tracie Costa,kristi19@example.org,2023-05-20,Unknown,Canada,17,M,STANDARD
1880,Charles Hardin,lopezjennifer@example.org,2021-12-30,Toronto,Canada,71,F,STANDARD
1881,Rickey Hall,lovepaul@example.net,2019-04-17,Berlin,Germany,65,M,A
1882,Karen Gonzalez,ljacobs@example.com,2019-10-10,Munich,Germany,44,M,STANDARD
1883,Michael Hancock,ramoswilliam@example.org,2020-02-01,London,UK,43,F,STANDARD
1884,Craig Thomas,hollywarner@example.org,2020-04-10,New York,USA,63,M,STANDARD
1885,Samuel Avila,franciscoreid@example.net,2023-07-01,New York,USA,71,F,B
1886,Jason Davidson,ronaldsummers@example.net,2021-06-17,Chicago,USA,46,M,STANDARD
1887,Adam Zamora,juan21@example.org,2020-08-21,Toronto,Canada,54,M,STANDARD
1888,Gregory Quinn,wmiller@example.net,2020-05-27,Los Angeles,USA,29,F,STANDARD
1889,William Craig,brianna59@example.net,2023-10-25,Bangkok,Thailand,44,M,STANDARD
1890,Laura Acosta,shannon75@example.com,2023-11-15,Vancouver,Canada,31,M,STANDARD
1891,John Gardner,jeremyjackson@example.net,2019-08-02,Munich,Germany,38,M,STANDARD
1892,John Murray,dford@example.com,2019-06-10,Vancouver,Canada,74,F,STANDARD
1893,Oscar Cruz,markskristina@example.com,2022-02-06,Melbourne,Australia,23,F,A
1894,Lynn Ross Md,edwardshah@example.org,2022-12-01,Toronto,Canada,57,F,STANDARD
1895,James Hernandez,james76@example.org,2019-03-11,Mumbai,India,33,Not Specified,STANDARD
1896,Tyler Dunn,jameslawson@example.com,2020-07-25,New York,USA,40,F,C
1897,Travis Moore,gomezdaniel@example.com,2020-04-04,New York,USA,40,F,STANDARD
1898,Lisa Thomas,alara@example.com,2019-03-06,Unknown,Canada,64,M,STANDARD
1899,Eric Moore,gabriella69@example.org,2020-11-19,Bangkok,Thailand,67,F,STANDARD
1900,Kendra Peterson,lindsay25@example.net,2023-08-26,Melbourne,Australia,43,Other,B
1901,Amy West,usanchez@example.net,2019-04-27,Singapore,Singapore,51,M,STANDARD
1902,Shane Edwards,jbuchanan@example.com,2024-04-04,Mumbai,India,45,M,STANDARD
1903,Erin Lee,tammyharrington@example.net,2019-11-29,Vancouver,Canada,45,F,STANDARD
1904,Crystal Watkins,lisawright@example.net,2020-07-28,New York,USA,21,F,STANDARD
1905,Alec Dixon,cruzeddie@example.com,2021-03-19,Paris,France,55,F,A
1906,John Morrison,carl63@example.com,2023-07-18,Sydney,Australia,16,F,STANDARD
1907,Helen Strickland,owright@example.org,2023-10-02,Vancouver,Canada,44,M,B
1908,Roger Olson,kristenfrye@example.com,2021-09-10,London,UK,70,M,STANDARD
1909,Miss Kimberly Holloway,susanharper@example.org,2020-07-20,Los Angeles,USA,51,F,A
1910,Antonio Dyer,john66@example.net,2023-05-31,Singapore,Singapore,32,M,STANDARD
1911,Alexandra Green,kennethjohnson@example.net,2023-11-20,Chicago,USA,46,F,A
1912,Angela Marshall,seanreyes@example.org,2021-11-03,Sydney,Australia,53,F,STANDARD
1913,Olivia Rodriguez,stephen39@example.com,2020-06-14,Melbourne,Australia,17,F,C
1914,Kevin Morris,martinezmindy@example.net,2019-04-02,Melbourne,Australia,31,F,STANDARD
1915,Charles Decker,opierce@example.com,2019-06-08,Munich,Germany,29,M,STANDARD
1916,Jennifer Nguyen,schneidermario@example.net,2019-05-27,Manchester,UK,43,F,STANDARD
1917,Jorge Sharp,tylermcintosh@example.org,2021-01-07,Singapore,Singapore,42,Other,VIP
1918,Joseph Bentley,christopherward@example.com,2022-06-27,Vancouver,Canada,26,F,A
1919,Jason Potter,dmorales@example.net,2019-02-22,Paris,France,54,M,VIP
1920,Richard Neal,olsenshane@example.org,2021-11-06,Melbourne,Australia,61,M,B
1921,Sheila Perez,newmanangela@example.org,2022-09-07,New York,USA,40,Not Specified,STANDARD
1922,Melissa Mendoza,robinsonjesse@example.org,2020-04-04,Bangkok,Thailand,48,M,B
1923,Brenda Flores,qavila@example.com,2023-02-10,Munich,Germany,70,M,STANDARD
1924,Ralph Vasquez,cpierce@example.org,2021-12-10,Sydney,Australia,44,M,A
1925,Christine Aguilar,baileychristopher@example.com,2020-05-14,Bangkok,Thailand,31,F,C
1926,Sandra Sanders,amandaherman@example.net,2023-03-13,London,UK,60,M,STANDARD
1927,Deborah Brooks,mmoore@example.net,2019-06-13,London,UK,51,M,STANDARD
1928,Craig Hurst,swilson@example.com,2020-04-16,Paris,France,66,M,C
1929,Larry Curtis,hharris@example.org,2024-03-10,Chicago,USA,31,M,STANDARD
1930,Brian Fitzpatrick,jameshudson@example.net,2022-05-25,Chicago,USA,66,F,STANDARD
1931,Michael Lewis,michael03@example.net,2021-10-31,Manchester,UK,52,F,STANDARD
1932,Sarah Robinson,collinsjavier@example.org,2023-11-30,Chicago,USA,16,M,B
1933,Christine Arroyo,dcortez@example.com,2024-03-19,Melbourne,Australia,63,M,STANDARD
1934,Carmen Vasquez,laura31@example.net,2022-11-14,New York,USA,20,M,STANDARD
1935,Aaron Johnson,vincentstacey@example.org,2021-05-14,Bangkok,Thailand,24,M,STANDARD
1936,James Carroll,coltonrichardson@example.net,2020-11-20,Los Angeles,USA,53,M,STANDARD
1937,Jay Walter,ramirezdesiree@example.com,2023-02-21,Los Angeles,USA,44,M,STANDARD
1938,Stephanie Turner,stephen31@example.net,2020-08-15,Manchester,UK,60,M,STANDARD
1939,Melanie Johnson,hthompson@example.org,2023-08-07,Unknown,Thailand,21,M,C
1940,Jordan Tanner,joseph97@example.org,2022-08-22,Sydney,Australia,40,M,B
1941,Brittany Brown,fjohnson@example.com,2024-04-18,Vancouver,Canada,30,M,B
1942,Jennifer Dudley,douglassusan@example.com,2021-12-11,Bangkok,Thailand,48,F,STANDARD
1943,Michelle Harris,andrew43@example.org,2023-03-31,London,UK,46,M,VIP
1944,Rita Forbes,russomary@example.com,2020-03-07,Melbourne,Australia,49,F,A
1945,Michele Conner,mitchellchristopher@example.com,2020-08-06,London,UK,23,F,STANDARD
1946,John Martin,jessica82@example.com,2020-08-13,Chicago,USA,54,M,A
1947,Hannah Thompson,wwatson@example.com,2019-07-16,Chicago,USA,51,F,B
1948,Michael Preston,bward@example.org,2019-03-23,Unknown,Thailand,50,M,STANDARD
1949,Stacey Cook,debbie78@example.net,2021-01-26,New York,USA,34,M,STANDARD
1950,Andrew Hunter,carolfernandez@example.net,2019-09-16,Munich,Germany,34,M,VIP
1951,Robert Taylor,makaylasanders@example.com,2021-06-29,Los Angeles,USA,47,Not Specified,B
1952,Wanda Stephens,johnstonjonathan@example.net,2022-10-01,Melbourne,Australia,38,F,VIP
1953,Carmen Perez,tracy55@example.net,2020-10-31,Los Angeles,USA,48,M,C
1954,Kelly Weiss,barbarabrady@example.net,2023-05-11,Sydney,Australia,61,F,B
1955,Ashley Bowman,barrytanya@example.org,2024-03-24,Los Angeles,USA,36,M,STANDARD
1956,Thomas Neal Md,nturner@example.net,2019-03-14,Sydney,Australia,46,F,STANDARD
1957,Tiffany Lee,johnsondavid@example.org,2022-10-11,Toronto,Canada,32,F,STANDARD
1958,Melanie Jones,btapia@example.com,2020-08-01,Berlin,Germany,28,M,STANDARD
1959,Alexandra Harper,paul34@example.com,2023-03-15,Melbourne,Australia,16,M,VIP
1960,Tamara Reid,sheltontiffany@example.com,2019-12-31,Melbourne,Australia,42,M,STANDARD
1961,Andre Haynes,xmullins@example.org,2022-07-30,Toronto,Canada,46,M,STANDARD
1962,Kevin Gilmore,yvang@example.org,2020-04-19,Mumbai,India,58,F,C
1963,Olivia Miller,amy13@example.net,2022-01-17,London,UK,34,M,STANDARD
1964,Lynn Davis,pcurry@example.net,2023-04-14,Singapore,Singapore,42,M,STANDARD
1965,Mrs. Emily Waters,arobinson@example.org,2019-12-27,Los Angeles,USA,36,F,STANDARD
1966,Carl Huffman,wallssean@example.net,2023-05-04,Chicago,USA,69,F,C
1967,Donald Cunningham,kingdavid@example.net,2019-03-01,Toronto,Canada,33,M,STANDARD
1968,Steven Carter Jr.,carolyn61@example.net,2022-02-25,New York,USA,32,M,STANDARD
1969,Ryan Gonzalez,ywright@example.net,2021-03-27,Manchester,UK,46,F,STANDARD
1970,Susan Barton,turnerjeffrey@example.net,2023-08-04,Sydney,Australia,35,M,STANDARD
1971,Katherine Reeves,garciadonald@example.net,2020-02-27,Munich,Germany,23,F,STANDARD
1972,Lisa Johnson,srichardson@example.com,2022-01-10,Paris,France,46,M,STANDARD
1973,Joseph Benson,barnesarthur@example.com,2024-02-12,London,UK,65,F,STANDARD
1974,Jennifer Brown,natalie57@example.com,2021-01-11,Toronto,Canada,28,F,STANDARD
1975,Dana Reilly,davidmartin@example.net,2020-04-14,Melbourne,Australia,67,F,STANDARD
1976,Craig Keller,angela71@example.net,2023-02-10,Unknown,Germany,46,Other,A
1977,Jason Castro,jamesevans@example.net,2021-10-24,Los Angeles,USA,66,F,STANDARD
1978,Alexandra Brown,rodriguezelizabeth@example.net,2022-07-17,Toronto,Canada,18,M,STANDARD
1979,Elizabeth Cain,samantha73@example.org,2021-03-31,Sydney,Australia,68,F,VIP
1980,Karen Lewis,paulschultz@example.net,2021-10-30,Los Angeles,USA,46,M,STANDARD
1981,Andrea Estrada,michellejones@example.net,2019-07-15,Chicago,USA,66,M,STANDARD
1982,Angel Martin Dds,xfranco@example.org,2020-10-24,Singapore,Singapore,48,F,STANDARD
1983,Jennifer Goodwin,harrellkimberly@example.org,2020-06-25,Los Angeles,USA,52,F,A
1984,Nicholas Brooks,oobrien@example.net,2022-02-22,Manchester,UK,46,M,VIP
1985,Karen Avery,wlucas@example.net,2019-02-05,Manchester,UK,62,M,C
1986,Kyle Roberts,reynoldsanthony@example.org,2021-07-15,Los Angeles,USA,52,F,STANDARD
1987,Michele Waters,woodphillip@example.com,2021-09-03,London,UK,22,M,VIP
1988,Victoria Peterson,samantha78@example.com,2019-07-15,Los Angeles,USA,26,M,STANDARD
1989,Seth Barker,taylordavis@example.com,2019-10-17,Los Angeles,USA,55,M,A
1990,Kim Jensen,kingjoseph@example.com,2020-04-21,Singapore,Singapore,65,M,STANDARD
1991,Linda Perez,rebecca93@example.com,2019-11-05,Mumbai,India,36,M,STANDARD
1992,Cheryl Rogers,mramirez@example.com,2022-11-14,Vancouver,Canada,64,M,STANDARD
1993,Chelsea Austin,leahbarker@example.org,2020-04-27,Sydney,Australia,45,M,STANDARD
1994,Heather Daniels,james79@example.net,2019-06-16,Melbourne,Australia,43,M,STANDARD
1995,Nathaniel Walter,jamietyler@example.com,2021-11-30,Chicago,USA,26,F,STANDARD
1996,Matthew Crawford,peterlove@example.net,2021-05-18,Bangkok,Thailand,26,F,C
1997,Glenn Scott,kingtammy@example.net,2022-01-25,Mumbai,India,46,Not Specified,STANDARD
1998,Mrs. Chelsea Villa,jgibson@example.net,2024-03-03,Melbourne,Australia,49,M,STANDARD
1999,Kayla Fisher,brent67@example.net,2019-10-17,Chicago,USA,49,Not Specified,A
2000,Jeffrey Edwards,herbertward@example.org,2021-11-29,London,UK,32,F,B
2001,Benjamin Rodriguez,david16@example.org,2023-01-14,Melbourne,Australia,26,F,B
2002,Matthew Brown,morganclaudia@example.com,2020-01-03,Manchester,UK,46,F,STANDARD
2003,David Robinson,sarah53@example.org,2020-02-13,Toronto,Canada,50,M,C
2004,Kevin Farmer,lindabryan@example.org,2019-11-17,Paris,France,38,F,B
2005,Alicia Martin,lisa11@example.org,2024-03-15,New York,USA,33,F,STANDARD
2006,Connie Stevens,patricialowery@example.com,2020-09-18,Melbourne,Australia,55,M,STANDARD
2007,David Parker,ogriffin@example.org,2022-09-12,Sydney,Australia,20,F,STANDARD
2008,Jennifer Wallace,jocelyncruz@example.net,2020-06-22,Chicago,USA,22,M,STANDARD
2009,Allison Hubbard,nicolehenry@example.net,2020-11-07,Manchester,UK,65,Not Specified,C
2010,Alex Romero,mmassey@example.org,2023-11-20,Melbourne,Australia,58,F,STANDARD
2011,Michael Burke,zjackson@example.org,2020-03-19,Toronto,Canada,75,F,A
2012,Harry Hill,rachel69@example.com,2019-01-01,Mumbai,India,20,M,STANDARD
2013,Melissa Elliott,chavezlauren@example.com,2021-05-21,Berlin,Germany,36,F,C
2014,Heather Smith,bramsey@example.org,2021-02-11,Manchester,UK,61,M,STANDARD
2015,Gregory Adams,timothy23@example.net,2019-06-10,Munich,Germany,69,M,STANDARD
2016,Linda Patrick,wernermichael@example.org,2022-12-27,Vancouver,Canada,69,M,VIP
2017,Thomas Davis,wrightalicia@example.com,2022-11-04,Vancouver,Canada,51,F,STANDARD
2018,Edward Garrison,garrett13@example.org,2021-01-18,Mumbai,India,65,F,STANDARD
2019,Laura Logan,keithharrison@example.com,2023-11-30,Munich,Germany,40,Not Specified,STANDARD
2020,Cynthia Morton,carriejones@example.org,2021-06-24,Toronto,Canada,49,F,STANDARD
2021,Richard Ferguson,xtran@example.net,2021-01-25,Bangkok,Thailand,48,F,STANDARD
2022,Joseph Lopez,nguyengeorge@example.com,2022-08-07,Vancouver,Canada,46,F,STANDARD
2023,Alicia Wagner,longgary@example.com,2019-04-28,Sydney,Australia,46,M,B
2024,Carlos Hensley,audrey47@example.org,2022-07-18,Paris,France,47,M,A
2025,Michael Reeves,daniellewebster@example.org,2023-07-12,Munich,Germany,18,M,STANDARD
2026,Mrs. Donna Rice,zbyrd@example.net,2023-02-16,Melbourne,Australia,71,M,C
2027,Jennifer Warren,kristin96@example.com,2019-04-25,Los Angeles,USA,56,M,B
2028,Jennifer Gordon,cmartinez@example.org,2023-10-13,Unknown,Canada,57,M,STANDARD
2029,Zachary Wilkinson,munozrobert@example.com,2024-01-17,Mumbai,India,73,M,C
2030,Alexander Freeman,lewiskimberly@example.org,2021-11-23,London,UK,58,M,C
2031,Kevin Blake,deborahturner@example.org,2020-01-31,Los Angeles,USA,25,F,STANDARD
2032,Steven Mckee,tommy77@example.com,2022-05-31,Vancouver,Canada,60,M,STANDARD
2033,Julie Perry,sanchezdustin@example.net,2024-04-11,Mumbai,India,35,F,STANDARD
2034,Elizabeth Brown,pblankenship@example.com,2023-09-09,Paris,France,52,M,STANDARD
2035,Edward Nicholson,ewilliams@example.org,2023-02-03,Chicago,USA,27,F,A
2036,Corey Weeks,alexgarcia@example.net,2023-06-04,Chicago,USA,29,M,C
2037,Debra Johnson,crystalwatson@example.com,2020-09-22,Toronto,Canada,73,M,STANDARD
2038,Robert Stevens,justin08@example.net,2019-04-20,Vancouver,Canada,61,M,STANDARD
2039,Jeffrey Freeman,estradaamy@example.net,2020-04-07,Manchester,UK,33,F,STANDARD
2040,Andrea Donaldson,trivera@example.com,2021-06-19,Melbourne,Australia,21,F,STANDARD
2041,Madison Thomas,christopherreyes@example.com,2021-12-07,Sydney,Australia,69,F,C
2042,Andrew Smith,jameshudson@example.com,2022-04-13,Mumbai,India,25,M,B
2043,Sonya Simmons,veronica30@example.org,2022-08-16,London,UK,29,M,A
2044,Andrew Acosta,robinsonrose@example.org,2023-06-15,Melbourne,Australia,21,F,C
2045,Katherine Miller,vcain@example.net,2019-03-06,Vancouver,Canada,49,F,STANDARD
2046,Jacqueline Harrison,barbara85@example.net,2020-10-23,Paris,France,52,F,STANDARD
2047,Kelsey Contreras,linda33@example.org,2019-08-03,Unknown,Australia,38,F,STANDARD
2048,Dillon Case,victor60@example.net,2020-11-20,London,UK,73,F,B
2049,Scott Rodriguez,angelarichard@example.org,2022-01-24,Berlin,Germany,46,F,STANDARD
2050,Danielle Stein,terrywilliam@example.com,2022-11-23,Paris,France,62,F,A
2051,Jennifer Rivera,sanchezcindy@example.net,2022-05-15,London,UK,46,Not Specified,STANDARD
2052,Erik Small,bsullivan@example.org,2020-04-24,Bangkok,Thailand,22,Not Specified,STANDARD
2053,William Cook,david37@example.com,2022-04-29,Manchester,UK,26,M,STANDARD
2054,Jennifer Lewis,satkinson@example.org,2024-04-14,Melbourne,Australia,28,F,STANDARD
2055,Carmen Moore,brittney11@example.org,2020-11-13,Sydney,Australia,21,M,STANDARD
2056,Omar Hernandez,fvasquez@example.net,2021-03-21,Berlin,Germany,46,M,STANDARD
2057,Wendy Smith,antoniocarter@example.com,2020-09-21,Vancouver,Canada,27,F,STANDARD
2058,Tamara Graves,williamspatricia@example.com,2019-11-12,Unknown,Canada,70,F,STANDARD
2059,Zachary Miller,mendezlori@example.org,2021-08-22,Los Angeles,USA,59,M,VIP
2060,Stephanie Holloway,lrodriguez@example.com,2023-08-30,Manchester,UK,61,F,STANDARD
2061,Kelly Decker,dillon79@example.com,2023-04-12,London,UK,41,M,STANDARD
2062,Ricardo Robertson,sobrien@example.com,2023-11-23,Melbourne,Australia,54,M,STANDARD
2063,Samuel Ortega,wpatrick@example.net,2024-06-10,Melbourne,Australia,17,M,VIP
2064,Matthew Briggs,proman@example.com,2021-01-11,London,UK,48,M,STANDARD
2065,Christine Murray,benjaminbrown@example.org,2019-06-08,Bangkok,Thailand,30,F,STANDARD
2066,Zachary Martinez,campbellmarvin@example.com,2019-07-10,Manchester,UK,40,F,STANDARD
2067,Michelle Graham,spearselizabeth@example.net,2022-10-14,Manchester,UK,18,F,B
2068,Laurie Pineda,pauladouglas@example.com,2022-10-29,Manchester,UK,69,F,STANDARD
2069,Corey Jones,randalllinda@example.com,2019-07-27,Melbourne,Australia,71,F,STANDARD
2070,Jonathan Barrett,ubowers@example.com,2022-03-22,Unknown,USA,40,M,STANDARD
2071,Gabriel Levy,wbarrett@example.net,2021-04-02,Sydney,Australia,46,M,STANDARD
2072,Catherine Booth,stephanieperry@example.com,2022-05-21,Los Angeles,USA,48,F,STANDARD
2073,Felicia Williams,johnmunoz@example.com,2024-06-13,Munich,Germany,23,M,STANDARD
2074,Michelle Butler,welchjennifer@example.net,2023-11-18,Manchester,UK,46,M,C
2075,Aaron Webb,jasoncook@example.net,2020-02-09,Vancouver,Canada,68,F,STANDARD
2076,Natasha Hill,lpreston@example.net,2020-07-30,Berlin,Germany,23,F,VIP
2077,Christina Carrillo,gibsonjennifer@example.net,2022-11-06,Paris,France,32,M,STANDARD
2078,Zachary Bryant,marvin69@example.net,2022-01-16,New York,USA,27,F,STANDARD
2079,Amy Gallegos,mhickman@example.net,2022-07-26,Vancouver,Canada,54,M,STANDARD
2080,Ethan Garza,pbaker@example.org,2020-05-24,Manchester,UK,21,F,C
2081,Mary Riley,hbaker@example.org,2021-06-01,Berlin,Germany,38,F,A
2082,Trevor Cole,dsmith@example.org,2024-01-25,Mumbai,India,52,F,STANDARD
2083,Denise Olsen,usmith@example.net,2022-06-01,Chicago,USA,67,Not Specified,VIP
2084,Patricia Alvarado,nzhang@example.net,2020-11-22,Los Angeles,USA,63,F,A
2085,Donna Wilson,saraprice@example.net,2020-06-10,Melbourne,Australia,63,F,STANDARD
2086,Joshua Gonzalez,pmiller@example.org,2023-06-14,Los Angeles,USA,52,M,C
2087,Alicia Anderson,gary44@example.com,2023-06-14,Mumbai,India,60,M,STANDARD
2088,Jeffery Daniel,connor44@example.net,2024-03-30,Singapore,Singapore,33,F,STANDARD
2089,Margaret Jones,morganfarrell@example.org,2019-04-04,Sydney,Australia,41,F,C
2090,Andrea Townsend,tammy17@example.com,2020-02-29,Manchester,UK,66,F,A
2091,Ralph Chan,edixon@example.net,2023-06-07,Paris,France,36,M,STANDARD
2092,Rachel Kelly,gomezpaul@example.org,2019-05-11,Toronto,Canada,34,M,VIP
2093,Danielle Smith,gayfrancis@example.com,2022-07-24,Manchester,UK,37,M,STANDARD
2094,Robert Nichols,writter@example.net,2020-11-28,London,UK,38,M,STANDARD
2095,Gerald Price,ggarcia@example.com,2020-03-07,Berlin,Germany,60,F,STANDARD
2096,Connor Walsh,cherryjulie@example.net,2023-10-12,Sydney,Australia,21,F,B
2097,Phyllis Grant,phughes@example.com,2023-03-12,Toronto,Canada,39,F,STANDARD
2098,Andrew Chavez,duncanandre@example.net,2019-03-02,Berlin,Germany,55,M,STANDARD
2099,Mariah Perry,montesmichelle@example.org,2023-04-16,Manchester,UK,64,M,STANDARD
2100,Brendan Meyer,watkinsthomas@example.net,2021-02-07,Toronto,Canada,24,F,VIP
2101,Molly Peterson Dds,hartmandanielle@example.org,2020-03-23,Manchester,UK,23,F,STANDARD
2102,Rodney Carter,brownkevin@example.org,2023-02-13,Singapore,Singapore,51,F,B
2103,Robyn Kidd,matthew61@example.net,2020-07-25,Paris,France,65,M,STANDARD
2104,Jonathan Rodgers,sjohnson@example.com,2023-04-10,Sydney,Australia,36,F,B
2105,Brandon Taylor,coxcody@example.com,2021-10-10,Manchester,UK,34,Other,STANDARD
2106,Emily Martinez,brandimiller@example.org,2021-03-30,Chicago,USA,16,M,STANDARD
2107,Ryan Pierce,cainana@example.net,2022-10-31,Chicago,USA,40,F,STANDARD
2108,Kimberly Escobar,craig60@example.com,2022-07-27,Toronto,Canada,55,M,STANDARD
2109,Jennifer Barrett,joyce21@example.org,2022-05-12,Unknown,USA,62,M,STANDARD
2110,Leah Rodriguez,zwilliams@example.com,2022-03-11,Chicago,USA,46,F,STANDARD
2111,Brian Moore,christopherjackson@example.net,2023-12-15,Paris,France,40,M,B
2112,Mercedes Garcia,ruizjessica@example.org,2021-07-26,Chicago,USA,62,Other,STANDARD
2113,Tyler Shields,veronicasmith@example.net,2020-02-14,Bangkok,Thailand,24,F,STANDARD
2114,Laura Blair,travisyoung@example.com,2021-07-29,Berlin,Germany,59,M,STANDARD
2115,Michael Lee,max69@example.com,2021-10-21,Berlin,Germany,23,M,STANDARD
2116,Donna Wright,mannjonathan@example.net,2019-11-23,Bangkok,Thailand,45,M,STANDARD
2117,Dr. Jared Lee Iii,barbaraolsen@example.net,2022-10-18,Sydney,Australia,71,F,C
2118,Michael Anderson,halljohn@example.org,2021-05-04,Singapore,Singapore,72,M,VIP
2119,Melinda Anderson,joshuarodriguez@example.org,2021-12-29,Sydney,Australia,44,F,STANDARD
2120,Michelle Greer,gutierrezmatthew@example.com,2023-08-24,Manchester,UK,39,M,VIP
2121,Nathaniel Floyd,mark66@example.net,2021-05-27,Berlin,Germany,22,M,STANDARD
2122,Denise Alvarado,jamiegomez@example.net,2023-06-10,Singapore,Singapore,62,F,STANDARD
2123,Mary Burns,samuel40@example.com,2020-05-12,Bangkok,Thailand,29,M,STANDARD
2124,Antonio Small,goodmanalice@example.org,2024-01-16,Berlin,Germany,64,F,A
2125,Stanley Taylor,gregory07@example.net,2020-11-08,Berlin,Germany,60,F,VIP
2126,Jesse Turner,shannonbarker@example.com,2019-10-31,Chicago,USA,46,M,STANDARD
2127,Tracey Nelson,iwalker@example.org,2020-08-19,Melbourne,Australia,61,M,VIP
2128,Maria Cruz,danielgriffith@example.net,2022-10-10,Berlin,Germany,25,F,A
2129,Brett Atkins,julie01@example.net,2023-10-26,Unknown,Canada,32,F,A
2130,Ashley Roach,lisa89@example.net,2019-10-31,Vancouver,Canada,16,M,STANDARD
2131,Kendra White,amadden@example.org,2021-04-11,Munich,Germany,55,M,STANDARD
2132,Erin Norris,jacoboconnor@example.net,2023-10-13,Paris,France,36,Other,STANDARD
2133,Danielle Ballard,courtneysantiago@example.net,2019-12-13,Sydney,Australia,46,F,STANDARD
2134,Heather James,pamelanguyen@example.com,2020-12-02,Los Angeles,USA,35,M,STANDARD
2135,Peter Patel,jperez@example.org,2023-06-05,Melbourne,Australia,57,M,STANDARD
2136,Ashley Huang,robertwilliams@example.com,2024-01-31,Sydney,Australia,69,M,STANDARD
2137,Zachary Jones,ohiggins@example.net,2020-04-12,Bangkok,Thailand,39,F,STANDARD
2138,Jacob Johnson,hullrobert@example.com,2021-11-05,London,UK,33,M,STANDARD
2139,Stacy Orozco,petersonjoel@example.org,2019-06-12,Mumbai,India,44,F,STANDARD
2140,David George,bradleybarker@example.net,2020-01-10,Melbourne,Australia,70,F,STANDARD
2141,Peter Chandler,nmontoya@example.com,2024-06-28,New York,USA,33,F,STANDARD
2142,Ariel Gordon,sandyramirez@example.com,2024-02-22,Mumbai,India,73,F,STANDARD
2143,Taylor Mullins,anthonydavis@example.net,2020-05-14,Toronto,Canada,64,M,B
2144,Mary Lee,jimwilliams@example.org,2019-04-15,Singapore,Singapore,66,F,A
2145,Daniel Anderson,cbrown@example.org,2021-09-01,Los Angeles,USA,22,M,VIP
2146,Amanda Swanson,michaelsherman@example.com,2019-01-20,Paris,France,43,M,VIP
2147,Jessica Watts,patelgabrielle@example.com,2022-08-09,Singapore,Singapore,53,F,B
2148,Phillip Lewis,roberthamilton@example.net,2020-05-30,New York,USA,54,F,C
2149,Deborah Meyer,olivia29@example.net,2021-11-19,Berlin,Germany,57,F,VIP
2150,Cindy Cole,cherylnorton@example.com,2022-10-20,Vancouver,Canada,48,Not Specified,VIP
2151,Larry Howe,gonzalezkenneth@example.net,2021-09-25,Chicago,USA,36,M,STANDARD
2152,Brandon Perkins,rachelhall@example.net,2019-05-15,Chicago,USA,59,F,STANDARD
2153,Shannon Castro,lblankenship@example.net,2022-11-07,Sydney,Australia,68,M,STANDARD
2154,Brandy Holmes,laurenallen@example.org,2020-09-21,Toronto,Canada,35,F,A
2155,Lisa Wilkerson,ambermiller@example.net,2024-03-14,Vancouver,Canada,29,F,STANDARD
2156,Debbie Rivera,mariawilliams@example.com,2021-03-22,Singapore,Singapore,70,F,STANDARD
2157,Christine Pratt,hollydavis@example.org,2021-08-28,Munich,Germany,54,F,STANDARD
2158,Andrea Le,rojasmarc@example.org,2020-06-22,Bangkok,Thailand,75,F,STANDARD
2159,Wendy Morgan,cannonkimberly@example.net,2023-01-28,London,UK,69,F,A
2160,Shari Sharp,morriskatherine@example.net,2023-04-11,Manchester,UK,16,Not Specified,STANDARD
2161,Angela Lee,gonzalespatricia@example.net,2022-08-15,Unknown,UK,45,M,A
2162,Richard Goodman,ballvanessa@example.com,2022-09-17,Unknown,Canada,34,F,A
2163,Brian Rocha,karen42@example.org,2020-10-29,Manchester,UK,51,M,STANDARD
2164,Brittany Barnett,hmitchell@example.org,2023-10-20,Berlin,Germany,22,M,VIP
2165,Roger Roberts,edwardstaylor@example.net,2022-04-29,Melbourne,Australia,18,Not Specified,STANDARD
2166,Alexander Greene,stanleynina@example.com,2021-09-24,Melbourne,Australia,33,F,STANDARD
2167,Glenn Ward,alyssa66@example.net,2022-08-02,New York,USA,33,F,STANDARD
2168,Jason Salinas,vickiwood@example.org,2019-10-03,Berlin,Germany,36,M,VIP
2169,Roberto Glover,jblair@example.net,2019-11-05,Mumbai,India,35,F,STANDARD
2170,John Russell,robertchase@example.net,2022-03-18,London,UK,64,M,STANDARD
2171,Henry Lutz,davidbrown@example.org,2019-02-14,Melbourne,Australia,65,M,A
2172,Sharon King,zamorarose@example.net,2020-10-04,Melbourne,Australia,73,F,A
2173,Mario Green,amywells@example.org,2021-08-17,London,UK,45,Not Specified,STANDARD
2174,Jamie Gallagher,rossjohn@example.net,2020-06-06,Vancouver,Canada,63,M,VIP
2175,Michael Montgomery,jessica89@example.net,2021-03-22,Manchester,UK,46,M,STANDARD
2176,Monica Russell,andrewsuarez@example.net,2021-02-03,Munich,Germany,52,M,STANDARD
2177,Nathan Kirk,tlewis@example.com,2020-10-31,Singapore,Singapore,47,F,STANDARD
2178,Shane Short,sonia62@example.com,2022-03-03,Los Angeles,USA,51,M,STANDARD
2179,Jacqueline Roberts,lopezkristina@example.net,2023-10-10,Mumbai,India,52,Not Specified,STANDARD
2180,Gina Vega,james01@example.com,2019-05-30,Singapore,Singapore,68,M,B
2181,Jason Ramirez,william88@example.org,2019-11-08,Melbourne,Australia,37,F,STANDARD
2182,Monica Richardson,mariahill@example.net,2023-05-19,Munich,Germany,46,F,C
2183,Julie Decker,nunezmatthew@example.com,2021-03-09,Mumbai,India,16,F,VIP
2184,Amy Farrell,jamesrobinson@example.com,2022-04-11,Toronto,Canada,50,M,STANDARD
2185,Joseph Matthews,fosterjeffrey@example.org,2024-03-10,Paris,France,73,F,STANDARD
2186,Ann Dawson,ufox@example.org,2019-10-31,Unknown,Singapore,35,M,STANDARD
2187,Lisa Gonzalez,mccoyjames@example.org,2019-03-22,Mumbai,India,50,M,STANDARD
2188,Mathew Key,khanmelissa@example.net,2020-04-16,Bangkok,Thailand,29,Not Specified,STANDARD
2189,Bradley Brady,uchang@example.com,2024-04-01,Toronto,Canada,65,M,STANDARD
2190,Tyler Garrison,smithjack@example.org,2019-09-10,Berlin,Germany,17,M,STANDARD
2191,Alyssa Rodriguez Phd,dunnmary@example.net,2019-04-11,Manchester,UK,44,F,STANDARD
2192,Dana Bennett,fwalsh@example.com,2019-09-13,Mumbai,India,27,M,STANDARD
2193,Samantha Carlson,nrangel@example.net,2023-03-30,Chicago,USA,23,F,STANDARD
2194,Jacob Conner,normajones@example.net,2021-04-30,London,UK,29,F,STANDARD
2195,Bryce Fox,daniel43@example.org,2021-11-07,Vancouver,Canada,46,F,STANDARD
2196,John Massey,katherinerussell@example.org,2019-07-24,Mumbai,India,39,F,C
2197,Brooke Lewis,charleshayes@example.com,2022-08-28,Mumbai,India,30,M,C
2198,Billy Scott,dominguezmeredith@example.com,2023-11-29,Manchester,UK,17,M,STANDARD
2199,Joshua Shepard,gallegoscrystal@example.com,2019-04-03,London,UK,70,F,C
2200,Timothy Patterson,stonecody@example.net,2019-10-15,Chicago,USA,46,F,A
2201,Richard Smith,acevedonancy@example.org,2022-09-15,Melbourne,Australia,39,F,STANDARD
2202,Christina Myers,meyerskathryn@example.com,2024-04-01,Chicago,USA,25,F,STANDARD
2203,Jesus Flores,corythompson@example.org,2024-03-09,Bangkok,Thailand,66,F,A
2204,Gilbert Williams,lhicks@example.com,2021-02-03,Sydney,Australia,55,F,C
2205,Karina Boone,phines@example.org,2021-08-21,Bangkok,Thailand,63,F,C
2206,Victoria Guerra,kara01@example.org,2023-04-11,Manchester,UK,62,F,STANDARD
2207,Julian Leon,vdeleon@example.com,2020-04-01,Bangkok,Thailand,42,M,VIP
2208,Scott Durham,ricklewis@example.net,2023-10-20,Manchester,UK,44,M,STANDARD
2209,Nathaniel Brown,shannon09@example.org,2021-09-02,Vancouver,Canada,73,M,C
2210,Wendy Carpenter,prattjustin@example.org,2024-05-13,London,UK,58,M,STANDARD
2211,Michelle Chavez,brandi26@example.net,2022-03-15,Mumbai,India,24,Other,STANDARD
2212,Loretta Garrett,qkane@example.com,2022-09-12,Toronto,Canada,63,M,STANDARD
2213,Maria Malone,hdavis@example.com,2020-05-26,Los Angeles,USA,32,F,STANDARD
2214,Richard Riley,dylancunningham@example.com,2022-09-30,Berlin,Germany,49,F,STANDARD
2215,Jonathan Collins,stephaniezamora@example.org,2019-09-27,Bangkok,Thailand,43,M,B
2216,Richard Weiss,kimberly66@example.net,2019-03-12,Mumbai,India,46,F,C
2217,Teresa Russell,branchthomas@example.com,2022-07-23,Chicago,USA,69,F,C
2218,Joyce Butler,maygordon@example.org,2021-09-11,Paris,France,70,M,STANDARD
2219,Tommy Ramsey,markbates@example.com,2021-04-10,Paris,France,29,F,B
2220,Stephanie Meyer,hufftina@example.org,2020-07-26,Melbourne,Australia,65,Not Specified,C
2221,Toni Clay,jarvisrachel@example.net,2020-06-06,Chicago,USA,67,F,STANDARD
2222,Gloria Dunn,richardhines@example.net,2022-09-30,Los Angeles,USA,64,F,STANDARD
2223,Jessica Adams,wberry@example.com,2019-02-22,Sydney,Australia,24,M,STANDARD
2224,Tammy Robinson,gstokes@example.net,2022-02-01,Los Angeles,USA,24,F,STANDARD
2225,Sonya Miranda,ashley14@example.org,2024-06-01,Los Angeles,USA,27,Not Specified,A
2226,Jennifer Hernandez,melissa40@example.org,2019-10-18,Toronto,Canada,46,F,STANDARD
2227,Carly Goodwin,smithmelissa@example.com,2023-05-17,Paris,France,52,M,STANDARD
2228,Susan Price,wilsontina@example.com,2022-01-09,London,UK,60,F,A
2229,Angela Barnett,madison00@example.org,2022-10-25,Los Angeles,USA,56,M,A
2230,Anthony Wong,cartercatherine@example.net,2023-01-06,Singapore,Singapore,50,M,VIP
2231,Jesse Ayala,monicaavery@example.net,2019-04-11,Vancouver,Canada,34,F,STANDARD
2232,Charles Blair,dananelson@example.com,2021-08-16,Berlin,Germany,24,F,VIP
2233,Kyle Myers,kleinshane@example.org,2022-02-12,Melbourne,Australia,29,Not Specified,STANDARD
2234,Pamela Jenkins,caitlyncooper@example.net,2023-03-27,New York,USA,24,M,STANDARD
2235,Nichole Vasquez,dlivingston@example.org,2024-06-22,Singapore,Singapore,41,F,VIP
2236,Tara Jones,andrew88@example.com,2020-05-24,Toronto,Canada,20,F,A
2237,Cory Harris,christopheranderson@example.com,2019-09-10,Manchester,UK,59,M,A
2238,Timothy Harris,irodriguez@example.org,2020-11-01,Singapore,Singapore,56,F,STANDARD
2239,Daniel Ferrell,erikamiller@example.org,2022-05-10,Sydney,Australia,30,F,C
2240,Brian Christensen,mandypetty@example.com,2022-06-03,Melbourne,Australia,25,M,C
2241,Jon Berry,nicholas33@example.com,2023-11-28,London,UK,18,F,STANDARD
2242,Michael Phillips,brittany29@example.com,2021-05-22,Berlin,Germany,26,M,C
2243,Sean Carter,dudleycody@example.com,2020-08-19,Singapore,Singapore,49,M,VIP
2244,Anthony Hayes,marilyn67@example.net,2023-11-07,Paris,France,31,M,A
2245,Charles Ford,kcontreras@example.org,2021-05-13,Manchester,UK,56,M,STANDARD
2246,Roy Fowler,lshannon@example.net,2020-07-18,Melbourne,Australia,56,M,STANDARD
2247,Ashley Lee,ijackson@example.com,2019-06-20,London,UK,22,M,C
2248,Katherine Simon,bhall@example.org,2022-04-25,Toronto,Canada,58,M,STANDARD
2249,Kimberly Mcdowell,amyferrell@example.com,2022-02-22,Berlin,Germany,69,M,STANDARD
2250,Darryl Christensen,vasquezjacqueline@example.net,2021-02-22,Sydney,Australia,54,M,STANDARD
2251,Jessica Becker,chavezisabel@example.com,2022-03-24,Los Angeles,USA,23,M,B
2252,Kathleen Mccullough,michellesmith@example.org,2024-01-25,Melbourne,Australia,42,F,STANDARD
2253,Charles Hopkins,henrysoto@example.com,2023-06-03,Sydney,Australia,70,F,STANDARD
2254,Angelica Long,alexis58@example.com,2023-07-24,Manchester,UK,63,F,B
2255,Melissa Sullivan,jessicamills@example.org,2020-01-06,Paris,France,56,Other,B
2256,Kenneth Murphy,wnovak@example.net,2019-02-28,Singapore,Singapore,70,M,STANDARD
2257,Kristin Ferguson,joe99@example.net,2024-06-16,London,UK,33,F,STANDARD
2258,Joshua Smith,davidsellers@example.com,2020-06-22,Sydney,Australia,29,M,A
2259,Tiffany Holt,eileendaniels@example.net,2021-04-01,Melbourne,Australia,65,M,STANDARD
2260,Melissa Romero,deborah49@example.com,2020-12-21,London,UK,50,F,STANDARD
2261,Lisa Spencer,hollandjustin@example.com,2020-09-18,Mumbai,India,74,F,VIP
2262,Katie Rivers,dominguezscott@example.com,2022-08-02,Berlin,Germany,64,M,A
2263,Cynthia Stephens,mmyers@example.net,2020-11-21,London,UK,73,F,STANDARD
2264,Mary Johnson,xhill@example.org,2019-08-17,New York,USA,53,M,STANDARD
2265,Amy Burton,isimpson@example.com,2023-03-30,Vancouver,Canada,50,F,STANDARD
2266,Chris Hanson,twagner@example.org,2019-07-05,Los Angeles,USA,74,F,A
2267,Beverly Black,troybrady@example.net,2020-11-27,Melbourne,Australia,38,F,VIP
2268,Melanie Smith,faithsparks@example.com,2023-07-27,Melbourne,Australia,55,Not Specified,STANDARD
2269,Derrick Johnson,karla66@example.net,2023-08-19,Berlin,Germany,31,F,STANDARD
2270,Melissa Carroll,nunezgary@example.net,2020-04-04,Berlin,Germany,31,M,STANDARD
2271,Paul Phelps,john86@example.com,2019-01-26,Chicago,USA,31,M,VIP
2272,Christina Gomez,jacob32@example.net,2021-04-28,Berlin,Germany,51,F,B
2273,Laura Adams,ogreer@example.org,2022-04-04,Munich,Germany,56,F,C
2274,Stephanie Armstrong,petersonfrank@example.org,2022-12-18,Vancouver,Canada,67,F,STANDARD
2275,Sydney Lopez,jennifer72@example.com,2024-04-02,Bangkok,Thailand,36,M,STANDARD
2276,Wayne Jackson,mirandawalker@example.net,2023-10-28,London,UK,66,Not Specified,STANDARD
2277,Melissa Garcia,castropeter@example.com,2021-11-05,Singapore,Singapore,50,M,C
2278,Matthew Stone,jherring@example.com,2020-12-14,Melbourne,Australia,51,F,STANDARD
2279,Frank Freeman,mallory30@example.org,2019-04-19,Mumbai,India,55,F,STANDARD
2280,Marcus Rich,housedaniel@example.com,2019-02-15,Chicago,USA,44,F,C
2281,Carmen Gonzalez,brandi40@example.org,2022-12-17,Mumbai,India,20,M,STANDARD
2282,Christine Parker,kelly15@example.com,2020-05-31,Paris,France,61,M,A
2283,Daniel Thompson,lisaalvarez@example.net,2021-03-22,Chicago,USA,58,M,A
2284,Robert West,brandon94@example.org,2020-04-21,London,UK,67,F,C
2285,Maria Rodriguez,johnsonmichael@example.com,2024-06-30,Munich,Germany,36,F,STANDARD
2286,Joseph Bright,mhoffman@example.net,2021-01-03,Singapore,Singapore,23,F,A
2287,Norma Smith,david88@example.net,2023-02-04,Manchester,UK,62,M,B
2288,Hannah Martin,savannahgrant@example.com,2023-09-08,Chicago,USA,17,F,B
2289,Tyler Shields,csparks@example.net,2019-07-12,Los Angeles,USA,52,M,STANDARD
2290,Edwin Jackson,gmccarthy@example.com,2022-11-27,Manchester,UK,24,F,C
2291,Dr. Diana Chen,yoconnell@example.com,2022-12-19,Chicago,USA,72,F,VIP
2292,Sarah Roberts,kevinmendez@example.org,2020-04-09,Toronto,Canada,57,M,STANDARD
2293,Robin Patterson,anthony00@example.org,2020-06-11,Munich,Germany,72,F,STANDARD
2294,Eric Fowler,charlesyoung@example.net,2019-07-15,London,UK,16,F,A
2295,Sonya Wilcox,miranda13@example.org,2020-09-19,Manchester,UK,67,M,C
2296,John Boyd,lpeters@example.net,2020-01-22,Chicago,USA,55,Not Specified,STANDARD
2297,Eric Rosales,ncruz@example.net,2023-11-22,Los Angeles,USA,54,F,A
2298,Jonathan Jefferson Dvm,rodneynolan@example.com,2023-12-07,Mumbai,India,48,F,STANDARD
2299,Eileen Gutierrez,andersonmeghan@example.net,2024-03-30,New York,USA,72,M,B
2300,Tamara Roberts,foxlinda@example.org,2024-03-29,Vancouver,Canada,22,M,STANDARD
2301,Rhonda Rodriguez,jamesbrown@example.org,2019-07-24,Bangkok,Thailand,28,M,STANDARD
2302,Sherry Brewer,claire06@example.net,2024-03-16,Berlin,Germany,51,Other,C
2303,Brandon Sanchez,tracy38@example.com,2022-02-09,Sydney,Australia,37,Not Specified,C
2304,Joseph Wang,fstone@example.net,2020-01-21,Berlin,Germany,18,Other,STANDARD
2305,Richard Yoder,qmarshall@example.net,2023-09-24,Singapore,Singapore,22,M,STANDARD
2306,Kristina Baker,nicholashuffman@example.org,2021-12-15,Bangkok,Thailand,52,M,STANDARD
2307,Luke Dixon,qreyes@example.net,2020-02-16,Sydney,Australia,36,F,STANDARD
2308,Brian Brown,jenniferhorne@example.net,2021-05-23,Sydney,Australia,43,M,STANDARD
2309,Arthur Mcdaniel,scottlove@example.org,2022-02-23,London,UK,55,M,A
2310,Mary Levy,nguyengerald@example.net,2023-04-28,Vancouver,Canada,49,F,STANDARD
2311,Susan Lewis,gkeith@example.net,2022-04-18,Bangkok,Thailand,50,F,STANDARD
2312,Gabriel Nash,bowmanjoel@example.net,2019-04-07,New York,USA,40,F,STANDARD
2313,Steven Nguyen,jacqueline39@example.net,2022-11-02,Mumbai,India,63,M,STANDARD
2314,Justin Parker,umartinez@example.net,2022-12-02,Sydney,Australia,74,F,STANDARD
2315,Patrick Snyder,lindseyroberts@example.org,2022-12-30,Toronto,Canada,20,M,A
2316,Debbie King,ucarr@example.org,2019-02-01,Paris,France,75,F,A
2317,Jeremy Summers,ksmith@example.org,2019-01-10,Vancouver,Canada,58,Not Specified,STANDARD
2318,Christopher Rivera,fwolf@example.net,2023-08-20,Manchester,UK,39,F,STANDARD
2319,John Woodard,devon88@example.org,2020-05-19,Paris,France,58,M,A
2320,Alfred Leonard,taylormichael@example.net,2023-11-04,Melbourne,Australia,35,M,STANDARD
2321,Shari Kelley,benjaminwilliams@example.net,2021-04-18,Vancouver,Canada,42,M,VIP
2322,Robert Parks Md,nbailey@example.net,2023-07-31,Toronto,Canada,32,F,STANDARD
2323,Michele Watson,jack86@example.org,2023-04-21,Melbourne,Australia,24,M,STANDARD
2324,Tammy Tyler,harrisjoshua@example.com,2019-11-22,Los Angeles,USA,20,Other,STANDARD
2325,James Miller,daniel15@example.org,2024-05-10,Vancouver,Canada,34,M,VIP
2326,Shelby Duncan,johnsonedward@example.net,2023-04-08,Los Angeles,USA,41,Not Specified,VIP
2327,Timothy Mcmahon,elizabeth14@example.org,2023-09-30,Munich,Germany,28,M,STANDARD
2328,Matthew Moss,brianmorrow@example.org,2019-08-17,Los Angeles,USA,18,M,B
2329,Wendy Miller,hdavis@example.org,2019-05-19,Singapore,Singapore,43,F,STANDARD
2330,Mark Dennis,clarkdavid@example.net,2023-04-25,Paris,France,58,F,VIP
2331,Toni Ortiz,brianobrien@example.net,2023-01-24,Toronto,Canada,18,F,STANDARD
2332,Audrey Reyes,andersonhenry@example.org,2024-03-02,Vancouver,Canada,38,F,A
2333,Amanda Taylor,dorothy87@example.org,2019-11-10,Manchester,UK,48,F,C
2334,Marcus Blair,carterjames@example.com,2023-01-16,Sydney,Australia,17,F,STANDARD
2335,Joshua Guerrero,qcurtis@example.com,2020-08-12,Munich,Germany,26,F,C
2336,Ashley Duran,gregory14@example.org,2019-05-14,Sydney,Australia,49,F,STANDARD
2337,Melanie Garrett,sandraheath@example.net,2020-10-20,Bangkok,Thailand,18,F,STANDARD
2338,Vicki Hernandez,nicholas09@example.org,2019-01-08,Manchester,UK,19,F,C
2339,Holly Ponce,efranco@example.net,2023-04-10,Toronto,Canada,18,M,STANDARD
2340,April Galvan,david97@example.org,2021-09-02,Bangkok,Thailand,57,F,STANDARD
2341,Crystal Chavez,joshuacoleman@example.com,2023-03-13,Bangkok,Thailand,59,Not Specified,STANDARD
2342,Kimberly Hughes,jasonjohnson@example.org,2021-07-20,Sydney,Australia,74,M,STANDARD
2343,Paula Johnson,bconrad@example.org,2019-10-23,Toronto,Canada,56,F,A
2344,Christopher Hall,kramirez@example.net,2023-12-12,Vancouver,Canada,39,F,STANDARD
2345,Jessica Griffith,reynoldsmichelle@example.org,2021-07-30,New York,USA,61,Not Specified,STANDARD
2346,Carlos Heath,petersonjose@example.org,2023-09-17,Chicago,USA,38,M,STANDARD
2347,Melinda May,jacquelinedelacruz@example.org,2023-02-11,Berlin,Germany,44,F,STANDARD
2348,Caleb Jensen,kfrye@example.net,2021-03-27,Sydney,Australia,62,M,STANDARD
2349,Jay Buchanan,woodbrittany@example.com,2020-02-03,Paris,France,39,M,STANDARD
2350,Jeffery Thompson,johnskinner@example.org,2021-02-06,Manchester,UK,35,F,STANDARD
2351,Danielle Hamilton,williamsbrian@example.org,2021-07-15,Sydney,Australia,73,M,STANDARD
2352,Kayla Williams,shafferjill@example.com,2020-02-13,New York,USA,37,F,B
2353,Ashlee Ross,burnsrodney@example.org,2021-06-03,Munich,Germany,46,M,VIP
2354,Kelly Burnett,seth29@example.org,2020-07-13,Chicago,USA,65,M,STANDARD
2355,Ashley Cooper,fordjames@example.org,2019-11-05,Toronto,Canada,36,F,B
2356,Brian Brown,martinnovak@example.com,2021-09-23,Bangkok,Thailand,55,M,STANDARD
2357,Joseph Hill,james62@example.org,2019-03-14,Unknown,Thailand,66,Other,STANDARD
2358,Allison Cunningham,michaelvillarreal@example.net,2019-04-19,Mumbai,India,70,F,STANDARD
2359,Jeffery Jordan,tyler31@example.net,2019-11-05,Melbourne,Australia,35,M,VIP
2360,Cristian Lambert,catherinemoore@example.com,2024-01-27,Paris,France,46,F,STANDARD
2361,Sara Preston,fmorrow@example.com,2022-02-24,Singapore,Singapore,73,F,STANDARD
2362,Kelly Rivas,dsmith@example.com,2022-06-20,Bangkok,Thailand,26,M,B
2363,Jeffery Collins,courtney01@example.org,2022-11-14,Vancouver,Canada,23,F,VIP
2364,Kevin Estrada,sloanbenjamin@example.net,2019-03-22,Singapore,Singapore,72,F,B
2365,Lauren Stephens,hooveranna@example.net,2022-04-15,New York,USA,75,F,STANDARD
2366,Lynn Adams,edwardselizabeth@example.net,2024-06-10,New York,USA,58,Not Specified,A
2367,Richard Williams,mortonkenneth@example.net,2021-01-27,Bangkok,Thailand,27,F,STANDARD
2368,Tanya Foster,pfowler@example.org,2019-08-16,Chicago,USA,56,Other,C
2369,Kevin Jennings,jreyes@example.net,2020-12-27,Los Angeles,USA,67,M,B
2370,Jason Reyes,hernandeztodd@example.org,2021-01-17,Chicago,USA,28,M,STANDARD
2371,Mr. David Rivas,samuel38@example.net,2021-09-29,New York,USA,73,M,B
2372,Donna Carroll,forbessean@example.org,2021-07-08,Vancouver,Canada,46,M,STANDARD
2373,Rodney Baker,qcharles@example.org,2022-09-12,Berlin,Germany,37,Not Specified,A
2374,John Robertson,danieljenkins@example.org,2019-01-22,Paris,France,17,M,STANDARD
2375,Mary Mccoy,cody81@example.org,2019-03-15,Manchester,UK,60,M,STANDARD
2376,Michael Gilbert,hlester@example.org,2021-05-19,Singapore,Singapore,61,M,STANDARD
2377,Tonya Simon,sarah80@example.org,2020-01-31,Munich,Germany,34,M,STANDARD
2378,Tanya Shannon,amanda21@example.com,2023-07-08,Los Angeles,USA,71,M,A
2379,Sophia Boyd,ashleyalexander@example.net,2023-04-10,Singapore,Singapore,31,F,STANDARD
2380,Timothy Ryan,cainjordan@example.org,2020-04-30,Singapore,Singapore,71,M,C
2381,Francisco Estrada,meganjames@example.org,2023-11-18,London,UK,20,M,C
2382,Jamie Duran,villawilliam@example.com,2022-07-16,Berlin,Germany,66,F,B
2383,Leslie Moody,gcastro@example.org,2020-02-13,Chicago,USA,27,F,A
2384,Paul Lane,dbeck@example.com,2022-11-05,Singapore,Singapore,46,F,A
2385,Henry Reeves,rebecca19@example.com,2020-01-30,Munich,Germany,68,M,STANDARD
2386,Jeffery Snyder,gregorymitchell@example.net,2021-08-18,Chicago,USA,62,F,B
2387,Courtney Sharp,daniel79@example.net,2021-11-05,Chicago,USA,21,F,A
2388,Jennifer Carter,dyersara@example.net,2022-03-24,Munich,Germany,60,F,STANDARD
2389,Sandy Bennett,jenniferwalls@example.com,2020-10-20,Mumbai,India,26,F,B
2390,Jesse Edwards,wallaceeric@example.com,2021-11-03,Manchester,UK,34,F,A
2391,Charles Zavala,bethany36@example.com,2021-12-22,Toronto,Canada,57,F,STANDARD
2392,Beth Shaw,josephross@example.net,2019-05-13,Chicago,USA,20,F,C
2393,Lisa Beard,tracifoster@example.org,2023-08-02,Singapore,Singapore,21,F,A
2394,Nicole Wallace Dds,ejohnson@example.org,2022-10-13,Melbourne,Australia,36,F,STANDARD
2395,Daniel Gallegos,michaelcampos@example.net,2022-05-25,Sydney,Australia,52,F,STANDARD
2396,Carla Hoover,jenniferrodriguez@example.org,2023-07-19,Melbourne,Australia,39,F,B
2397,Jason Smith,tinawilliams@example.com,2020-01-25,Melbourne,Australia,53,F,STANDARD
2398,Jorge Morales,kentmichael@example.com,2021-08-03,Bangkok,Thailand,75,F,C
2399,Kathleen Baker,pattersondebra@example.org,2024-01-16,Mumbai,India,44,F,STANDARD
2400,Denise French,emorales@example.com,2023-11-24,New York,USA,66,M,STANDARD
2401,Kari Buck,bartondavid@example.com,2021-01-18,Manchester,UK,43,F,STANDARD
2402,Laura Payne,paynestephanie@example.net,2024-04-21,Paris,France,29,F,STANDARD
2403,James Whitaker,collinmiller@example.com,2020-02-10,London,UK,47,Not Specified,STANDARD
2404,Ryan Garcia,marydean@example.com,2020-07-22,Munich,Germany,28,F,VIP
2405,Theresa Gardner,hollyperkins@example.net,2019-11-24,Mumbai,India,46,F,STANDARD
2406,Jessica Conrad,sbradley@example.org,2022-12-16,London,UK,54,Other,B
2407,Kevin Werner,rodriguezchristina@example.net,2020-03-19,Singapore,Singapore,46,F,C
2408,Catherine Kirk,pvang@example.net,2020-09-28,Sydney,Australia,43,M,A
2409,Stacy Williams,joneschristian@example.net,2023-01-24,London,UK,67,M,A
2410,Crystal Carlson,uclark@example.org,2019-05-10,Berlin,Germany,44,Other,VIP
2411,Michael Martinez,mark90@example.com,2020-04-23,Melbourne,Australia,56,M,STANDARD
2412,Mr. Kristopher Curtis,lindsay48@example.net,2020-11-28,Munich,Germany,66,F,STANDARD
2413,Anthony Knapp,rfleming@example.net,2023-05-20,London,UK,52,M,VIP
2414,Lisa Reynolds,ywilliams@example.com,2023-07-24,Toronto,Canada,47,F,A
2415,Adrian Gibbs,leroy57@example.com,2019-07-15,Bangkok,Thailand,64,M,VIP
2416,Steven Duncan,kayla33@example.net,2022-05-19,Berlin,Germany,20,M,STANDARD
2417,Alyssa Anderson,jonathan66@example.org,2022-12-28,Vancouver,Canada,39,F,STANDARD
2418,Cathy Barnes,brian65@example.net,2019-01-07,Sydney,Australia,38,F,STANDARD
2419,Crystal Brown,lmartin@example.org,2024-05-13,Vancouver,Canada,47,M,STANDARD
2420,Edward Richmond,epatterson@example.net,2023-07-19,Mumbai,India,28,F,STANDARD
2421,Emily Taylor,christina60@example.org,2019-05-05,Melbourne,Australia,49,M,STANDARD
2422,Douglas Lucero,watsonteresa@example.net,2022-12-05,Manchester,UK,35,F,B
2423,Danielle Robles,aholder@example.net,2022-08-11,Sydney,Australia,21,Not Specified,STANDARD
2424,John Black,folson@example.net,2022-07-05,Berlin,Germany,51,F,STANDARD
2425,Shannon Thompson,scott04@example.com,2020-07-14,Bangkok,Thailand,33,F,VIP
2426,Nathan Sparks,daniellecoleman@example.org,2019-09-21,Paris,France,17,M,A
2427,Tamara Brown,jeremy75@example.org,2019-10-18,London,UK,69,M,STANDARD
2428,Michael Blair,murraymichael@example.net,2020-10-25,Sydney,Australia,27,F,STANDARD
2429,William Gould,kylemartinez@example.net,2020-10-25,Vancouver,Canada,64,F,VIP
2430,Crystal Nguyen,michael40@example.org,2023-01-01,Melbourne,Australia,47,F,STANDARD
2431,Jessica Torres,justin75@example.net,2019-12-01,Munich,Germany,21,F,VIP
2432,Craig Beard,taylorjames@example.net,2020-12-04,Manchester,UK,47,F,STANDARD
2433,Mrs. Kimberly Cannon,nfleming@example.net,2021-03-21,Singapore,Singapore,51,F,A
2434,Angela Gonzales,pduran@example.net,2023-04-12,Los Angeles,USA,30,M,C
2435,Martin Newton,ecohen@example.com,2022-08-09,New York,USA,46,F,B
2436,Adam Daniels,lawsonpaul@example.org,2024-05-08,Chicago,USA,48,M,STANDARD
2437,Dawn Espinoza,arthurlynch@example.org,2019-02-09,Unknown,UK,64,M,STANDARD
2438,Joshua Gallegos,claudia35@example.org,2022-01-31,Manchester,UK,18,F,C
2439,Alexandra Hodge,robertsonjennifer@example.com,2019-01-15,Berlin,Germany,60,M,VIP
2440,Jonathan Palmer,kirbymichael@example.org,2019-12-03,Unknown,India,29,M,STANDARD
2441,David Santiago,jose60@example.net,2020-07-30,Paris,France,51,M,STANDARD
2442,Joseph Ward,alvarezchristine@example.com,2022-05-29,Singapore,Singapore,37,F,STANDARD
2443,Kristen Smith,john91@example.org,2020-08-07,Sydney,Australia,17,M,A
2444,Toni Hunt,morgan69@example.net,2021-04-10,Singapore,Singapore,27,F,A
2445,Virginia Rose,nicoleduran@example.net,2023-11-26,Bangkok,Thailand,28,F,STANDARD
2446,Willie Edwards,marygarcia@example.com,2022-10-12,Melbourne,Australia,72,M,C
2447,Dawn Hall,hensleyvalerie@example.net,2022-07-06,Sydney,Australia,52,F,A
2448,Jane King,david38@example.net,2020-09-26,New York,USA,29,F,B
2449,Jerry Boyd,ashleygarcia@example.org,2021-03-06,Melbourne,Australia,45,F,VIP
2450,Miss Kathryn Myers,sherryknight@example.org,2021-09-10,Berlin,Germany,54,M,A
2451,Kayla Williams,garymartinez@example.org,2019-06-09,Toronto,Canada,22,M,STANDARD
2452,David Small,brownalexa@example.com,2019-01-23,Mumbai,India,46,M,C
2453,Brian Kent,hespinoza@example.org,2019-07-19,Chicago,USA,39,F,STANDARD
2454,Sabrina Lopez,srobles@example.org,2021-02-02,Unknown,Thailand,33,M,B
2455,Cynthia Tran,debra19@example.net,2019-09-03,Bangkok,Thailand,25,M,STANDARD
2456,Rachel Hill,jamesparker@example.net,2024-02-17,Singapore,Singapore,23,M,C
2457,Michael Davis,gonzalezkendra@example.org,2023-12-08,New York,USA,46,F,STANDARD
2458,Paul Moon,woodlisa@example.com,2023-12-21,Mumbai,India,60,M,STANDARD
2459,Leah Kim,riverarebecca@example.org,2019-05-10,Berlin,Germany,29,F,STANDARD
2460,William Barnett,eadams@example.org,2021-06-04,Unknown,Germany,42,M,STANDARD
2461,Jenna Watson,fletcherjanet@example.org,2019-05-10,Sydney,Australia,61,M,VIP
2462,Mrs. Jillian Nguyen,lmendez@example.com,2022-10-06,New York,USA,71,M,STANDARD
2463,Julie Mills,richardsonanna@example.org,2019-04-01,Sydney,Australia,69,M,STANDARD
2464,Joshua Phillips,nicholasswanson@example.net,2020-04-19,Singapore,Singapore,34,F,STANDARD
2465,Caitlin Lawson,riceamber@example.net,2022-01-20,Berlin,Germany,39,M,STANDARD
2466,Stephanie Knight,rrice@example.net,2020-10-18,Chicago,USA,38,F,STANDARD
2467,Rachael Jones,watsonbrittany@example.org,2023-04-21,London,UK,25,M,VIP
2468,Ryan Hudson,andrewmiller@example.com,2021-04-15,Munich,Germany,43,F,STANDARD
2469,Pamela Howard,omarturner@example.org,2021-01-04,Bangkok,Thailand,45,M,STANDARD
2470,Abigail Acevedo,sarah17@example.com,2019-03-29,Bangkok,Thailand,48,F,STANDARD
2471,Ernest Bernard,lambertdevin@example.com,2022-01-11,London,UK,69,M,A
2472,Cody Jones,juanfranklin@example.net,2023-06-11,Mumbai,India,68,F,B
2473,Chad Adams,donaldhahn@example.com,2021-10-23,Los Angeles,USA,18,F,STANDARD
2474,Angela Brown,jennifer54@example.org,2022-09-23,Munich,Germany,63,F,STANDARD
2475,Juan Becker,todd05@example.com,2020-10-28,Los Angeles,USA,51,M,STANDARD
2476,Beth Kirk,davidkane@example.com,2022-03-27,Toronto,Canada,63,F,B
2477,Michelle Smith,brownreginald@example.net,2022-08-11,Sydney,Australia,25,F,C
2478,Jennifer Sampson,gbraun@example.org,2024-01-04,New York,USA,67,F,B
2479,Lisa Clay,adam17@example.net,2020-05-10,Vancouver,Canada,35,F,STANDARD
2480,Susan Black,haleylove@example.org,2020-01-27,Mumbai,India,46,F,C
2481,Xavier Jones,adam10@example.com,2022-10-25,Singapore,Singapore,20,F,STANDARD
2482,Margaret Mullins,davisautumn@example.org,2022-09-16,London,UK,16,F,STANDARD
2483,Sarah Blackwell,zavaladiane@example.com,2020-09-14,Toronto,Canada,55,M,STANDARD
2484,Brad Beard,jeremy70@example.net,2022-10-22,New York,USA,18,F,STANDARD
2485,Andrew Ford,rwheeler@example.org,2023-10-30,Berlin,Germany,64,M,A
2486,John Escobar,wileyaudrey@example.com,2023-12-09,Unknown,France,59,F,STANDARD
2487,Erin Carter,laurenboyd@example.com,2023-04-04,Berlin,Germany,46,F,C
2488,Laura Grimes,mcooper@example.com,2023-01-05,Mumbai,India,75,F,STANDARD
2489,John Wilson,chunglaura@example.net,2021-08-19,Paris,France,36,M,C
2490,Vanessa Harris,lisa13@example.net,2022-06-10,Toronto,Canada,46,M,STANDARD
2491,Amanda Cook,michaelhoffman@example.net,2019-02-27,Singapore,Singapore,44,F,STANDARD
2492,Michael Jones,jason57@example.com,2021-03-05,Paris,France,57,F,STANDARD
2493,Sierra Allen,robertbrown@example.com,2021-10-02,Munich,Germany,73,F,STANDARD
2494,Jessica Mcgee,jlee@example.org,2020-11-09,Paris,France,23,F,STANDARD
2495,Whitney Macdonald Dvm,amyponce@example.com,2021-09-22,Berlin,Germany,16,M,STANDARD
2496,Janet Jarvis,richard28@example.org,2023-05-02,Chicago,USA,18,M,C
2497,Anthony Velasquez,janet65@example.com,2023-09-28,Paris,France,30,Other,STANDARD
2498,Heather Diaz,kmoore@example.org,2019-07-27,Los Angeles,USA,24,M,A
2499,Alexandra Johnson,rachel51@example.org,2021-06-16,New York,USA,39,M,VIP
2500,Michael Cross Dds,prestoncory@example.org,2022-11-21,Bangkok,Thailand,56,F,STANDARD
