customer_id,recency,frequency,monetary,R_score,F_score,M_score,rfm_score,rfm_segment
1,372,3,2286.3675,3,4,3,10,Loyal Customers
2,79,3,3200.8345,5,4,4,13,Champions
3,279,6,5534.097,3,5,5,13,Champions
4,1459,0,0.0,1,1,1,3,Lost Customers
5,72,1,2723.514,5,2,3,10,Loyal Customers
6,1459,0,0.0,1,1,1,3,Lost Customers
7,153,1,1670.3825000000002,4,2,2,8,Potential Loyalists
8,279,2,1667.8355000000001,3,3,2,8,Potential Loyalists
9,88,2,1283.988,5,3,2,10,Loyal Customers
10,79,1,1099.7295,5,2,1,8,Potential Loyalists
11,131,4,3296.6220000000003,5,5,4,14,Champions
12,384,4,3659.6265,3,5,4,12,Champions
13,149,3,3749.9345,4,4,4,12,Champions
14,585,2,5211.834,2,3,5,10,Loyal Customers
15,68,4,4439.5185,5,5,4,14,Champions
16,384,2,970.8525,3,3,1,7,Potential Loyalists
17,661,2,4663.4304999999995,2,3,5,10,Loyal Customers
18,121,5,7106.353,5,5,5,15,Champions
19,401,2,424.56399999999996,3,3,1,7,Potential Loyalists
20,1,3,3488.18,6,4,4,14,Champions
21,93,1,1053.482,5,2,1,8,Potential Loyalists
22,197,2,455.3315,4,3,1,8,Potential Loyalists
23,172,3,1490.579,4,4,2,10,Loyal Customers
24,5,3,5007.221,6,4,5,15,Champions
25,33,2,3351.4269999999997,6,3,4,13,Champions
26,400,2,2098.002,3,3,3,9,Loyal Customers
27,1459,0,0.0,1,1,1,3,Lost Customers
28,116,2,1337.9285,5,3,2,10,Loyal Customers
29,416,5,4160.263,3,5,4,12,Champions
30,52,2,4031.8635,6,3,4,13,Champions
31,615,2,1405.864,2,3,2,7,Potential Loyalists
32,1459,0,0.0,1,1,1,3,Lost Customers
33,59,6,6242.3305,6,5,5,16,Champions
34,315,4,4588.906,3,5,5,13,Champions
35,26,3,1961.15,6,4,2,12,Champions
36,137,5,5758.7235,5,5,5,15,Champions
37,86,3,2349.319,5,4,3,12,Champions
38,206,2,945.4365,4,3,1,8,Potential Loyalists
39,279,1,753.5305000000001,3,2,1,6,At Risk
40,122,1,1338.7055,5,2,2,9,Loyal Customers
41,401,1,976.57,3,2,1,6,At Risk
42,344,3,6440.497,3,4,5,12,Champions
43,612,3,1929.671,2,4,2,8,Potential Loyalists
44,128,2,1331.411,5,3,2,10,Loyal Customers
45,81,1,505.5225,5,2,1,8,Potential Loyalists
46,1459,0,0.0,1,1,1,3,Lost Customers
47,909,1,165.16000000000003,2,2,1,5,At Risk
48,415,3,4677.3465,3,4,5,12,Champions
49,356,1,859.22,3,2,1,6,At Risk
50,137,1,458.05,5,2,1,8,Potential Loyalists
51,57,3,3658.777,6,4,4,14,Champions
52,118,4,2211.259,5,5,3,13,Champions
53,8,3,2520.053,6,4,3,13,Champions
54,72,6,5608.612,5,5,5,15,Champions
55,547,2,886.738,2,3,1,6,At Risk
56,102,4,2972.947,5,5,3,13,Champions
57,115,3,2271.3505,5,4,3,12,Champions
58,97,4,4880.031,5,5,5,15,Champions
59,28,1,545.259,6,2,1,9,Loyal Customers
60,131,1,3627.5,5,2,4,11,Loyal Customers
61,195,2,1171.911,4,3,2,9,Loyal Customers
62,1459,0,0.0,1,1,1,3,Lost Customers
63,48,2,2384.8085,6,3,3,12,Champions
64,65,3,2726.352,5,4,3,12,Champions
65,17,2,1408.854,6,3,2,11,Loyal Customers
66,243,3,5064.8065,4,4,5,13,Champions
67,637,2,2397.36,2,3,3,8,Potential Loyalists
68,969,1,1559.33,2,2,2,6,At Risk
69,98,2,2576.4905,5,3,3,11,Loyal Customers
70,31,5,2664.272,6,5,3,14,Champions
71,419,3,3296.544,3,4,4,11,Loyal Customers
72,1459,0,0.0,1,1,1,3,Lost Customers
73,45,6,15013.6465,6,5,5,16,Champions
74,883,1,3312.81,2,2,4,8,Potential Loyalists
75,1459,0,0.0,1,1,1,3,Lost Customers
76,351,1,335.52000000000004,3,2,1,6,At Risk
77,55,1,438.44,6,2,1,9,Loyal Customers
78,411,2,2374.5074999999997,3,3,3,9,Loyal Customers
79,60,3,3921.1485,6,4,4,14,Champions
80,275,2,3443.683,3,3,4,10,Loyal Customers
81,247,2,1348.896,4,3,2,9,Loyal Customers
82,81,3,2565.237,5,4,3,12,Champions
83,306,4,5326.5955,3,5,5,13,Champions
84,9,2,3900.069,6,3,4,13,Champions
85,183,1,2807.0915,4,2,3,9,Loyal Customers
86,372,2,1786.0475000000001,3,3,2,8,Potential Loyalists
87,1459,0,0.0,1,1,1,3,Lost Customers
88,331,4,2407.88,3,5,3,11,Loyal Customers
89,52,6,4099.0865,6,5,4,15,Champions
90,12,3,1950.4715,6,4,2,12,Champions
91,82,2,4644.121499999999,5,3,5,13,Champions
92,142,1,835.5799999999999,4,2,1,7,Potential Loyalists
93,120,4,3690.6465,5,5,4,14,Champions
94,86,6,9890.5425,5,5,5,15,Champions
95,146,5,5478.537,4,5,5,14,Champions
96,275,5,4741.057,3,5,5,13,Champions
97,728,4,5108.909,2,5,5,12,Champions
98,376,1,808.28,3,2,1,6,At Risk
99,769,1,726.578,2,2,1,5,At Risk
100,260,3,3880.641,4,4,4,12,Champions
101,56,4,3710.9120000000003,6,5,4,15,Champions
102,112,2,493.7015,5,3,1,9,Loyal Customers
103,32,1,216.829,6,2,1,9,Loyal Customers
104,132,2,1935.3899999999999,5,3,2,10,Loyal Customers
105,224,4,3462.121,4,5,4,13,Champions
106,1459,0,0.0,1,1,1,3,Lost Customers
107,254,1,-550.053,4,2,1,7,Potential Loyalists
108,185,4,1820.9885,4,5,2,11,Loyal Customers
109,125,2,2538.0265,5,3,3,11,Loyal Customers
110,360,2,2357.0085,3,3,3,9,Loyal Customers
111,130,1,3685.0645,5,2,4,11,Loyal Customers
112,519,3,5012.860500000001,2,4,5,11,Loyal Customers
113,466,2,985.188,3,3,1,7,Potential Loyalists
114,95,2,1264.28,5,3,2,10,Loyal Customers
115,223,2,3695.8869999999997,4,3,4,11,Loyal Customers
116,609,1,1366.46,2,2,2,6,At Risk
117,30,2,814.9169999999999,6,3,1,10,Loyal Customers
118,604,4,4204.427,2,5,4,11,Loyal Customers
119,161,2,1280.6275,4,3,2,9,Loyal Customers
120,533,2,2329.725,2,3,3,8,Potential Loyalists
121,39,4,5428.728,6,5,5,16,Champions
122,452,2,3466.4700000000003,3,3,4,10,Loyal Customers
123,270,5,8045.7,3,5,5,13,Champions
124,219,3,3161.4255000000003,4,4,4,12,Champions
125,164,2,1275.08,4,3,2,9,Loyal Customers
126,483,5,10904.68,2,5,5,12,Champions
127,125,3,1809.5839999999998,5,4,2,11,Loyal Customers
128,1459,2,2905.071,1,3,3,7,Potential Loyalists
129,224,3,114.49300000000011,4,4,1,9,Loyal Customers
130,449,2,2892.9440000000004,3,3,3,9,Loyal Customers
131,41,3,8847.9995,6,4,5,15,Champions
132,164,4,5952.331,4,5,5,14,Champions
133,447,5,5027.4349999999995,3,5,5,13,Champions
134,1039,1,1716.28,2,2,2,6,At Risk
135,300,2,1280.395,3,3,2,8,Potential Loyalists
136,903,1,598.378,2,2,1,5,At Risk
137,172,3,5579.486,4,4,5,13,Champions
138,451,1,932.57,3,2,1,6,At Risk
139,308,2,1750.8709999999999,3,3,2,8,Potential Loyalists
140,338,3,4793.1615,3,4,5,12,Champions
141,498,3,6753.825,2,4,5,11,Loyal Customers
142,37,4,5365.8685,6,5,5,16,Champions
143,1459,0,0.0,1,1,1,3,Lost Customers
144,119,1,493.26750000000004,5,2,1,8,Potential Loyalists
145,48,4,5377.116,6,5,5,16,Champions
146,985,1,311.746,2,2,1,5,At Risk
147,79,2,1770.6934999999999,5,3,2,10,Loyal Customers
148,47,2,618.732,6,3,1,10,Loyal Customers
149,125,3,2277.6215,5,4,3,12,Champions
150,526,2,2342.2725,2,3,3,8,Potential Loyalists
151,336,1,902.9939999999999,3,2,1,6,At Risk
152,36,6,4119.5035,6,5,4,15,Champions
153,816,1,1545.4005,2,2,2,6,At Risk
154,18,4,3276.4919999999997,6,5,4,15,Champions
155,749,2,2877.321,2,3,3,8,Potential Loyalists
156,2,4,2855.6949999999997,6,5,3,14,Champions
157,229,2,1829.83,4,3,2,9,Loyal Customers
158,1459,0,0.0,1,1,1,3,Lost Customers
159,258,2,877.253,4,3,1,8,Potential Loyalists
160,64,4,2785.855,5,5,3,13,Champions
161,107,1,855.2940000000001,5,2,1,8,Potential Loyalists
162,14,4,8142.38,6,5,5,16,Champions
163,438,3,3639.9625,3,4,4,11,Loyal Customers
164,351,3,7236.599,3,4,5,12,Champions
165,183,2,680.835,4,3,1,8,Potential Loyalists
166,185,2,2188.8065,4,3,3,10,Loyal Customers
167,32,4,5629.032,6,5,5,16,Champions
168,181,2,786.088,4,3,1,8,Potential Loyalists
169,583,2,2420.9595,2,3,3,8,Potential Loyalists
170,243,1,697.79,4,2,1,7,Potential Loyalists
171,201,2,722.794,4,3,1,8,Potential Loyalists
172,1459,0,0.0,1,1,1,3,Lost Customers
173,385,1,393.754,3,2,1,6,At Risk
174,1459,0,0.0,1,1,1,3,Lost Customers
175,277,5,7443.32,3,5,5,13,Champions
176,466,3,1673.224,3,4,2,9,Loyal Customers
177,1459,0,0.0,1,1,1,3,Lost Customers
178,95,5,4818.3985,5,5,5,15,Champions
179,28,9,8507.381,6,5,5,16,Champions
180,522,1,967.038,2,2,1,5,At Risk
181,563,1,355.8,2,2,1,5,At Risk
182,59,4,2135.518,6,5,3,14,Champions
183,978,1,919.593,2,2,1,5,At Risk
184,239,2,3138.21,4,3,3,10,Loyal Customers
185,428,2,1694.114,3,3,2,8,Potential Loyalists
186,26,3,2378.4045,6,4,3,13,Champions
187,425,2,3849.7915,3,3,4,10,Loyal Customers
188,583,2,1121.868,2,3,1,6,At Risk
189,218,3,2304.7245000000003,4,4,3,11,Loyal Customers
190,77,4,3435.656,5,5,4,14,Champions
191,430,1,1522.322,3,2,2,7,Potential Loyalists
192,236,2,4140.034,4,3,4,11,Loyal Customers
193,139,2,2027.339,5,3,2,10,Loyal Customers
194,959,1,289.23699999999997,2,2,1,5,At Risk
195,85,5,2703.8134999999997,5,5,3,13,Champions
196,1459,0,0.0,1,1,1,3,Lost Customers
197,445,3,3724.17,3,4,4,11,Loyal Customers
198,456,2,1940.019,3,3,2,8,Potential Loyalists
199,1459,0,0.0,1,1,1,3,Lost Customers
200,3,2,2318.17,6,3,3,12,Champions
201,37,2,1023.592,6,3,1,10,Loyal Customers
202,12,4,5217.375,6,5,5,16,Champions
203,19,2,4684.743,6,3,5,14,Champions
204,1459,2,3943.24875,1,3,4,8,Potential Loyalists
205,44,3,3265.5735,6,4,4,14,Champions
206,149,1,638.37,4,2,1,7,Potential Loyalists
207,221,2,6414.505375000001,4,3,5,12,Champions
208,30,3,1579.4895,6,4,2,12,Champions
209,9,3,4274.2275,6,4,4,14,Champions
210,497,3,2703.669,2,4,3,9,Loyal Customers
211,257,3,5739.472,4,4,5,13,Champions
212,338,4,4012.835,3,5,4,12,Champions
213,180,2,349.06,4,3,1,8,Potential Loyalists
214,187,1,1552.0,4,2,2,8,Potential Loyalists
215,446,3,4789.381,3,4,5,12,Champions
216,38,2,1991.7800000000002,6,3,2,11,Loyal Customers
217,296,1,514.85,3,2,1,6,At Risk
218,610,1,751.6735,2,2,1,5,At Risk
219,256,3,2360.916,4,4,3,11,Loyal Customers
220,515,5,7929.914,2,5,5,12,Champions
221,1021,1,740.18,2,2,1,5,At Risk
222,61,4,2634.1675,5,5,3,13,Champions
223,710,1,206.01000000000002,2,2,1,5,At Risk
224,1459,0,0.0,1,1,1,3,Lost Customers
225,138,2,2357.4165000000003,5,3,3,11,Loyal Customers
226,127,3,3541.052,5,4,4,13,Champions
227,172,1,798.46,4,2,1,7,Potential Loyalists
228,211,5,4578.7395,4,5,5,14,Champions
229,54,8,8852.935625,6,5,5,16,Champions
230,217,3,393.6014999999999,4,4,1,9,Loyal Customers
231,426,2,554.49,3,3,1,7,Potential Loyalists
232,78,3,3657.9825,5,4,4,13,Champions
233,1459,0,0.0,1,1,1,3,Lost Customers
234,745,1,440.12999999999994,2,2,1,5,At Risk
235,316,2,3350.727,3,3,4,10,Loyal Customers
236,499,3,1235.7725,2,4,2,8,Potential Loyalists
237,165,4,4012.9475,4,5,4,13,Champions
238,999,1,970.345,2,2,1,5,At Risk
239,577,2,3762.0805,2,3,4,9,Loyal Customers
240,28,4,8840.787,6,5,5,16,Champions
241,587,1,275.21,2,2,1,5,At Risk
242,183,1,2112.5765,4,2,3,9,Loyal Customers
243,186,4,6376.746,4,5,5,14,Champions
244,44,2,3898.679,6,3,4,13,Champions
245,8,2,1155.1725000000001,6,3,1,10,Loyal Customers
246,65,3,3300.967,5,4,4,13,Champions
247,727,2,838.128,2,3,1,6,At Risk
248,173,3,3327.2419999999997,4,4,4,12,Champions
249,522,3,400.4925,2,4,1,7,Potential Loyalists
250,468,3,3651.4155,3,4,4,11,Loyal Customers
251,26,4,4919.436,6,5,5,16,Champions
252,651,1,621.4639999999999,2,2,1,5,At Risk
253,36,4,2869.17,6,5,3,14,Champions
254,630,4,3153.9900000000002,2,5,4,11,Loyal Customers
255,574,3,3304.0485,2,4,4,10,Loyal Customers
256,169,3,2515.953,4,4,3,11,Loyal Customers
257,252,3,5615.227,4,4,5,13,Champions
258,429,3,2523.58,3,4,3,10,Loyal Customers
259,321,4,1411.5324999999998,3,5,2,10,Loyal Customers
260,41,4,5301.951,6,5,5,16,Champions
261,716,2,1893.001,2,3,2,7,Potential Loyalists
262,1459,0,0.0,1,1,1,3,Lost Customers
263,59,4,3901.3199999999997,6,5,4,15,Champions
264,19,3,5413.5395,6,4,5,15,Champions
265,18,3,3810.4890000000005,6,4,4,14,Champions
266,187,3,3203.93,4,4,4,12,Champions
267,108,3,1203.9415,5,4,2,11,Loyal Customers
268,869,1,329.441,2,2,1,5,At Risk
269,84,5,4094.85,5,5,4,14,Champions
270,1040,2,3663.5550000000003,2,3,4,9,Loyal Customers
271,439,1,737.877,3,2,1,6,At Risk
272,554,2,2826.14,2,3,3,8,Potential Loyalists
273,353,3,3124.6575,3,4,3,10,Loyal Customers
274,7,4,1810.281,6,5,2,13,Champions
275,228,2,3959.268,4,3,4,11,Loyal Customers
276,13,4,11516.446,6,5,5,16,Champions
277,207,4,7247.340000000001,4,5,5,14,Champions
278,334,3,2073.8005,3,4,2,9,Loyal Customers
279,184,2,944.7985,4,3,1,8,Potential Loyalists
280,1459,0,0.0,1,1,1,3,Lost Customers
281,20,2,4900.442,6,3,5,14,Champions
282,46,4,9568.1715,6,5,5,16,Champions
283,100,2,1026.328,5,3,1,9,Loyal Customers
284,3,4,6570.412,6,5,5,16,Champions
285,294,4,5059.821,3,5,5,13,Champions
286,272,4,5195.7025,3,5,5,13,Champions
287,369,2,2060.035,3,3,2,8,Potential Loyalists
288,48,3,2843.438,6,4,3,13,Champions
289,916,1,1087.536,2,2,1,5,At Risk
290,45,2,3230.9855,6,3,4,13,Champions
291,1,2,3327.126,6,3,4,13,Champions
292,160,3,4441.182000000001,4,4,4,12,Champions
293,39,5,4957.705,6,5,5,16,Champions
294,172,1,2957.3799999999997,4,2,3,9,Loyal Customers
295,740,4,6600.992,2,5,5,12,Champions
296,824,3,5238.7695,2,4,5,11,Loyal Customers
297,766,1,-773.71,2,2,1,5,At Risk
298,337,2,4291.3815,3,3,4,10,Loyal Customers
299,193,1,2516.143,4,2,3,9,Loyal Customers
300,41,3,1982.87,6,4,2,12,Champions
301,1459,0,0.0,1,1,1,3,Lost Customers
302,222,3,1782.9450000000002,4,4,2,10,Loyal Customers
303,973,1,346.78,2,2,1,5,At Risk
304,161,2,1596.9099999999999,4,3,2,9,Loyal Customers
305,144,3,1601.158,4,4,2,10,Loyal Customers
306,299,4,7087.793000000001,3,5,5,13,Champions
307,182,5,2074.7145,4,5,2,11,Loyal Customers
308,557,2,4314.4395,2,3,4,9,Loyal Customers
309,4,5,6088.8175,6,5,5,16,Champions
310,34,3,2600.427,6,4,3,13,Champions
311,162,2,3996.165,4,3,4,11,Loyal Customers
312,1073,1,1292.831,2,2,2,6,At Risk
313,56,3,2874.278,6,4,3,13,Champions
314,216,3,3233.88,4,4,4,12,Champions
315,993,1,2225.8455000000004,2,2,3,7,Potential Loyalists
316,44,3,4222.8,6,4,4,14,Champions
317,129,2,589.85,5,3,1,9,Loyal Customers
318,233,2,4266.267,4,3,4,11,Loyal Customers
319,326,3,2869.679,3,4,3,10,Loyal Customers
320,736,1,400.8335,2,2,1,5,At Risk
321,665,1,727.2629999999999,2,2,1,5,At Risk
322,1459,0,0.0,1,1,1,3,Lost Customers
323,1013,1,1317.7855,2,2,2,6,At Risk
324,119,4,1789.727,5,5,2,12,Champions
325,3,8,7429.987999999999,6,5,5,16,Champions
326,230,3,2881.052,4,4,3,11,Loyal Customers
327,761,2,1621.276,2,3,2,7,Potential Loyalists
328,128,3,4299.982,5,4,4,13,Champions
329,463,3,4908.095,3,4,5,12,Champions
330,130,2,5581.147499999999,5,3,5,13,Champions
331,1459,0,0.0,1,1,1,3,Lost Customers
332,273,3,2406.346,3,4,3,10,Loyal Customers
333,1,5,4865.826,6,5,5,16,Champions
334,32,4,2379.84,6,5,3,14,Champions
335,26,3,1298.857,6,4,2,12,Champions
336,190,2,1243.67,4,3,2,9,Loyal Customers
337,29,1,1878.6599999999999,6,2,2,10,Loyal Customers
338,60,1,540.056,6,2,1,9,Loyal Customers
339,236,3,3155.086,4,4,4,12,Champions
340,1085,1,430.39,2,2,1,5,At Risk
341,2,5,5500.5199999999995,6,5,5,16,Champions
342,930,2,839.0799999999999,2,3,1,6,At Risk
343,680,1,1719.498,2,2,2,6,At Risk
344,26,3,1661.4699999999998,6,4,2,12,Champions
345,275,5,4421.9645,3,5,4,12,Champions
346,374,2,1015.0,3,3,1,7,Potential Loyalists
347,317,4,4586.2655,3,5,5,13,Champions
348,943,1,650.2219999999999,2,2,1,5,At Risk
349,108,3,3782.1565,5,4,4,13,Champions
350,238,3,3541.9675,4,4,4,12,Champions
351,40,2,2798.16,6,3,3,12,Champions
352,52,2,3112.122,6,3,3,12,Champions
353,287,3,2800.9655000000002,3,4,3,10,Loyal Customers
354,81,9,11169.271,5,5,5,15,Champions
355,66,4,6666.773,5,5,5,15,Champions
356,333,2,852.4159999999999,3,3,1,7,Potential Loyalists
357,170,2,2269.652,4,3,3,10,Loyal Customers
358,62,2,2488.7400000000002,5,3,3,11,Loyal Customers
359,1459,0,0.0,1,1,1,3,Lost Customers
360,105,4,5877.701,5,5,5,15,Champions
361,875,1,962.51,2,2,1,5,At Risk
362,296,6,9404.919,3,5,5,13,Champions
363,371,3,3701.407,3,4,4,11,Loyal Customers
364,637,2,1781.2399999999998,2,3,2,7,Potential Loyalists
365,32,4,2228.3395,6,5,3,14,Champions
366,339,2,1858.1909999999998,3,3,2,8,Potential Loyalists
367,1022,1,453.006,2,2,1,5,At Risk
368,428,3,1907.3365000000001,3,4,2,9,Loyal Customers
369,1459,0,0.0,1,1,1,3,Lost Customers
370,63,5,4460.3895,5,5,4,14,Champions
371,386,1,986.3038750000001,3,2,1,6,At Risk
372,1459,0,0.0,1,1,1,3,Lost Customers
373,70,4,4232.51,5,5,4,14,Champions
374,584,1,57.85,2,2,1,5,At Risk
375,171,4,1558.354,4,5,2,11,Loyal Customers
376,982,1,1512.03,2,2,2,6,At Risk
377,1459,0,0.0,1,1,1,3,Lost Customers
378,1459,0,0.0,1,1,1,3,Lost Customers
379,21,1,1716.31,6,2,2,10,Loyal Customers
380,518,1,599.32,2,2,1,5,At Risk
381,711,2,2004.087,2,3,2,7,Potential Loyalists
382,247,3,3336.868,4,4,4,12,Champions
383,18,5,2555.665,6,5,3,14,Champions
384,22,4,5276.45,6,5,5,16,Champions
385,75,4,2361.2619999999997,5,5,3,13,Champions
386,946,1,510.705,2,2,1,5,At Risk
387,57,4,3434.5125,6,5,4,15,Champions
388,843,2,896.4075,2,3,1,6,At Risk
389,68,3,1715.531,5,4,2,11,Loyal Customers
390,475,4,4172.1615,2,5,4,11,Loyal Customers
391,54,3,2557.2960000000003,6,4,3,13,Champions
392,789,2,4296.8615,2,3,4,9,Loyal Customers
393,482,3,1389.9235,2,4,2,8,Potential Loyalists
394,382,1,1948.78,3,2,2,7,Potential Loyalists
395,1459,0,0.0,1,1,1,3,Lost Customers
396,267,5,2761.447,4,5,3,12,Champions
397,112,1,1598.1899999999998,5,2,2,9,Loyal Customers
398,130,3,1990.5469999999998,5,4,2,11,Loyal Customers
399,112,1,2005.188,5,2,2,9,Loyal Customers
400,230,5,5474.891,4,5,5,14,Champions
401,452,1,1277.44,3,2,2,7,Potential Loyalists
402,161,2,946.96,4,3,1,8,Potential Loyalists
403,203,2,1953.747,4,3,2,9,Loyal Customers
404,114,2,2864.27,5,3,3,11,Loyal Customers
405,88,5,4798.8585,5,5,5,15,Champions
406,325,3,2750.9339999999997,3,4,3,10,Loyal Customers
407,81,3,2896.67,5,4,3,12,Champions
408,240,2,2787.1285,4,3,3,10,Loyal Customers
409,182,3,2505.034,4,4,3,11,Loyal Customers
410,1459,2,3897.3275,1,3,4,8,Potential Loyalists
411,82,3,2064.322,5,4,2,11,Loyal Customers
412,43,3,2159.272,6,4,3,13,Champions
413,153,5,5108.6545,4,5,5,14,Champions
414,431,2,1963.8325,3,3,2,8,Potential Loyalists
415,1459,0,0.0,1,1,1,3,Lost Customers
416,408,3,3308.7015,3,4,4,11,Loyal Customers
417,74,4,3315.232,5,5,4,14,Champions
418,1459,0,0.0,1,1,1,3,Lost Customers
419,107,1,1426.6060000000002,5,2,2,9,Loyal Customers
420,38,4,5150.894,6,5,5,16,Champions
421,227,4,1985.4615,4,5,2,11,Loyal Customers
422,365,2,1667.239,3,3,2,8,Potential Loyalists
423,784,1,2832.109625,2,2,3,7,Potential Loyalists
424,744,1,464.10299999999995,2,2,1,5,At Risk
425,264,2,2409.046,4,3,3,10,Loyal Customers
426,73,4,5731.747,5,5,5,15,Champions
427,46,3,1422.762,6,4,2,12,Champions
428,1459,0,0.0,1,1,1,3,Lost Customers
429,331,3,3631.12,3,4,4,11,Loyal Customers
430,291,3,3568.853,3,4,4,11,Loyal Customers
431,232,2,2503.007,4,3,3,10,Loyal Customers
432,21,7,4464.466,6,5,4,15,Champions
433,1459,0,0.0,1,1,1,3,Lost Customers
434,153,1,919.5085,4,2,1,7,Potential Loyalists
435,1459,0,0.0,1,1,1,3,Lost Customers
436,180,2,4645.973,4,3,5,12,Champions
437,155,3,3348.264,4,4,4,12,Champions
438,83,2,691.4465000000001,5,3,1,9,Loyal Customers
439,394,2,4575.6515,3,3,5,11,Loyal Customers
440,532,1,1544.466,2,2,2,6,At Risk
441,440,6,4625.993,3,5,5,13,Champions
442,22,4,3632.686,6,5,4,15,Champions
443,159,3,4080.3684999999996,4,4,4,12,Champions
444,42,3,1144.4075,6,4,1,11,Loyal Customers
445,221,2,1146.8004999999998,4,3,1,8,Potential Loyalists
446,234,2,1900.756,4,3,2,9,Loyal Customers
447,341,3,3290.999,3,4,4,11,Loyal Customers
448,96,5,6907.6835,5,5,5,15,Champions
449,84,4,5304.5755,5,5,5,15,Champions
450,72,2,3158.636,5,3,4,12,Champions
451,176,2,2190.148,4,3,3,10,Loyal Customers
452,814,2,1369.1775,2,3,2,7,Potential Loyalists
453,244,3,3195.9865,4,4,4,12,Champions
454,151,4,4934.116,4,5,5,14,Champions
455,1459,0,0.0,1,1,1,3,Lost Customers
456,186,1,148.68,4,2,1,7,Potential Loyalists
457,270,1,669.1800000000001,3,2,1,6,At Risk
458,789,1,22.600499999999997,2,2,1,5,At Risk
459,245,3,4867.496499999999,4,4,5,13,Champions
460,925,1,2872.957,2,2,3,7,Potential Loyalists
461,250,3,4199.034,4,4,4,12,Champions
462,146,3,4642.833,4,4,5,13,Champions
463,207,3,828.1339999999999,4,4,1,9,Loyal Customers
464,287,1,723.46,3,2,1,6,At Risk
465,92,2,1993.0865,5,3,2,10,Loyal Customers
466,50,6,2540.585,6,5,3,14,Champions
467,1459,0,0.0,1,1,1,3,Lost Customers
468,56,2,2083.3685,6,3,2,11,Loyal Customers
469,17,5,4180.5375,6,5,4,15,Champions
470,17,1,62.7,6,2,1,9,Loyal Customers
471,64,4,3657.336,5,5,4,14,Champions
472,105,3,1275.1685,5,4,2,11,Loyal Customers
473,117,3,3016.772,5,4,3,12,Champions
474,584,2,3009.5438750000003,2,3,3,8,Potential Loyalists
475,44,5,4589.1135,6,5,5,16,Champions
476,1459,0,0.0,1,1,1,3,Lost Customers
477,30,4,1443.9894999999997,6,5,2,13,Champions
478,415,4,2787.8255,3,5,3,11,Loyal Customers
479,100,1,992.3275,5,2,1,8,Potential Loyalists
480,57,2,1744.3964999999998,6,3,2,11,Loyal Customers
481,881,1,475.44,2,2,1,5,At Risk
482,70,6,7532.6025,5,5,5,15,Champions
483,71,4,3307.172,5,5,4,14,Champions
484,293,2,3661.402,3,3,4,10,Loyal Customers
485,174,2,1588.8685,4,3,2,9,Loyal Customers
486,557,4,1971.5280000000002,2,5,2,9,Loyal Customers
487,3,3,2870.568,6,4,3,13,Champions
488,286,3,1581.211,3,4,2,9,Loyal Customers
489,77,2,1095.7160000000001,5,3,1,9,Loyal Customers
490,292,2,864.9845,3,3,1,7,Potential Loyalists
491,27,2,1241.553,6,3,2,11,Loyal Customers
492,372,1,1316.68,3,2,2,7,Potential Loyalists
493,141,2,496.304,4,3,1,8,Potential Loyalists
494,9,4,2872.3635,6,5,3,14,Champions
495,616,3,3625.924,2,4,4,10,Loyal Customers
496,321,2,1818.0765000000001,3,3,2,8,Potential Loyalists
497,701,2,700.06,2,3,1,6,At Risk
498,45,3,2718.2975,6,4,3,13,Champions
499,1459,0,0.0,1,1,1,3,Lost Customers
500,23,3,3423.1035,6,4,4,14,Champions
501,343,3,2842.57,3,4,3,10,Loyal Customers
502,699,1,82.62,2,2,1,5,At Risk
503,775,1,-247.06,2,2,1,5,At Risk
504,195,5,5336.644,4,5,5,14,Champions
505,111,2,1215.884,5,3,2,10,Loyal Customers
506,190,3,4865.5985,4,4,5,13,Champions
507,390,1,286.08,3,2,1,6,At Risk
508,53,1,226.692,6,2,1,9,Loyal Customers
509,1003,1,25.36200000000005,2,2,1,5,At Risk
510,241,3,578.8039999999999,4,4,1,9,Loyal Customers
511,128,2,2330.545,5,3,3,11,Loyal Customers
512,217,2,2948.531,4,3,3,10,Loyal Customers
513,323,3,4226.525,3,4,4,11,Loyal Customers
514,530,3,935.1395,2,4,1,7,Potential Loyalists
515,47,2,1143.8355,6,3,1,10,Loyal Customers
516,280,3,1467.28,3,4,2,9,Loyal Customers
517,23,2,1316.6395000000002,6,3,2,11,Loyal Customers
518,54,2,3450.6215,6,3,4,13,Champions
519,549,3,7039.569875,2,4,5,11,Loyal Customers
520,109,2,862.766,5,3,1,9,Loyal Customers
521,181,3,5117.1179999999995,4,4,5,13,Champions
522,590,2,1283.0956250000002,2,3,2,7,Potential Loyalists
523,390,3,2095.174,3,4,3,10,Loyal Customers
524,416,2,1369.8894999999998,3,3,2,8,Potential Loyalists
525,199,3,2634.042,4,4,3,11,Loyal Customers
526,349,2,2342.2485,3,3,3,9,Loyal Customers
527,501,3,875.1479999999999,2,4,1,7,Potential Loyalists
528,40,7,6516.228,6,5,5,16,Champions
529,14,3,4438.6995,6,4,4,14,Champions
530,7,3,2858.8445,6,4,3,13,Champions
531,408,3,5176.8695,3,4,5,12,Champions
532,30,10,8703.432,6,5,5,16,Champions
533,474,1,372.8,2,2,1,5,At Risk
534,685,2,1275.953,2,3,2,7,Potential Loyalists
535,175,2,484.47200000000004,4,3,1,8,Potential Loyalists
536,690,1,150.1,2,2,1,5,At Risk
537,331,1,1065.24,3,2,1,6,At Risk
538,128,2,1756.3984999999998,5,3,2,10,Loyal Customers
539,344,2,1547.969,3,3,2,8,Potential Loyalists
540,294,4,3587.185,3,5,4,12,Champions
541,34,3,3390.24,6,4,4,14,Champions
542,950,1,1161.4245,2,2,2,6,At Risk
543,63,2,1409.83,5,3,2,10,Loyal Customers
544,247,2,1264.6205,4,3,2,9,Loyal Customers
545,65,2,2225.1144999999997,5,3,3,11,Loyal Customers
546,1045,2,1345.318,2,3,2,7,Potential Loyalists
547,1459,0,0.0,1,1,1,3,Lost Customers
548,58,3,2924.859,6,4,3,13,Champions
549,90,2,1834.77,5,3,2,10,Loyal Customers
550,43,2,1243.65,6,3,2,11,Loyal Customers
551,297,4,4334.386,3,5,4,12,Champions
552,757,4,4284.075,2,5,4,11,Loyal Customers
553,216,2,3146.401,4,3,4,11,Loyal Customers
554,1459,0,0.0,1,1,1,3,Lost Customers
555,83,2,3248.671,5,3,4,12,Champions
556,267,5,8006.933999999999,4,5,5,14,Champions
557,143,3,1690.128,4,4,2,10,Loyal Customers
558,262,2,6016.5125,4,3,5,12,Champions
559,191,1,-187.8,4,2,1,7,Potential Loyalists
560,282,2,119.238,3,3,1,7,Potential Loyalists
561,6,4,6869.705,6,5,5,16,Champions
562,152,2,1976.7585,4,3,2,9,Loyal Customers
563,101,3,1379.2845000000002,5,4,2,11,Loyal Customers
564,474,3,1813.01,2,4,2,8,Potential Loyalists
565,274,1,3158.2045,3,2,4,9,Loyal Customers
566,753,2,5160.110000000001,2,3,5,10,Loyal Customers
567,614,2,1108.554,2,3,1,6,At Risk
568,47,3,973.2625,6,4,1,11,Loyal Customers
569,160,3,2593.7129999999997,4,4,3,11,Loyal Customers
570,527,2,4913.347,2,3,5,10,Loyal Customers
571,261,5,4245.3855,4,5,4,13,Champions
572,242,4,4767.945,4,5,5,14,Champions
573,49,4,7708.2029999999995,6,5,5,16,Champions
574,599,5,8110.5644999999995,2,5,5,12,Champions
575,213,3,3065.284,4,4,3,11,Loyal Customers
576,9,5,7485.7305,6,5,5,16,Champions
577,133,7,9165.578125,5,5,5,15,Champions
578,36,2,3481.1125,6,3,4,13,Champions
579,70,4,4848.421,5,5,5,15,Champions
580,77,3,4181.4605,5,4,4,13,Champions
581,230,5,7202.8045,4,5,5,14,Champions
582,476,3,1163.54,2,4,2,8,Potential Loyalists
583,144,5,2550.8959999999997,4,5,3,12,Champions
584,388,3,2410.077,3,4,3,10,Loyal Customers
585,522,1,89.43,2,2,1,5,At Risk
586,1459,2,1962.093,1,3,2,6,At Risk
587,1081,2,669.5459999999999,2,3,1,6,At Risk
588,459,3,3414.789,3,4,4,11,Loyal Customers
589,168,2,2019.165,4,3,2,9,Loyal Customers
590,480,2,771.37,2,3,1,6,At Risk
591,240,3,3626.277,4,4,4,12,Champions
592,1459,0,0.0,1,1,1,3,Lost Customers
593,634,1,171.2,2,2,1,5,At Risk
594,284,2,2617.2349999999997,3,3,3,9,Loyal Customers
595,136,3,3994.224,5,4,4,13,Champions
596,1459,0,0.0,1,1,1,3,Lost Customers
597,38,6,4774.994,6,5,5,16,Champions
598,701,1,2579.9075,2,2,3,7,Potential Loyalists
599,1028,1,110.42,2,2,1,5,At Risk
600,1459,0,0.0,1,1,1,3,Lost Customers
601,38,2,4316.2615000000005,6,3,4,13,Champions
602,419,2,1404.8775,3,3,2,8,Potential Loyalists
603,108,3,2823.9700000000003,5,4,3,12,Champions
604,67,4,6466.162499999999,5,5,5,15,Champions
605,75,4,3566.55,5,5,4,14,Champions
606,65,2,1982.0294999999999,5,3,2,10,Loyal Customers
607,36,3,2819.443,6,4,3,13,Champions
608,159,3,5868.853,4,4,5,13,Champions
609,1459,0,0.0,1,1,1,3,Lost Customers
610,143,1,902.079,4,2,1,7,Potential Loyalists
611,5,3,10322.484,6,4,5,15,Champions
612,169,2,2889.317,4,3,3,10,Loyal Customers
613,128,4,7072.66925,5,5,5,15,Champions
614,78,1,2172.885,5,2,3,10,Loyal Customers
615,735,1,3432.795,2,2,4,8,Potential Loyalists
616,1459,0,0.0,1,1,1,3,Lost Customers
617,46,6,6513.0565,6,5,5,16,Champions
618,14,3,1951.7815,6,4,2,12,Champions
619,406,3,6444.031500000001,3,4,5,12,Champions
620,201,1,977.6890000000001,4,2,1,7,Potential Loyalists
621,41,2,1429.4470000000001,6,3,2,11,Loyal Customers
622,332,3,1990.6465,3,4,2,9,Loyal Customers
623,1459,0,0.0,1,1,1,3,Lost Customers
624,67,7,3679.9004999999997,5,5,4,14,Champions
625,196,2,1597.6545,4,3,2,9,Loyal Customers
626,77,3,2521.3134999999997,5,4,3,12,Champions
627,116,2,2588.2099999999996,5,3,3,11,Loyal Customers
628,721,3,1876.028,2,4,2,8,Potential Loyalists
629,154,5,4597.121,4,5,5,14,Champions
630,92,1,470.98,5,2,1,8,Potential Loyalists
631,15,2,1801.24,6,3,2,11,Loyal Customers
632,5,5,4164.0935,6,5,4,15,Champions
633,431,1,3126.1645,3,2,3,8,Potential Loyalists
634,127,7,8187.43,5,5,5,15,Champions
635,439,4,1812.969,3,5,2,10,Loyal Customers
636,532,1,396.98,2,2,1,5,At Risk
637,238,1,652.5074999999999,4,2,1,7,Potential Loyalists
638,312,1,760.13,3,2,1,6,At Risk
639,124,1,376.31,5,2,1,8,Potential Loyalists
640,267,1,712.74,4,2,1,7,Potential Loyalists
641,93,5,6047.6685,5,5,5,15,Champions
642,709,1,2010.1915000000001,2,2,2,6,At Risk
643,317,2,1420.292,3,3,2,8,Potential Loyalists
644,102,5,4709.46,5,5,5,15,Champions
645,220,5,3429.9705,4,5,4,13,Champions
646,228,3,1887.526,4,4,2,10,Loyal Customers
647,855,2,797.3420000000001,2,3,1,6,At Risk
648,183,4,1331.877,4,5,2,11,Loyal Customers
649,626,4,2861.0344999999998,2,5,3,10,Loyal Customers
650,77,3,3961.019,5,4,4,13,Champions
651,1459,0,0.0,1,1,1,3,Lost Customers
652,841,1,514.73,2,2,1,5,At Risk
653,177,3,1743.2885,4,4,2,10,Loyal Customers
654,7,3,4237.712500000001,6,4,4,14,Champions
655,91,4,3139.621,5,5,4,14,Champions
656,52,7,6804.711,6,5,5,16,Champions
657,161,3,5389.3085,4,4,5,13,Champions
658,94,4,2981.429,5,5,3,13,Champions
659,1459,0,0.0,1,1,1,3,Lost Customers
660,336,2,2607.772,3,3,3,9,Loyal Customers
661,308,2,4793.643,3,3,5,11,Loyal Customers
662,773,1,1583.9,2,2,2,6,At Risk
663,44,2,1685.203,6,3,2,11,Loyal Customers
664,1459,0,0.0,1,1,1,3,Lost Customers
665,47,4,4884.4555,6,5,5,16,Champions
666,1459,0,0.0,1,1,1,3,Lost Customers
667,127,1,797.13,5,2,1,8,Potential Loyalists
668,608,1,2406.9449999999997,2,2,3,7,Potential Loyalists
669,819,1,1854.4950000000001,2,2,2,6,At Risk
670,273,2,1294.4560000000001,3,3,2,8,Potential Loyalists
671,316,4,4102.12,3,5,4,12,Champions
672,476,1,902.592,2,2,1,5,At Risk
673,329,4,2209.9545,3,5,3,11,Loyal Customers
674,118,2,2760.7855000000004,5,3,3,11,Loyal Customers
675,210,3,3507.9465,4,4,4,12,Champions
676,1459,0,0.0,1,1,1,3,Lost Customers
677,368,3,2529.872,3,4,3,10,Loyal Customers
678,481,1,3243.6596250000002,2,2,4,8,Potential Loyalists
679,615,1,1117.994,2,2,1,5,At Risk
680,80,3,1263.6440000000002,5,4,2,11,Loyal Customers
681,501,2,2474.0455,2,3,3,8,Potential Loyalists
682,528,3,1798.1215000000002,2,4,2,8,Potential Loyalists
683,570,2,1750.136,2,3,2,7,Potential Loyalists
684,184,3,2772.753,4,4,3,11,Loyal Customers
685,247,2,3693.6085,4,3,4,11,Loyal Customers
686,13,5,7114.883,6,5,5,16,Champions
687,112,4,2701.266,5,5,3,13,Champions
688,217,3,1526.8115,4,4,2,10,Loyal Customers
689,479,2,6078.9865,2,3,5,10,Loyal Customers
690,150,1,1777.9275,4,2,2,8,Potential Loyalists
691,110,7,10676.762999999999,5,5,5,15,Champions
692,270,1,1408.27,3,2,2,7,Potential Loyalists
693,67,3,2189.638,5,4,3,12,Champions
694,91,2,1468.2,5,3,2,10,Loyal Customers
695,1459,0,0.0,1,1,1,3,Lost Customers
696,516,3,3864.9485000000004,2,4,4,10,Loyal Customers
697,133,2,2588.5245,5,3,3,11,Loyal Customers
698,865,1,624.1865,2,2,1,5,At Risk
699,223,4,3449.8235,4,5,4,13,Champions
700,68,1,646.649,5,2,1,8,Potential Loyalists
701,75,2,-198.05450000000008,5,3,1,9,Loyal Customers
702,102,4,3154.2595,5,5,4,14,Champions
703,127,5,3550.5985,5,5,4,14,Champions
704,43,4,3346.7234999999996,6,5,4,15,Champions
705,748,3,3741.678,2,4,4,10,Loyal Customers
706,2,4,3305.805,6,5,4,15,Champions
707,1459,0,0.0,1,1,1,3,Lost Customers
708,2,6,5649.2855,6,5,5,16,Champions
709,957,1,1906.3860000000004,2,2,2,6,At Risk
710,22,3,2320.0045,6,4,3,13,Champions
711,740,1,478.17299999999994,2,2,1,5,At Risk
712,621,1,1218.833,2,2,2,6,At Risk
713,1064,1,1670.8400000000001,2,2,2,6,At Risk
714,116,3,1414.7220000000002,5,4,2,11,Loyal Customers
715,62,4,3497.3575,5,5,4,14,Champions
716,352,3,3996.521,3,4,4,11,Loyal Customers
717,129,3,2999.4004999999997,5,4,3,12,Champions
718,108,2,3259.511,5,3,4,12,Champions
719,320,2,2243.4055,3,3,3,9,Loyal Customers
720,325,3,3072.34,3,4,3,10,Loyal Customers
721,365,2,2815.312,3,3,3,9,Loyal Customers
722,190,4,2189.094,4,5,3,12,Champions
723,42,2,2171.5665,6,3,3,12,Champions
724,315,3,1632.192,3,4,2,9,Loyal Customers
725,254,2,4516.3475,4,3,4,11,Loyal Customers
726,23,6,10041.0495,6,5,5,16,Champions
727,69,4,7554.973,5,5,5,15,Champions
728,218,2,1118.789,4,3,1,8,Potential Loyalists
729,177,5,5030.8545,4,5,5,14,Champions
730,16,2,2161.346,6,3,3,12,Champions
731,236,2,2625.333,4,3,3,10,Loyal Customers
732,26,2,2221.2999999999997,6,3,3,12,Champions
733,20,6,6927.4355000000005,6,5,5,16,Champions
734,91,2,4852.29,5,3,5,13,Champions
735,1459,0,0.0,1,1,1,3,Lost Customers
736,12,5,5438.454,6,5,5,16,Champions
737,357,3,3269.675,3,4,4,11,Loyal Customers
738,395,1,292.173,3,2,1,6,At Risk
739,601,1,1335.13,2,2,2,6,At Risk
740,79,5,4551.2164999999995,5,5,5,15,Champions
741,171,3,2973.5515,4,4,3,11,Loyal Customers
742,576,3,1477.7599999999998,2,4,2,8,Potential Loyalists
743,184,3,1444.2665,4,4,2,10,Loyal Customers
744,1087,1,667.54,2,2,1,5,At Risk
745,62,1,1432.75,5,2,2,9,Loyal Customers
746,201,1,61.15,4,2,1,7,Potential Loyalists
747,286,2,3008.6265,3,3,3,9,Loyal Customers
748,1459,0,0.0,1,1,1,3,Lost Customers
749,58,3,2567.6335,6,4,3,13,Champions
750,389,2,2705.95,3,3,3,9,Loyal Customers
751,1459,0,0.0,1,1,1,3,Lost Customers
752,28,5,2757.7835,6,5,3,14,Champions
753,178,3,1425.7175,4,4,2,10,Loyal Customers
754,1459,0,0.0,1,1,1,3,Lost Customers
755,359,1,2392.7895,3,2,3,8,Potential Loyalists
756,18,3,3509.63,6,4,4,14,Champions
757,365,1,43.128,3,2,1,6,At Risk
758,479,1,1397.881,2,2,2,6,At Risk
759,1459,0,0.0,1,1,1,3,Lost Customers
760,90,5,8849.9805,5,5,5,15,Champions
761,146,6,7781.8305,4,5,5,14,Champions
762,110,6,6025.67,5,5,5,15,Champions
763,122,2,1582.3039999999999,5,3,2,10,Loyal Customers
764,300,4,3658.138,3,5,4,12,Champions
765,526,4,1315.05,2,5,2,9,Loyal Customers
766,1459,0,0.0,1,1,1,3,Lost Customers
767,5,3,3251.2335,6,4,4,14,Champions
768,317,3,2658.5325000000003,3,4,3,10,Loyal Customers
769,786,1,1713.6779999999999,2,2,2,6,At Risk
770,189,2,1062.92,4,3,1,8,Potential Loyalists
771,301,2,1563.5814999999998,3,3,2,8,Potential Loyalists
772,124,2,2923.1040000000003,5,3,3,11,Loyal Customers
773,297,5,5241.078,3,5,5,13,Champions
774,252,3,3275.8705,4,4,4,12,Champions
775,3,4,4050.726,6,5,4,15,Champions
776,135,1,887.08,5,2,1,8,Potential Loyalists
777,401,1,1678.68,3,2,2,7,Potential Loyalists
778,223,2,1415.1580000000001,4,3,2,9,Loyal Customers
779,4,2,3092.1385,6,3,3,12,Champions
780,1459,0,0.0,1,1,1,3,Lost Customers
781,24,1,972.6129999999999,6,2,1,9,Loyal Customers
782,456,1,1626.828,3,2,2,7,Potential Loyalists
783,114,4,4023.3644999999997,5,5,4,14,Champions
784,1459,0,0.0,1,1,1,3,Lost Customers
785,719,2,4558.2435000000005,2,3,5,10,Loyal Customers
786,123,3,3938.43,5,4,4,13,Champions
787,3,3,5328.433,6,4,5,15,Champions
788,68,3,3888.21,5,4,4,13,Champions
789,320,2,5544.53,3,3,5,11,Loyal Customers
790,160,4,4277.0425,4,5,4,13,Champions
791,571,1,2786.205,2,2,3,7,Potential Loyalists
792,342,3,1991.298,3,4,2,9,Loyal Customers
793,255,5,3936.1545,4,5,4,13,Champions
794,31,3,4017.2905,6,4,4,14,Champions
795,183,3,3442.4535,4,4,4,12,Champions
796,152,3,2674.078,4,4,3,11,Loyal Customers
797,50,5,3719.023,6,5,4,15,Champions
798,255,2,2365.768,4,3,3,10,Loyal Customers
799,384,2,893.8275,3,3,1,7,Potential Loyalists
800,161,2,3026.251,4,3,3,10,Loyal Customers
801,310,1,2112.1655,3,2,3,8,Potential Loyalists
802,93,2,659.5985,5,3,1,9,Loyal Customers
803,880,1,422.024,2,2,1,5,At Risk
804,986,1,211.242,2,2,1,5,At Risk
805,21,4,6114.31225,6,5,5,16,Champions
806,630,2,1979.9415,2,3,2,7,Potential Loyalists
807,107,3,6659.954,5,4,5,14,Champions
808,543,1,1029.46,2,2,1,5,At Risk
809,113,3,2572.972,5,4,3,12,Champions
810,62,4,2151.857,5,5,3,13,Champions
811,162,3,4211.845,4,4,4,12,Champions
812,603,2,4642.988,2,3,5,10,Loyal Customers
813,227,3,5002.414,4,4,5,13,Champions
814,267,1,445.65,4,2,1,7,Potential Loyalists
815,1459,0,0.0,1,1,1,3,Lost Customers
816,441,5,2558.656,3,5,3,11,Loyal Customers
817,27,7,3927.107,6,5,4,15,Champions
818,1459,0,0.0,1,1,1,3,Lost Customers
819,3,3,2578.6270000000004,6,4,3,13,Champions
820,153,3,6718.404500000001,4,4,5,13,Champions
821,44,3,4056.09,6,4,4,14,Champions
822,434,2,3105.688,3,3,3,9,Loyal Customers
823,247,1,218.79,4,2,1,7,Potential Loyalists
824,686,5,4291.111625,2,5,4,11,Loyal Customers
825,464,2,635.398,3,3,1,7,Potential Loyalists
826,599,2,4398.129,2,3,4,9,Loyal Customers
827,1459,0,0.0,1,1,1,3,Lost Customers
828,372,2,1092.41,3,3,1,7,Potential Loyalists
829,5,5,3295.83,6,5,4,15,Champions
830,8,4,3564.258,6,5,4,15,Champions
831,602,2,1169.025,2,3,2,7,Potential Loyalists
832,54,3,954.4269999999999,6,4,1,11,Loyal Customers
833,525,3,2532.941,2,4,3,9,Loyal Customers
834,341,2,2869.13,3,3,3,9,Loyal Customers
835,66,5,8400.991375,5,5,5,15,Champions
836,1459,0,0.0,1,1,1,3,Lost Customers
837,156,4,2845.5615,4,5,3,12,Champions
838,512,4,4680.7185,2,5,5,12,Champions
839,277,3,4032.6185,3,4,4,11,Loyal Customers
840,223,1,1477.682,4,2,2,8,Potential Loyalists
841,460,2,693.111,3,3,1,7,Potential Loyalists
842,224,1,2402.5,4,2,3,9,Loyal Customers
843,1459,0,0.0,1,1,1,3,Lost Customers
844,347,3,2631.88,3,4,3,10,Loyal Customers
845,356,3,4326.684,3,4,4,11,Loyal Customers
846,711,2,773.1395,2,3,1,6,At Risk
847,583,1,1864.4310000000003,2,2,2,6,At Risk
848,689,1,2038.674,2,2,2,6,At Risk
849,353,2,3219.24,3,3,4,10,Loyal Customers
850,1459,0,0.0,1,1,1,3,Lost Customers
851,116,2,804.467,5,3,1,9,Loyal Customers
852,151,6,2893.57,4,5,3,12,Champions
853,476,2,5053.165,2,3,5,10,Loyal Customers
854,619,2,821.95,2,3,1,6,At Risk
855,297,4,6404.4175,3,5,5,13,Champions
856,654,3,6604.2595,2,4,5,11,Loyal Customers
857,980,1,1813.9555,2,2,2,6,At Risk
858,301,3,579.656,3,4,1,8,Potential Loyalists
859,745,2,2216.623,2,3,3,8,Potential Loyalists
860,284,2,3552.424,3,3,4,10,Loyal Customers
861,16,4,5702.913500000001,6,5,5,16,Champions
862,207,5,4790.268,4,5,5,14,Champions
863,571,3,1561.6985,2,4,2,8,Potential Loyalists
864,103,3,3364.2165,5,4,4,13,Champions
865,108,2,1492.6499999999999,5,3,2,10,Loyal Customers
866,503,3,3341.195,2,4,4,10,Loyal Customers
867,771,1,580.091,2,2,1,5,At Risk
868,254,4,5115.811,4,5,5,14,Champions
869,89,4,4071.1725000000006,5,5,4,14,Champions
870,159,2,1505.786,4,3,2,9,Loyal Customers
871,628,2,2038.879,2,3,2,7,Potential Loyalists
872,310,4,5731.3205,3,5,5,13,Champions
873,441,3,2138.412,3,4,3,10,Loyal Customers
874,175,2,2414.714,4,3,3,10,Loyal Customers
875,1071,1,1513.2900000000002,2,2,2,6,At Risk
876,107,2,2265.31125,5,3,3,11,Loyal Customers
877,252,2,2287.562,4,3,3,10,Loyal Customers
878,429,2,1439.7714999999998,3,3,2,8,Potential Loyalists
879,1459,0,0.0,1,1,1,3,Lost Customers
880,164,5,4259.839,4,5,4,13,Champions
881,273,4,2353.491,3,5,3,11,Loyal Customers
882,67,4,4017.7735000000002,5,5,4,14,Champions
883,100,5,5635.0155,5,5,5,15,Champions
884,62,1,548.49,5,2,1,8,Potential Loyalists
885,406,3,9610.051,3,4,5,12,Champions
886,632,1,10.242,2,2,1,5,At Risk
887,945,2,1488.237,2,3,2,7,Potential Loyalists
888,1,4,4269.385499999999,6,5,4,15,Champions
889,9,6,4547.718,6,5,5,16,Champions
890,118,5,7138.625,5,5,5,15,Champions
891,716,3,4184.7035,2,4,4,10,Loyal Customers
892,207,3,1360.26,4,4,2,10,Loyal Customers
893,1459,0,0.0,1,1,1,3,Lost Customers
894,382,1,754.14,3,2,1,6,At Risk
895,111,3,2698.7895,5,4,3,12,Champions
896,8,1,1957.9159999999997,6,2,2,10,Loyal Customers
897,201,6,8387.686,4,5,5,14,Champions
898,159,10,10415.439999999999,4,5,5,14,Champions
899,110,3,3177.6684999999998,5,4,4,13,Champions
900,86,1,1190.444,5,2,2,9,Loyal Customers
901,470,2,1995.024,2,3,2,7,Potential Loyalists
902,479,1,970.97,2,2,1,5,At Risk
903,129,3,-19.272999999999982,5,4,1,10,Loyal Customers
904,521,3,2964.347,2,4,3,9,Loyal Customers
905,687,1,1218.33,2,2,2,6,At Risk
906,172,5,4310.0178750000005,4,5,4,13,Champions
907,169,3,1150.7115,4,4,1,9,Loyal Customers
908,641,3,4703.4685,2,4,5,11,Loyal Customers
909,14,2,2660.3199999999997,6,3,3,12,Champions
910,520,1,842.51,2,2,1,5,At Risk
911,1459,0,0.0,1,1,1,3,Lost Customers
912,50,4,4806.9775,6,5,5,16,Champions
913,95,4,4082.2355,5,5,4,14,Champions
914,255,1,1037.413,4,2,1,7,Potential Loyalists
915,156,6,6082.0005,4,5,5,14,Champions
916,63,6,7046.74875,5,5,5,15,Champions
917,500,3,3684.5375,2,4,4,10,Loyal Customers
918,437,3,4962.088,3,4,5,12,Champions
919,237,5,3321.5565,4,5,4,13,Champions
920,31,3,5510.366,6,4,5,15,Champions
921,16,8,6806.5315,6,5,5,16,Champions
922,263,3,2923.5209999999997,4,4,3,11,Loyal Customers
923,138,2,3418.035,5,3,4,12,Champions
924,647,1,692.2205,2,2,1,5,At Risk
925,40,3,3200.4390000000003,6,4,4,14,Champions
926,289,1,-667.8875,3,2,1,6,At Risk
927,707,1,417.1545,2,2,1,5,At Risk
928,82,1,39.56,5,2,1,8,Potential Loyalists
929,357,2,648.675,3,3,1,7,Potential Loyalists
930,301,4,7060.53,3,5,5,13,Champions
931,158,2,2412.2304999999997,4,3,3,10,Loyal Customers
932,45,2,2390.014,6,3,3,12,Champions
933,188,4,6496.287,4,5,5,14,Champions
934,376,3,1302.767,3,4,2,9,Loyal Customers
935,296,2,2030.9025,3,3,2,8,Potential Loyalists
936,34,2,526.292,6,3,1,10,Loyal Customers
937,216,3,2927.07,4,4,3,11,Loyal Customers
938,115,4,5940.283,5,5,5,15,Champions
939,1459,0,0.0,1,1,1,3,Lost Customers
940,1459,0,0.0,1,1,1,3,Lost Customers
941,101,3,1545.522,5,4,2,11,Loyal Customers
942,855,1,-550.0,2,2,1,5,At Risk
943,158,6,7328.818,4,5,5,14,Champions
944,144,1,467.51,4,2,1,7,Potential Loyalists
945,81,3,5272.474,5,4,5,14,Champions
946,510,4,2564.4855000000002,2,5,3,10,Loyal Customers
947,934,1,268.3385,2,2,1,5,At Risk
948,234,1,2908.099,4,2,3,9,Loyal Customers
949,72,4,5931.821,5,5,5,15,Champions
950,229,3,1814.1205000000002,4,4,2,10,Loyal Customers
951,470,1,1084.25,2,2,1,5,At Risk
952,308,6,7202.4075,3,5,5,13,Champions
953,118,5,7546.4225,5,5,5,15,Champions
954,1459,0,0.0,1,1,1,3,Lost Customers
955,332,2,3520.8105,3,3,4,10,Loyal Customers
956,97,4,8829.7705,5,5,5,15,Champions
957,1,3,3923.5660000000003,6,4,4,14,Champions
958,129,2,1475.86,5,3,2,10,Loyal Customers
959,164,4,4519.387,4,5,4,13,Champions
960,451,4,7326.207,3,5,5,13,Champions
961,56,2,732.511,6,3,1,10,Loyal Customers
962,149,1,620.483,4,2,1,7,Potential Loyalists
963,19,3,3358.72,6,4,4,14,Champions
964,207,3,4554.344,4,4,5,13,Champions
965,425,3,1927.4245,3,4,2,9,Loyal Customers
966,295,2,268.004,3,3,1,7,Potential Loyalists
967,354,2,1303.5665000000001,3,3,2,8,Potential Loyalists
968,946,2,1664.6399999999999,2,3,2,7,Potential Loyalists
969,417,4,4242.988,3,5,4,12,Champions
970,18,2,2252.197,6,3,3,12,Champions
971,89,8,11648.02475,5,5,5,15,Champions
972,84,3,3680.682,5,4,4,13,Champions
973,261,2,1578.264,4,3,2,9,Loyal Customers
974,799,5,6541.066,2,5,5,12,Champions
975,212,2,2604.119,4,3,3,10,Loyal Customers
976,503,2,1518.843875,2,3,2,7,Potential Loyalists
977,80,5,5946.5935,5,5,5,15,Champions
978,330,3,3590.952,3,4,4,11,Loyal Customers
979,83,2,1750.3205,5,3,2,10,Loyal Customers
980,141,2,1617.393,4,3,2,9,Loyal Customers
981,137,4,6683.791,5,5,5,15,Champions
982,342,3,3606.567,3,4,4,11,Loyal Customers
983,324,2,841.0224999999999,3,3,1,7,Potential Loyalists
984,941,1,1540.2385,2,2,2,6,At Risk
985,10,3,3395.73,6,4,4,14,Champions
986,80,3,4469.348,5,4,4,13,Champions
987,26,2,2094.748,6,3,3,12,Champions
988,197,4,3669.04,4,5,4,13,Champions
989,46,1,3047.4895,6,2,3,11,Loyal Customers
990,785,1,993.161,2,2,1,5,At Risk
991,128,2,3360.9895,5,3,4,12,Champions
992,165,5,3773.557,4,5,4,13,Champions
993,542,2,634.29,2,3,1,6,At Risk
994,139,3,3986.891,5,4,4,13,Champions
995,439,4,4387.098,3,5,4,12,Champions
996,103,2,2660.007,5,3,3,11,Loyal Customers
997,90,4,4277.848,5,5,4,14,Champions
998,15,5,4087.8970000000004,6,5,4,15,Champions
999,141,2,5062.371,4,3,5,12,Champions
1000,85,3,2017.1165,5,4,2,11,Loyal Customers
1001,276,4,5677.9935000000005,3,5,5,13,Champions
1002,147,6,8038.647500000001,4,5,5,14,Champions
1003,246,3,317.47400000000005,4,4,1,9,Loyal Customers
1004,250,3,4242.6095,4,4,4,12,Champions
1005,13,1,1502.7060000000001,6,2,2,10,Loyal Customers
1006,367,3,4162.975,3,4,4,11,Loyal Customers
1007,114,4,5220.65625,5,5,5,15,Champions
1008,276,4,2001.3759999999997,3,5,2,10,Loyal Customers
1009,63,4,4587.9265000000005,5,5,5,15,Champions
1010,1459,0,0.0,1,1,1,3,Lost Customers
1011,231,1,2840.5879999999997,4,2,3,9,Loyal Customers
1012,389,3,8314.710000000001,3,4,5,12,Champions
1013,16,1,512.6600000000001,6,2,1,9,Loyal Customers
1014,120,2,5388.291499999999,5,3,5,13,Champions
1015,207,4,8739.196,4,5,5,14,Champions
1016,178,2,1862.688,4,3,2,9,Loyal Customers
1017,1459,0,0.0,1,1,1,3,Lost Customers
1018,1459,0,0.0,1,1,1,3,Lost Customers
1019,692,1,1062.1505,2,2,1,5,At Risk
1020,363,3,3040.627,3,4,3,10,Loyal Customers
1021,304,1,1415.3224999999998,3,2,2,7,Potential Loyalists
1022,52,3,3258.978,6,4,4,14,Champions
1023,300,4,2755.7554999999998,3,5,3,11,Loyal Customers
1024,449,1,-588.6769999999999,3,2,1,6,At Risk
1025,153,2,2918.1165,4,3,3,10,Loyal Customers
1026,164,3,733.743,4,4,1,9,Loyal Customers
1027,76,1,456.96,5,2,1,8,Potential Loyalists
1028,1008,1,261.44949999999994,2,2,1,5,At Risk
1029,1459,0,0.0,1,1,1,3,Lost Customers
1030,1,7,5264.377,6,5,5,16,Champions
1031,5,5,2448.8655,6,5,3,14,Champions
1032,885,2,1537.8315,2,3,2,7,Potential Loyalists
1033,250,3,274.301,4,4,1,9,Loyal Customers
1034,560,1,2916.6800000000003,2,2,3,7,Potential Loyalists
1035,131,4,2342.5860000000002,5,5,3,13,Champions
1036,91,3,2410.408,5,4,3,12,Champions
1037,43,2,2512.5254999999997,6,3,3,12,Champions
1038,181,3,2124.214,4,4,3,11,Loyal Customers
1039,57,4,5390.072,6,5,5,16,Champions
1040,25,3,3509.5215,6,4,4,14,Champions
1041,94,2,3068.0449999999996,5,3,3,11,Loyal Customers
1042,33,1,1174.56,6,2,2,10,Loyal Customers
1043,134,4,2739.252,5,5,3,13,Champions
1044,85,6,4835.751,5,5,5,15,Champions
1045,343,1,1328.46,3,2,2,7,Potential Loyalists
1046,450,1,274.11,3,2,1,6,At Risk
1047,1459,0,0.0,1,1,1,3,Lost Customers
1048,82,3,3217.5969999999998,5,4,4,13,Champions
1049,764,3,3080.129,2,4,3,9,Loyal Customers
1050,355,3,2712.34,3,4,3,10,Loyal Customers
1051,1053,1,1313.806,2,2,2,6,At Risk
1052,355,5,5589.7875,3,5,5,13,Champions
1053,556,1,43.35,2,2,1,5,At Risk
1054,675,1,103.53,2,2,1,5,At Risk
1055,637,2,2855.82,2,3,3,8,Potential Loyalists
1056,81,2,4931.07,5,3,5,13,Champions
1057,120,3,2475.1905,5,4,3,12,Champions
1058,478,4,5774.74,2,5,5,12,Champions
1059,367,1,590.8525,3,2,1,6,At Risk
1060,524,2,1370.5115,2,3,2,7,Potential Loyalists
1061,1459,0,0.0,1,1,1,3,Lost Customers
1062,90,2,1498.7669999999998,5,3,2,10,Loyal Customers
1063,42,1,1556.8694999999998,6,2,2,10,Loyal Customers
1064,136,5,5851.1505,5,5,5,15,Champions
1065,1459,0,0.0,1,1,1,3,Lost Customers
1066,78,4,6429.68,5,5,5,15,Champions
1067,424,1,3128.5015,3,2,3,8,Potential Loyalists
1068,63,3,1869.729,5,4,2,11,Loyal Customers
1069,416,1,-162.75,3,2,1,6,At Risk
1070,22,6,4940.457,6,5,5,16,Champions
1071,115,1,1513.8915000000002,5,2,2,9,Loyal Customers
1072,136,2,1368.168,5,3,2,10,Loyal Customers
1073,59,4,6154.401,6,5,5,16,Champions
1074,147,4,4316.4255,4,5,4,13,Champions
1075,74,4,5576.291,5,5,5,15,Champions
1076,506,4,2105.764,2,5,3,10,Loyal Customers
1077,165,2,3212.733,4,3,4,11,Loyal Customers
1078,92,1,1974.0265,5,2,2,9,Loyal Customers
1079,82,2,1418.924,5,3,2,10,Loyal Customers
1080,494,1,1204.4814999999999,2,2,2,6,At Risk
1081,345,3,5414.064,3,4,5,12,Champions
1082,143,2,1718.979,4,3,2,9,Loyal Customers
1083,1459,0,0.0,1,1,1,3,Lost Customers
1084,675,1,1649.208,2,2,2,6,At Risk
1085,22,6,9323.287,6,5,5,16,Champions
1086,558,1,1418.1689999999999,2,2,2,6,At Risk
1087,1459,0,0.0,1,1,1,3,Lost Customers
1088,420,2,2625.02,3,3,3,9,Loyal Customers
1089,1459,0,0.0,1,1,1,3,Lost Customers
1090,770,2,501.42,2,3,1,6,At Risk
1091,323,2,2179.7685,3,3,3,9,Loyal Customers
1092,109,9,7878.6145,5,5,5,15,Champions
1093,86,3,2099.577,5,4,3,12,Champions
1094,171,5,4188.189,4,5,4,13,Champions
1095,749,1,855.684,2,2,1,5,At Risk
1096,147,1,372.49300000000005,4,2,1,7,Potential Loyalists
1097,269,6,8593.988,3,5,5,13,Champions
1098,60,3,6359.0845,6,4,5,15,Champions
1099,88,4,4617.6415,5,5,5,15,Champions
1100,2,7,7552.912,6,5,5,16,Champions
1101,38,3,2108.586,6,4,3,13,Champions
1102,346,1,1054.1009999999999,3,2,1,6,At Risk
1103,54,3,4657.1025,6,4,5,15,Champions
1104,9,3,4544.7285,6,4,4,14,Champions
1105,239,2,2211.27,4,3,3,10,Loyal Customers
1106,37,3,1331.377,6,4,2,12,Champions
1107,235,2,1782.6855,4,3,2,9,Loyal Customers
1108,18,4,4290.892,6,5,4,15,Champions
1109,77,5,1890.649,5,5,2,12,Champions
1110,1459,0,0.0,1,1,1,3,Lost Customers
1111,82,3,4687.663500000001,5,4,5,14,Champions
1112,371,3,1276.7515,3,4,2,9,Loyal Customers
1113,609,1,765.54,2,2,1,5,At Risk
1114,144,3,2231.707,4,4,3,11,Loyal Customers
1115,13,4,3824.864,6,5,4,15,Champions
1116,11,4,2740.436,6,5,3,14,Champions
1117,508,2,1842.718,2,3,2,7,Potential Loyalists
1118,320,2,4181.458,3,3,4,10,Loyal Customers
1119,114,1,583.528,5,2,1,8,Potential Loyalists
1120,658,3,4100.5895,2,4,4,10,Loyal Customers
1121,249,1,631.35,4,2,1,7,Potential Loyalists
1122,430,1,829.9360000000001,3,2,1,6,At Risk
1123,29,2,2134.2215,6,3,3,12,Champions
1124,79,3,4398.7845,5,4,4,13,Champions
1125,601,2,2642.497,2,3,3,8,Potential Loyalists
1126,58,4,4657.723,6,5,5,16,Champions
1127,356,6,4609.505999999999,3,5,5,13,Champions
1128,70,2,3099.2380000000003,5,3,3,11,Loyal Customers
1129,108,4,2146.8140000000003,5,5,3,13,Champions
1130,297,2,4380.409,3,3,4,10,Loyal Customers
1131,151,4,3827.4480000000003,4,5,4,13,Champions
1132,72,1,1470.3579999999997,5,2,2,9,Loyal Customers
1133,39,5,6978.718,6,5,5,16,Champions
1134,294,3,2490.4165000000003,3,4,3,10,Loyal Customers
1135,24,2,1870.5404999999998,6,3,2,11,Loyal Customers
1136,1459,2,2463.551,1,3,3,7,Potential Loyalists
1137,577,2,1241.142,2,3,2,7,Potential Loyalists
1138,485,4,6807.4065,2,5,5,12,Champions
1139,1459,0,0.0,1,1,1,3,Lost Customers
1140,1459,0,0.0,1,1,1,3,Lost Customers
1141,170,2,3659.2484999999997,4,3,4,11,Loyal Customers
1142,1,3,3950.09,6,4,4,14,Champions
1143,172,4,2125.3785,4,5,3,12,Champions
1144,368,2,2201.2075,3,3,3,9,Loyal Customers
1145,78,3,3513.327,5,4,4,13,Champions
1146,79,4,6450.0325,5,5,5,15,Champions
1147,434,2,1967.9759999999999,3,3,2,8,Potential Loyalists
1148,180,3,2742.3395,4,4,3,11,Loyal Customers
1149,115,4,2115.7015,5,5,3,13,Champions
1150,32,2,3028.194,6,3,3,12,Champions
1151,26,4,3826.3075,6,5,4,15,Champions
1152,1459,0,0.0,1,1,1,3,Lost Customers
1153,810,3,575.3275,2,4,1,7,Potential Loyalists
1154,1459,5,2547.351,1,5,3,9,Loyal Customers
1155,315,3,2787.429,3,4,3,10,Loyal Customers
1156,361,3,3592.84,3,4,4,11,Loyal Customers
1157,1459,0,0.0,1,1,1,3,Lost Customers
1158,804,4,6932.342000000001,2,5,5,12,Champions
1159,121,2,2791.9665,5,3,3,11,Loyal Customers
1160,23,4,613.052,6,5,1,12,Champions
1161,390,1,567.69,3,2,1,6,At Risk
1162,516,2,2257.333,2,3,3,8,Potential Loyalists
1163,5,4,6357.8640000000005,6,5,5,16,Champions
1164,228,2,1334.6425,4,3,2,9,Loyal Customers
1165,362,2,2753.69,3,3,3,9,Loyal Customers
1166,540,3,5526.3155,2,4,5,11,Loyal Customers
1167,1,5,6342.3755,6,5,5,16,Champions
1168,409,1,2524.9945,3,2,3,8,Potential Loyalists
1169,306,1,2151.9269999999997,3,2,3,8,Potential Loyalists
1170,924,1,473.03049999999996,2,2,1,5,At Risk
1171,131,6,7724.8545,5,5,5,15,Champions
1172,265,2,1653.23,4,3,2,9,Loyal Customers
1173,179,5,3742.343,4,5,4,13,Champions
1174,2,4,1348.441,6,5,2,13,Champions
1175,722,2,1165.78,2,3,2,7,Potential Loyalists
1176,541,3,2270.367,2,4,3,9,Loyal Customers
1177,654,2,564.1525,2,3,1,6,At Risk
1178,853,1,314.57649999999995,2,2,1,5,At Risk
1179,652,4,2038.7869999999998,2,5,2,9,Loyal Customers
1180,139,5,8415.9845,5,5,5,15,Champions
1181,298,2,1010.098,3,3,1,7,Potential Loyalists
1182,251,5,4328.2135,4,5,4,13,Champions
1183,6,3,2906.344,6,4,3,13,Champions
1184,449,2,3260.224,3,3,4,10,Loyal Customers
1185,909,1,721.4300000000001,2,2,1,5,At Risk
1186,48,3,2882.1905,6,4,3,13,Champions
1187,162,5,6857.2955,4,5,5,14,Champions
1188,134,4,5536.2095,5,5,5,15,Champions
1189,544,2,694.15,2,3,1,6,At Risk
1190,73,5,2523.1925,5,5,3,13,Champions
1191,75,1,217.73,5,2,1,8,Potential Loyalists
1192,197,2,1985.2965,4,3,2,9,Loyal Customers
1193,237,1,1636.6,4,2,2,8,Potential Loyalists
1194,1,3,2418.5634999999997,6,4,3,13,Champions
1195,1459,0,0.0,1,1,1,3,Lost Customers
1196,121,1,594.99,5,2,1,8,Potential Loyalists
1197,364,2,1229.3385,3,3,2,8,Potential Loyalists
1198,30,4,3914.9515,6,5,4,15,Champions
1199,252,4,10150.555,4,5,5,14,Champions
1200,206,1,629.6800000000001,4,2,1,7,Potential Loyalists
1201,60,4,5555.865,6,5,5,16,Champions
1202,1459,0,0.0,1,1,1,3,Lost Customers
1203,176,3,1890.5055,4,4,2,10,Loyal Customers
1204,112,4,2822.7595,5,5,3,13,Champions
1205,109,2,2718.468,5,3,3,11,Loyal Customers
1206,83,3,3075.3830000000003,5,4,3,12,Champions
1207,478,2,3235.785,2,3,4,9,Loyal Customers
1208,136,1,1907.502,5,2,2,9,Loyal Customers
1209,1459,2,208.38,1,3,1,5,At Risk
1210,234,6,3253.002,4,5,4,13,Champions
1211,112,4,2537.747,5,5,3,13,Champions
1212,130,6,8535.3755,5,5,5,15,Champions
1213,2,1,687.477,6,2,1,9,Loyal Customers
1214,176,4,5959.8395,4,5,5,14,Champions
1215,846,1,1898.292,2,2,2,6,At Risk
1216,69,4,1430.509,5,5,2,12,Champions
1217,141,4,10107.5245,4,5,5,14,Champions
1218,204,5,11066.4115,4,5,5,14,Champions
1219,844,1,-536.46,2,2,1,5,At Risk
1220,158,4,5048.731,4,5,5,14,Champions
1221,16,1,1106.5275,6,2,1,9,Loyal Customers
1222,1459,0,0.0,1,1,1,3,Lost Customers
1223,152,8,9869.369,4,5,5,14,Champions
1224,41,3,868.6075000000001,6,4,1,11,Loyal Customers
1225,64,3,2884.36,5,4,3,12,Champions
1226,542,1,166.46099999999998,2,2,1,5,At Risk
1227,498,1,3584.9359999999997,2,2,4,8,Potential Loyalists
1228,6,4,5863.354,6,5,5,16,Champions
1229,494,1,1372.272,2,2,2,6,At Risk
1230,52,4,4499.4105,6,5,4,15,Champions
1231,307,3,4222.783,3,4,4,11,Loyal Customers
1232,313,5,2172.18,3,5,3,11,Loyal Customers
1233,145,4,3669.6014999999998,4,5,4,13,Champions
1234,1459,0,0.0,1,1,1,3,Lost Customers
1235,29,2,3451.121,6,3,4,13,Champions
1236,1094,1,121.19149999999999,2,2,1,5,At Risk
1237,14,4,4516.1275000000005,6,5,4,15,Champions
1238,105,1,-80.06,5,2,1,8,Potential Loyalists
1239,800,3,2847.8245,2,4,3,9,Loyal Customers
1240,466,2,-325.21,3,3,1,7,Potential Loyalists
1241,327,3,2187.0595,3,4,3,10,Loyal Customers
1242,278,3,3616.5924999999997,3,4,4,11,Loyal Customers
1243,222,3,4157.6655,4,4,4,12,Champions
1244,68,5,4562.9695,5,5,5,15,Champions
1245,56,3,2382.0975,6,4,3,13,Champions
1246,85,2,2586.0499999999997,5,3,3,11,Loyal Customers
1247,476,5,5501.9710000000005,2,5,5,12,Champions
1248,522,1,43.35,2,2,1,5,At Risk
1249,693,1,2665.3185000000003,2,2,3,7,Potential Loyalists
1250,126,2,928.74,5,3,1,9,Loyal Customers
1251,927,1,1904.654,2,2,2,6,At Risk
1252,61,3,2167.7505,5,4,3,12,Champions
1253,1459,0,0.0,1,1,1,3,Lost Customers
1254,640,2,2142.2905,2,3,3,8,Potential Loyalists
1255,709,1,607.36,2,2,1,5,At Risk
1256,373,4,2111.4405,3,5,3,11,Loyal Customers
1257,681,2,3400.625,2,3,4,9,Loyal Customers
1258,27,3,4914.7080000000005,6,4,5,15,Champions
1259,33,3,3831.87025,6,4,4,14,Champions
1260,19,6,7259.295,6,5,5,16,Champions
1261,1459,0,0.0,1,1,1,3,Lost Customers
1262,660,1,1834.962,2,2,2,6,At Risk
1263,154,6,13193.226,4,5,5,14,Champions
1264,1459,4,5137.820000000001,1,5,5,11,Loyal Customers
1265,417,5,4222.335499999999,3,5,4,12,Champions
1266,6,4,4718.655,6,5,5,16,Champions
1267,75,2,1710.1335,5,3,2,10,Loyal Customers
1268,218,3,1829.6599999999999,4,4,2,10,Loyal Customers
1269,17,4,6020.416,6,5,5,16,Champions
1270,35,3,4423.338,6,4,4,14,Champions
1271,145,4,3371.647,4,5,4,13,Champions
1272,236,2,1035.8415,4,3,1,8,Potential Loyalists
1273,69,2,240.86350000000002,5,3,1,9,Loyal Customers
1274,435,3,2344.779,3,4,3,10,Loyal Customers
1275,129,1,596.48,5,2,1,8,Potential Loyalists
1276,3,2,1165.6399999999999,6,3,2,11,Loyal Customers
1277,101,4,5058.452499999999,5,5,5,15,Champions
1278,301,3,2968.878,3,4,3,10,Loyal Customers
1279,439,2,1089.259,3,3,1,7,Potential Loyalists
1280,668,1,551.4885,2,2,1,5,At Risk
1281,15,2,4.606249999999818,6,3,1,10,Loyal Customers
1282,835,2,2610.9065,2,3,3,8,Potential Loyalists
1283,119,3,1519.8999999999999,5,4,2,11,Loyal Customers
1284,161,3,3776.3140000000003,4,4,4,12,Champions
1285,113,2,1561.0795,5,3,2,10,Loyal Customers
1286,43,2,1066.3029999999999,6,3,1,10,Loyal Customers
1287,32,3,3135.6385,6,4,3,13,Champions
1288,1459,0,0.0,1,1,1,3,Lost Customers
1289,36,2,2890.8535,6,3,3,12,Champions
1290,771,2,4294.437,2,3,4,9,Loyal Customers
1291,4,2,1757.707,6,3,2,11,Loyal Customers
1292,457,3,1849.9824999999998,3,4,2,9,Loyal Customers
1293,1459,0,0.0,1,1,1,3,Lost Customers
1294,1459,0,0.0,1,1,1,3,Lost Customers
1295,105,1,150.1,5,2,1,8,Potential Loyalists
1296,23,2,2683.8305,6,3,3,12,Champions
1297,667,1,1189.7,2,2,2,6,At Risk
1298,845,2,2111.038,2,3,3,8,Potential Loyalists
1299,311,4,3488.4235,3,5,4,12,Champions
1300,60,3,2613.8875,6,4,3,13,Champions
1301,1459,0,0.0,1,1,1,3,Lost Customers
1302,417,2,1199.4360000000001,3,3,2,8,Potential Loyalists
1303,522,1,156.75,2,2,1,5,At Risk
1304,251,2,2502.7200000000003,4,3,3,10,Loyal Customers
1305,259,4,3187.7915,4,5,4,13,Champions
1306,243,6,6032.716,4,5,5,14,Champions
1307,177,6,7902.2145,4,5,5,14,Champions
1308,327,2,2576.72,3,3,3,9,Loyal Customers
1309,84,7,8799.0935,5,5,5,15,Champions
1310,156,2,1490.1619999999998,4,3,2,9,Loyal Customers
1311,593,2,1655.9175,2,3,2,7,Potential Loyalists
1312,430,4,6380.3475,3,5,5,13,Champions
1313,266,4,5239.366,4,5,5,14,Champions
1314,4,2,715.9615,6,3,1,10,Loyal Customers
1315,713,3,3445.5205,2,4,4,10,Loyal Customers
1316,24,5,6966.469,6,5,5,16,Champions
1317,480,1,1502.076,2,2,2,6,At Risk
1318,253,2,1372.288,4,3,2,9,Loyal Customers
1319,1459,0,0.0,1,1,1,3,Lost Customers
1320,298,1,1792.187,3,2,2,7,Potential Loyalists
1321,323,2,577.5699999999999,3,3,1,7,Potential Loyalists
1322,253,2,1034.948,4,3,1,8,Potential Loyalists
1323,411,1,1339.801,3,2,2,7,Potential Loyalists
1324,168,6,4111.339,4,5,4,13,Champions
1325,214,3,5448.0015,4,4,5,13,Champions
1326,434,1,493.2085,3,2,1,6,At Risk
1327,487,3,1760.827,2,4,2,8,Potential Loyalists
1328,36,3,3125.29525,6,4,3,13,Champions
1329,504,1,1226.9695,2,2,2,6,At Risk
1330,450,4,2267.1915,3,5,3,11,Loyal Customers
1331,351,2,3869.075,3,3,4,10,Loyal Customers
1332,272,1,1496.856,3,2,2,7,Potential Loyalists
1333,207,1,608.8,4,2,1,7,Potential Loyalists
1334,730,2,1622.157,2,3,2,7,Potential Loyalists
1335,300,2,2368.69,3,3,3,9,Loyal Customers
1336,210,3,3175.772,4,4,4,12,Champions
1337,705,2,2327.426,2,3,3,8,Potential Loyalists
1338,973,1,852.9200000000001,2,2,1,5,At Risk
1339,1,2,1383.8090000000002,6,3,2,11,Loyal Customers
1340,1459,0,0.0,1,1,1,3,Lost Customers
1341,344,4,8533.395,3,5,5,13,Champions
1342,1459,0,0.0,1,1,1,3,Lost Customers
1343,118,2,2382.887,5,3,3,11,Loyal Customers
1344,483,1,597.28,2,2,1,5,At Risk
1345,26,3,3497.299,6,4,4,14,Champions
1346,690,3,2844.1389999999997,2,4,3,9,Loyal Customers
1347,372,3,3400.3650000000002,3,4,4,11,Loyal Customers
1348,315,1,1225.2199999999998,3,2,2,7,Potential Loyalists
1349,670,3,2092.2780000000002,2,4,3,9,Loyal Customers
1350,439,1,578.59,3,2,1,6,At Risk
1351,32,2,1575.903,6,3,2,11,Loyal Customers
1352,50,4,1370.788,6,5,2,13,Champions
1353,1459,0,0.0,1,1,1,3,Lost Customers
1354,282,1,429.63,3,2,1,6,At Risk
1355,411,2,2397.603,3,3,3,9,Loyal Customers
1356,852,1,599.3520000000001,2,2,1,5,At Risk
1357,335,4,5705.6605,3,5,5,13,Champions
1358,576,2,431.444,2,3,1,6,At Risk
1359,181,2,2999.5425,4,3,3,10,Loyal Customers
1360,137,2,1794.15,5,3,2,10,Loyal Customers
1361,310,2,2518.3655,3,3,3,9,Loyal Customers
1362,76,7,10104.421124999999,5,5,5,15,Champions
1363,95,1,182.56149999999997,5,2,1,8,Potential Loyalists
1364,81,2,3418.5155,5,3,4,12,Champions
1365,24,2,722.3299999999999,6,3,1,10,Loyal Customers
1366,219,3,4506.9800000000005,4,4,4,12,Champions
1367,1012,3,3205.4135,2,4,4,10,Loyal Customers
1368,180,1,1018.6500000000001,4,2,1,7,Potential Loyalists
1369,454,5,6480.4,3,5,5,13,Champions
1370,407,4,4208.2925,3,5,4,12,Champions
1371,294,2,771.3449999999999,3,3,1,7,Potential Loyalists
1372,66,1,833.8,5,2,1,8,Potential Loyalists
1373,424,1,802.5075,3,2,1,6,At Risk
1374,59,3,3134.1605,6,4,3,13,Champions
1375,1459,0,0.0,1,1,1,3,Lost Customers
1376,162,5,5312.7215,4,5,5,14,Champions
1377,1459,0,0.0,1,1,1,3,Lost Customers
1378,2,2,1075.1870000000001,6,3,1,10,Loyal Customers
1379,1,5,6328.3925,6,5,5,16,Champions
1380,23,4,2897.87,6,5,3,14,Champions
1381,329,3,2340.281375,3,4,3,10,Loyal Customers
1382,38,3,4646.8625,6,4,5,15,Champions
1383,65,7,5359.9515,5,5,5,15,Champions
1384,176,3,3548.9210000000003,4,4,4,12,Champions
1385,1459,0,0.0,1,1,1,3,Lost Customers
1386,1027,1,1339.416,2,2,2,6,At Risk
1387,106,4,4236.7535,5,5,4,14,Champions
1388,40,1,916.184,6,2,1,9,Loyal Customers
1389,591,2,2457.281,2,3,3,8,Potential Loyalists
1390,908,1,35.67,2,2,1,5,At Risk
1391,149,2,2779.145,4,3,3,10,Loyal Customers
1392,29,2,1915.8155,6,3,2,11,Loyal Customers
1393,134,2,315.492,5,3,1,9,Loyal Customers
1394,33,2,3215.2264999999998,6,3,4,13,Champions
1395,284,1,806.3639999999999,3,2,1,6,At Risk
1396,103,2,1548.7469999999998,5,3,2,10,Loyal Customers
1397,588,1,2272.796,2,2,3,7,Potential Loyalists
1398,199,5,4181.852,4,5,4,13,Champions
1399,61,4,2834.27,5,5,3,13,Champions
1400,385,2,3413.697,3,3,4,10,Loyal Customers
1401,56,1,1450.16,6,2,2,10,Loyal Customers
1402,30,3,409.18550000000005,6,4,1,11,Loyal Customers
1403,358,1,2804.8500000000004,3,2,3,8,Potential Loyalists
1404,89,2,1061.942,5,3,1,9,Loyal Customers
1405,267,4,2240.7925,4,5,3,12,Champions
1406,61,3,2948.508,5,4,3,12,Champions
1407,40,3,3671.4,6,4,4,14,Champions
1408,78,5,4008.458,5,5,4,14,Champions
1409,252,1,1051.379,4,2,1,7,Potential Loyalists
1410,100,6,5513.552,5,5,5,15,Champions
1411,149,2,3974.2720000000004,4,3,4,11,Loyal Customers
1412,462,3,3887.362,3,4,4,11,Loyal Customers
1413,295,5,6561.228,3,5,5,13,Champions
1414,326,3,2200.2295,3,4,3,10,Loyal Customers
1415,350,3,6489.932,3,4,5,12,Champions
1416,173,1,136.944,4,2,1,7,Potential Loyalists
1417,45,4,11122.6885,6,5,5,16,Champions
1418,152,1,500.91,4,2,1,7,Potential Loyalists
1419,20,5,4892.1455,6,5,5,16,Champions
1420,28,2,1467.6190000000001,6,3,2,11,Loyal Customers
1421,129,2,3174.7155000000002,5,3,4,12,Champions
1422,289,2,2185.4505,3,3,3,9,Loyal Customers
1423,520,4,2431.507,2,5,3,10,Loyal Customers
1424,370,3,2984.5585,3,4,3,10,Loyal Customers
1425,231,2,1004.6814999999999,4,3,1,8,Potential Loyalists
1426,169,4,7718.934499999999,4,5,5,14,Champions
1427,108,2,1811.4310000000003,5,3,2,10,Loyal Customers
1428,484,2,1745.4140000000002,2,3,2,7,Potential Loyalists
1429,194,5,4305.234125,4,5,4,13,Champions
1430,100,2,2092.3900000000003,5,3,3,11,Loyal Customers
1431,1459,0,0.0,1,1,1,3,Lost Customers
1432,262,3,2712.768,4,4,3,11,Loyal Customers
1433,247,2,567.47,4,3,1,8,Potential Loyalists
1434,86,2,2973.6345,5,3,3,11,Loyal Customers
1435,1459,0,0.0,1,1,1,3,Lost Customers
1436,150,5,4105.718,4,5,4,13,Champions
1437,180,3,1737.35,4,4,2,10,Loyal Customers
1438,111,4,2352.331,5,5,3,13,Champions
1439,181,3,2799.223,4,4,3,11,Loyal Customers
1440,56,1,1607.4499999999998,6,2,2,10,Loyal Customers
1441,29,2,3712.7895,6,3,4,13,Champions
1442,188,3,2671.6299999999997,4,4,3,11,Loyal Customers
1443,87,4,3510.0905000000002,5,5,4,14,Champions
1444,715,1,657.5,2,2,1,5,At Risk
1445,261,3,1926.714,4,4,2,10,Loyal Customers
1446,123,1,45.5335,5,2,1,8,Potential Loyalists
1447,1459,0,0.0,1,1,1,3,Lost Customers
1448,722,2,4573.6255,2,3,5,10,Loyal Customers
1449,204,6,5617.5315,4,5,5,14,Champions
1450,15,6,7905.9415,6,5,5,16,Champions
1451,56,4,1821.895,6,5,2,13,Champions
1452,566,2,1073.84,2,3,1,6,At Risk
1453,869,1,271.77599999999995,2,2,1,5,At Risk
1454,56,2,1428.9450000000002,6,3,2,11,Loyal Customers
1455,46,4,4744.071,6,5,5,16,Champions
1456,94,4,7131.3295,5,5,5,15,Champions
1457,59,4,6767.636,6,5,5,16,Champions
1458,75,2,420.49399999999997,5,3,1,9,Loyal Customers
1459,57,2,760.2560000000001,6,3,1,10,Loyal Customers
1460,1459,0,0.0,1,1,1,3,Lost Customers
1461,380,1,2034.274,3,2,2,7,Potential Loyalists
1462,244,4,3690.1089999999995,4,5,4,13,Champions
1463,502,2,2621.46,2,3,3,8,Potential Loyalists
1464,9,3,6559.468,6,4,5,15,Champions
1465,242,3,1229.247,4,4,2,10,Loyal Customers
1466,528,2,3105.777,2,3,3,8,Potential Loyalists
1467,773,1,1437.0605,2,2,2,6,At Risk
1468,372,2,2771.9230000000002,3,3,3,9,Loyal Customers
1469,19,7,10561.5625,6,5,5,16,Champions
1470,98,1,367.74,5,2,1,8,Potential Loyalists
1471,268,1,2336.9135,3,2,3,8,Potential Loyalists
1472,153,1,921.24,4,2,1,7,Potential Loyalists
1473,185,3,3169.1040000000003,4,4,4,12,Champions
1474,898,1,1293.4715,2,2,2,6,At Risk
1475,106,2,4255.5755,5,3,4,12,Champions
1476,93,5,4520.701,5,5,4,14,Champions
1477,336,3,1356.95,3,4,2,9,Loyal Customers
1478,25,5,6782.0005,6,5,5,16,Champions
1479,1459,0,0.0,1,1,1,3,Lost Customers
1480,1459,0,0.0,1,1,1,3,Lost Customers
1481,93,3,4283.5155,5,4,4,13,Champions
1482,418,3,3904.619,3,4,4,11,Loyal Customers
1483,266,2,2074.02,4,3,2,9,Loyal Customers
1484,273,3,1742.1704999999997,3,4,2,9,Loyal Customers
1485,92,5,7284.9125,5,5,5,15,Champions
1486,91,4,3173.599,5,5,4,14,Champions
1487,49,4,5484.8175,6,5,5,16,Champions
1488,137,4,3925.7965,5,5,4,14,Champions
1489,396,4,6607.091,3,5,5,13,Champions
1490,3,2,453.16,6,3,1,10,Loyal Customers
1491,382,2,950.586,3,3,1,7,Potential Loyalists
1492,69,5,4961.3215,5,5,5,15,Champions
1493,155,6,5298.189,4,5,5,14,Champions
1494,12,6,8549.1985,6,5,5,16,Champions
1495,148,3,1674.9734999999998,4,4,2,10,Loyal Customers
1496,177,2,3679.4230000000002,4,3,4,11,Loyal Customers
1497,190,1,1468.927,4,2,2,8,Potential Loyalists
1498,87,5,5455.5835,5,5,5,15,Champions
1499,241,2,1362.951,4,3,2,9,Loyal Customers
1500,547,4,4223.734,2,5,4,11,Loyal Customers
1501,405,4,4164.532999999999,3,5,4,12,Champions
1502,1459,0,0.0,1,1,1,3,Lost Customers
1503,1459,0,0.0,1,1,1,3,Lost Customers
1504,60,3,1995.063,6,4,2,12,Champions
1505,100,2,3738.3705,5,3,4,12,Champions
1506,245,1,1047.69,4,2,1,7,Potential Loyalists
1507,256,4,3644.2025000000003,4,5,4,13,Champions
1508,14,2,4060.2475,6,3,4,13,Champions
1509,866,1,963.201,2,2,1,5,At Risk
1510,587,2,2579.423,2,3,3,8,Potential Loyalists
1511,120,3,1861.71,5,4,2,11,Loyal Customers
1512,179,2,462.74600000000004,4,3,1,8,Potential Loyalists
1513,272,2,1418.5140000000001,3,3,2,8,Potential Loyalists
1514,567,1,3570.1099999999997,2,2,4,8,Potential Loyalists
1515,1459,0,0.0,1,1,1,3,Lost Customers
1516,280,1,1810.176,3,2,2,7,Potential Loyalists
1517,129,2,1080.38,5,3,1,9,Loyal Customers
1518,473,3,4147.49,2,4,4,10,Loyal Customers
1519,308,4,4787.3525,3,5,5,13,Champions
1520,226,2,1643.8600000000001,4,3,2,9,Loyal Customers
1521,408,4,6187.0035,3,5,5,13,Champions
1522,229,1,78.3655,4,2,1,7,Potential Loyalists
1523,595,2,-338.7850000000001,2,3,1,6,At Risk
1524,392,3,2885.432,3,4,3,10,Loyal Customers
1525,1459,2,2343.8925,1,3,3,7,Potential Loyalists
1526,52,5,1501.7335,6,5,2,13,Champions
1527,40,3,1383.8,6,4,2,12,Champions
1528,50,3,2873.086,6,4,3,13,Champions
1529,405,2,1338.067,3,3,2,8,Potential Loyalists
1530,71,3,6885.4635,5,4,5,14,Champions
1531,637,3,3819.3250000000003,2,4,4,10,Loyal Customers
1532,41,5,2892.6775,6,5,3,14,Champions
1533,24,7,8476.793,6,5,5,16,Champions
1534,11,3,4336.627,6,4,4,14,Champions
1535,222,1,1234.993,4,2,2,8,Potential Loyalists
1536,234,2,1846.3600000000001,4,3,2,9,Loyal Customers
1537,39,1,3516.64,6,2,4,12,Champions
1538,355,2,3224.6825,3,3,4,10,Loyal Customers
1539,18,5,4912.127375,6,5,5,16,Champions
1540,110,5,7030.9735,5,5,5,15,Champions
1541,106,2,572.9915,5,3,1,9,Loyal Customers
1542,87,2,2177.087,5,3,3,11,Loyal Customers
1543,772,3,2830.423,2,4,3,9,Loyal Customers
1544,332,3,2773.877,3,4,3,10,Loyal Customers
1545,1018,1,1599.756,2,2,2,6,At Risk
1546,144,3,3096.06,4,4,3,11,Loyal Customers
1547,547,5,6559.7,2,5,5,12,Champions
1548,148,5,7560.043500000001,4,5,5,14,Champions
1549,469,2,1964.0310000000002,2,3,2,7,Potential Loyalists
1550,82,3,2501.2065,5,4,3,12,Champions
1551,119,2,2715.741,5,3,3,11,Loyal Customers
1552,67,1,841.12,5,2,1,8,Potential Loyalists
1553,845,2,779.7560000000001,2,3,1,6,At Risk
1554,460,4,5340.8005,3,5,5,13,Champions
1555,2,4,3067.66,6,5,3,14,Champions
1556,15,8,8884.869,6,5,5,16,Champions
1557,372,3,2751.195,3,4,3,10,Loyal Customers
1558,720,1,1130.31,2,2,1,5,At Risk
1559,58,4,2795.113,6,5,3,14,Champions
1560,363,1,383.112,3,2,1,6,At Risk
1561,174,3,3369.5200000000004,4,4,4,12,Champions
1562,388,4,4561.772,3,5,5,13,Champions
1563,145,3,5035.433999999999,4,4,5,13,Champions
1564,1,1,1471.6565,6,2,2,10,Loyal Customers
1565,55,1,1120.02,6,2,1,9,Loyal Customers
1566,309,1,1916.99,3,2,2,7,Potential Loyalists
1567,553,3,1572.7759999999998,2,4,2,8,Potential Loyalists
1568,577,1,476.204,2,2,1,5,At Risk
1569,26,5,5216.41,6,5,5,16,Champions
1570,33,2,1452.6945,6,3,2,11,Loyal Customers
1571,363,3,1329.1425,3,4,2,9,Loyal Customers
1572,184,2,2656.7844999999998,4,3,3,10,Loyal Customers
1573,29,4,3457.5845,6,5,4,15,Champions
1574,242,4,9749.2565,4,5,5,14,Champions
1575,397,1,343.704,3,2,1,6,At Risk
1576,1049,1,1044.74,2,2,1,5,At Risk
1577,61,4,1276.388,5,5,2,12,Champions
1578,13,4,1755.454,6,5,2,13,Champions
1579,193,1,2175.544,4,2,3,9,Loyal Customers
1580,604,2,1312.44,2,3,2,7,Potential Loyalists
1581,634,1,2489.07,2,2,3,7,Potential Loyalists
1582,1459,0,0.0,1,1,1,3,Lost Customers
1583,712,1,717.32,2,2,1,5,At Risk
1584,540,2,1405.6680000000001,2,3,2,7,Potential Loyalists
1585,699,1,338.4,2,2,1,5,At Risk
1586,67,2,-310.60900000000004,5,3,1,9,Loyal Customers
1587,81,4,3483.502,5,5,4,14,Champions
1588,167,2,2811.24,4,3,3,10,Loyal Customers
1589,159,1,985.046,4,2,1,7,Potential Loyalists
1590,20,3,5538.1535,6,4,5,15,Champions
1591,14,6,4112.769,6,5,4,15,Champions
1592,107,5,3207.431,5,5,4,14,Champions
1593,282,3,4108.603,3,4,4,11,Loyal Customers
1594,351,1,1095.1509999999998,3,2,1,6,At Risk
1595,192,6,11253.200499999999,4,5,5,14,Champions
1596,316,3,6220.812,3,4,5,12,Champions
1597,462,1,915.5665,3,2,1,6,At Risk
1598,106,2,191.8025,5,3,1,9,Loyal Customers
1599,76,3,2414.594,5,4,3,12,Champions
1600,21,2,541.8275,6,3,1,10,Loyal Customers
1601,118,4,465.99950000000007,5,5,1,11,Loyal Customers
1602,38,4,2702.357,6,5,3,14,Champions
1603,33,5,5808.844,6,5,5,16,Champions
1604,1459,0,0.0,1,1,1,3,Lost Customers
1605,377,2,5371.1755,3,3,5,11,Loyal Customers
1606,95,1,725.1400000000001,5,2,1,8,Potential Loyalists
1607,182,2,363.23,4,3,1,8,Potential Loyalists
1608,581,2,3283.924,2,3,4,9,Loyal Customers
1609,422,2,890.49,3,3,1,7,Potential Loyalists
1610,238,4,5311.0335,4,5,5,14,Champions
1611,85,2,1871.926,5,3,2,10,Loyal Customers
1612,24,4,1553.419,6,5,2,13,Champions
1613,39,5,7442.6404999999995,6,5,5,16,Champions
1614,55,6,5547.3115,6,5,5,16,Champions
1615,933,2,920.6500000000001,2,3,1,6,At Risk
1616,868,2,947.705,2,3,1,6,At Risk
1617,1459,0,0.0,1,1,1,3,Lost Customers
1618,385,1,505.4885,3,2,1,6,At Risk
1619,722,1,746.2230000000001,2,2,1,5,At Risk
1620,1459,0,0.0,1,1,1,3,Lost Customers
1621,468,3,2786.71,3,4,3,10,Loyal Customers
1622,38,1,798.4200000000001,6,2,1,9,Loyal Customers
1623,1459,0,0.0,1,1,1,3,Lost Customers
1624,257,2,4974.4664999999995,4,3,5,12,Champions
1625,41,3,3448.1175,6,4,4,14,Champions
1626,39,2,649.41,6,3,1,10,Loyal Customers
1627,1046,1,1865.81,2,2,2,6,At Risk
1628,160,4,6058.326,4,5,5,14,Champions
1629,117,5,6984.4310000000005,5,5,5,15,Champions
1630,550,2,966.7759999999998,2,3,1,6,At Risk
1631,85,4,3486.758,5,5,4,14,Champions
1632,315,6,3829.3075,3,5,4,12,Champions
1633,265,5,4093.166,4,5,4,13,Champions
1634,577,1,3357.926,2,2,4,8,Potential Loyalists
1635,123,3,5882.7305,5,4,5,14,Champions
1636,206,2,1679.6770000000001,4,3,2,9,Loyal Customers
1637,44,3,5763.996,6,4,5,15,Champions
1638,189,1,335.88,4,2,1,7,Potential Loyalists
1639,1459,0,0.0,1,1,1,3,Lost Customers
1640,74,4,4198.2405,5,5,4,14,Champions
1641,1074,1,1199.222,2,2,2,6,At Risk
1642,51,3,2634.5209999999997,6,4,3,13,Champions
1643,475,1,1548.703,2,2,2,6,At Risk
1644,324,1,774.231,3,2,1,6,At Risk
1645,74,2,575.037,5,3,1,9,Loyal Customers
1646,1459,0,0.0,1,1,1,3,Lost Customers
1647,367,5,7239.253500000001,3,5,5,13,Champions
1648,144,4,3718.466,4,5,4,13,Champions
1649,310,2,3788.555,3,3,4,10,Loyal Customers
1650,71,4,4436.4715,5,5,4,14,Champions
1651,737,2,2585.406,2,3,3,8,Potential Loyalists
1652,172,2,5829.412,4,3,5,12,Champions
1653,834,1,1601.47,2,2,2,6,At Risk
1654,1459,0,0.0,1,1,1,3,Lost Customers
1655,169,1,523.352,4,2,1,7,Potential Loyalists
1656,189,5,6795.119500000001,4,5,5,14,Champions
1657,4,2,3539.1025,6,3,4,13,Champions
1658,261,4,6699.3,4,5,5,14,Champions
1659,96,2,2431.7555,5,3,3,11,Loyal Customers
1660,553,2,2597.536,2,3,3,8,Potential Loyalists
1661,59,2,1843.641,6,3,2,11,Loyal Customers
1662,55,2,1499.977,6,3,2,11,Loyal Customers
1663,673,3,2114.108,2,4,3,9,Loyal Customers
1664,138,6,7082.331,5,5,5,15,Champions
1665,116,3,4409.7075,5,4,4,13,Champions
1666,99,4,1318.98,5,5,2,12,Champions
1667,347,3,1609.2185,3,4,2,9,Loyal Customers
1668,94,3,7036.463,5,4,5,14,Champions
1669,397,4,6374.817499999999,3,5,5,13,Champions
1670,71,4,3608.6059999999998,5,5,4,14,Champions
1671,280,2,228.529,3,3,1,7,Potential Loyalists
1672,346,3,4301.6605,3,4,4,11,Loyal Customers
1673,74,3,2761.706,5,4,3,12,Champions
1674,75,2,-653.3124999999999,5,3,1,9,Loyal Customers
1675,1459,0,0.0,1,1,1,3,Lost Customers
1676,45,7,9514.1975,6,5,5,16,Champions
1677,140,2,1710.5075000000002,4,3,2,9,Loyal Customers
1678,36,2,1351.0325,6,3,2,11,Loyal Customers
1679,157,4,4611.202,4,5,5,14,Champions
1680,94,3,1219.8890000000001,5,4,2,11,Loyal Customers
1681,1459,0,0.0,1,1,1,3,Lost Customers
1682,475,2,783.3890000000001,2,3,1,6,At Risk
1683,716,2,3134.4965,2,3,3,8,Potential Loyalists
1684,1459,0,0.0,1,1,1,3,Lost Customers
1685,939,1,475.6400000000001,2,2,1,5,At Risk
1686,21,3,5371.9795,6,4,5,15,Champions
1687,1459,0,0.0,1,1,1,3,Lost Customers
1688,26,4,7872.786,6,5,5,16,Champions
1689,1459,2,1949.9215,1,3,2,6,At Risk
1690,99,1,835.068,5,2,1,8,Potential Loyalists
1691,394,3,4194.968,3,4,4,11,Loyal Customers
1692,106,3,3259.1375000000003,5,4,4,13,Champions
1693,514,3,3659.1025,2,4,4,10,Loyal Customers
1694,703,2,3079.139,2,3,3,8,Potential Loyalists
1695,511,2,1031.5,2,3,1,6,At Risk
1696,510,3,6277.231,2,4,5,11,Loyal Customers
1697,813,2,2377.718,2,3,3,8,Potential Loyalists
1698,638,1,159.648,2,2,1,5,At Risk
1699,236,2,1035.4850000000001,4,3,1,8,Potential Loyalists
1700,147,1,1316.722,4,2,2,8,Potential Loyalists
1701,194,1,1852.8534999999997,4,2,2,8,Potential Loyalists
1702,6,6,5215.594,6,5,5,16,Champions
1703,647,1,1385.1105,2,2,2,6,At Risk
1704,1065,1,1516.522,2,2,2,6,At Risk
1705,649,1,411.264,2,2,1,5,At Risk
1706,349,2,1953.7889999999998,3,3,2,8,Potential Loyalists
1707,704,1,620.373,2,2,1,5,At Risk
1708,63,4,3415.3295,5,5,4,14,Champions
1709,951,1,1023.3319999999999,2,2,1,5,At Risk
1710,346,1,89.43,3,2,1,6,At Risk
1711,1459,0,0.0,1,1,1,3,Lost Customers
1712,118,1,308.546,5,2,1,8,Potential Loyalists
1713,456,2,1539.3310000000001,3,3,2,8,Potential Loyalists
1714,74,5,2178.7200000000003,5,5,3,13,Champions
1715,159,3,3533.7955,4,4,4,12,Champions
1716,218,3,927.4110000000001,4,4,1,9,Loyal Customers
1717,466,3,2894.2245,3,4,3,10,Loyal Customers
1718,81,3,5609.2815,5,4,5,14,Champions
1719,31,5,5699.008,6,5,5,16,Champions
1720,111,3,3711.7085,5,4,4,13,Champions
1721,183,7,3563.901,4,5,4,13,Champions
1722,367,1,929.3499999999999,3,2,1,6,At Risk
1723,255,3,3141.0235000000002,4,4,4,12,Champions
1724,344,4,1404.0865000000001,3,5,2,10,Loyal Customers
1725,96,4,2574.8900000000003,5,5,3,13,Champions
1726,475,4,4652.415875000001,2,5,5,12,Champions
1727,94,5,4765.817,5,5,5,15,Champions
1728,38,2,3537.26,6,3,4,13,Champions
1729,275,2,2117.401,3,3,3,9,Loyal Customers
1730,442,1,711.68,3,2,1,6,At Risk
1731,231,1,807.33,4,2,1,7,Potential Loyalists
1732,347,3,4432.842000000001,3,4,4,11,Loyal Customers
1733,176,5,1965.1409999999998,4,5,2,11,Loyal Customers
1734,359,1,760.2415,3,2,1,6,At Risk
1735,1459,0,0.0,1,1,1,3,Lost Customers
1736,263,3,3895.7045,4,4,4,12,Champions
1737,458,1,1325.05,3,2,2,7,Potential Loyalists
1738,94,6,5692.3145,5,5,5,15,Champions
1739,44,5,5768.896,6,5,5,16,Champions
1740,1459,0,0.0,1,1,1,3,Lost Customers
1741,53,4,2998.274,6,5,3,14,Champions
1742,262,1,439.57800000000003,4,2,1,7,Potential Loyalists
1743,128,3,3531.2560000000003,5,4,4,13,Champions
1744,201,4,4585.452,4,5,5,14,Champions
1745,665,1,1267.83,2,2,2,6,At Risk
1746,402,1,958.352,3,2,1,6,At Risk
1747,685,1,1622.9665,2,2,2,6,At Risk
1748,16,3,2130.7315,6,4,3,13,Champions
1749,1459,0,0.0,1,1,1,3,Lost Customers
1750,357,3,7192.4220000000005,3,4,5,12,Champions
1751,24,2,2104.842,6,3,3,12,Champions
1752,100,2,18.69999999999999,5,3,1,9,Loyal Customers
1753,372,4,7548.3335,3,5,5,13,Champions
1754,145,2,1891.362,4,3,2,9,Loyal Customers
1755,1459,0,0.0,1,1,1,3,Lost Customers
1756,97,3,1269.927,5,4,2,11,Loyal Customers
1757,84,3,3303.9155,5,4,4,13,Champions
1758,977,2,2469.72,2,3,3,8,Potential Loyalists
1759,81,6,5121.5505,5,5,5,15,Champions
1760,191,3,2488.9905,4,4,3,11,Loyal Customers
1761,520,2,1809.9575,2,3,2,7,Potential Loyalists
1762,91,3,3571.877,5,4,4,13,Champions
1763,77,2,1160.519,5,3,2,10,Loyal Customers
1764,135,2,2642.739,5,3,3,11,Loyal Customers
1765,356,2,1744.38,3,3,2,8,Potential Loyalists
1766,77,2,2870.434,5,3,3,11,Loyal Customers
1767,244,2,2973.493,4,3,3,10,Loyal Customers
1768,497,2,3425.336,2,3,4,9,Loyal Customers
1769,1459,0,0.0,1,1,1,3,Lost Customers
1770,88,4,5762.4435,5,5,5,15,Champions
1771,1459,0,0.0,1,1,1,3,Lost Customers
1772,10,8,8263.887499999999,6,5,5,16,Champions
1773,2,5,5685.3935,6,5,5,16,Champions
1774,136,3,3317.6440000000002,5,4,4,13,Champions
1775,18,4,4198.726,6,5,4,15,Champions
1776,120,3,2934.6215,5,4,3,12,Champions
1777,123,2,620.2049999999999,5,3,1,9,Loyal Customers
1778,268,4,3910.8255,3,5,4,12,Champions
1779,9,5,3855.8509999999997,6,5,4,15,Champions
1780,204,2,430.6190000000001,4,3,1,8,Potential Loyalists
1781,789,3,3686.4784999999997,2,4,4,10,Loyal Customers
1782,545,1,682.77,2,2,1,5,At Risk
1783,361,3,3349.1724999999997,3,4,4,11,Loyal Customers
1784,54,3,2953.2290000000003,6,4,3,13,Champions
1785,565,2,3288.295,2,3,4,9,Loyal Customers
1786,134,4,3705.637,5,5,4,14,Champions
1787,77,4,2489.571,5,5,3,13,Champions
1788,12,4,3801.2295,6,5,4,15,Champions
1789,97,3,1110.089,5,4,1,10,Loyal Customers
1790,753,2,3377.1295,2,3,4,9,Loyal Customers
1791,50,2,3024.3374999999996,6,3,3,12,Champions
1792,728,1,921.5,2,2,1,5,At Risk
1793,62,3,3006.9735,5,4,3,12,Champions
1794,12,3,3577.76,6,4,4,14,Champions
1795,733,2,1277.9759999999999,2,3,2,7,Potential Loyalists
1796,307,2,2946.075,3,3,3,9,Loyal Customers
1797,1052,1,518.71,2,2,1,5,At Risk
1798,531,2,2674.8709999999996,2,3,3,8,Potential Loyalists
1799,1459,0,0.0,1,1,1,3,Lost Customers
1800,751,2,906.808,2,3,1,6,At Risk
1801,47,5,3654.6459999999997,6,5,4,15,Champions
1802,79,3,1707.0215,5,4,2,11,Loyal Customers
1803,19,2,1615.6309999999999,6,3,2,11,Loyal Customers
1804,18,1,1963.973,6,2,2,10,Loyal Customers
1805,19,4,3733.803,6,5,4,15,Champions
1806,500,2,1177.631,2,3,2,7,Potential Loyalists
1807,624,1,1188.63,2,2,2,6,At Risk
1808,1459,0,0.0,1,1,1,3,Lost Customers
1809,375,3,1651.1585,3,4,2,9,Loyal Customers
1810,30,4,2941.276,6,5,3,14,Champions
1811,109,3,5486.879,5,4,5,14,Champions
1812,307,3,3917.4615,3,4,4,11,Loyal Customers
1813,91,2,1792.2175000000002,5,3,2,10,Loyal Customers
1814,46,2,3063.6475,6,3,3,12,Champions
1815,116,4,8607.783,5,5,5,15,Champions
1816,31,2,1421.9595,6,3,2,11,Loyal Customers
1817,307,2,880.17,3,3,1,7,Potential Loyalists
1818,44,3,2705.873,6,4,3,13,Champions
1819,209,3,2240.288,4,4,3,11,Loyal Customers
1820,1459,0,0.0,1,1,1,3,Lost Customers
1821,781,2,1754.846,2,3,2,7,Potential Loyalists
1822,609,3,1249.3025,2,4,2,8,Potential Loyalists
1823,1068,2,2597.437,2,3,3,8,Potential Loyalists
1824,307,1,1493.406,3,2,2,7,Potential Loyalists
1825,183,3,5129.4130000000005,4,4,5,13,Champions
1826,88,3,3686.1695,5,4,4,13,Champions
1827,143,4,2263.7205,4,5,3,12,Champions
1828,352,2,794.6289999999999,3,3,1,7,Potential Loyalists
1829,742,2,1848.0955000000001,2,3,2,7,Potential Loyalists
1830,197,4,5427.986000000001,4,5,5,14,Champions
1831,676,2,569.636,2,3,1,6,At Risk
1832,1459,0,0.0,1,1,1,3,Lost Customers
1833,266,2,576.5385,4,3,1,8,Potential Loyalists
1834,190,4,4869.968,4,5,5,14,Champions
1835,18,4,6928.911,6,5,5,16,Champions
1836,524,2,396.48799999999994,2,3,1,6,At Risk
1837,29,3,1379.1325000000002,6,4,2,12,Champions
1838,349,1,1396.212,3,2,2,7,Potential Loyalists
1839,84,4,4359.449,5,5,4,14,Champions
1840,122,3,3175.8685,5,4,4,13,Champions
1841,426,2,5239.429,3,3,5,11,Loyal Customers
1842,1459,0,0.0,1,1,1,3,Lost Customers
1843,10,5,3641.8894999999998,6,5,4,15,Champions
1844,539,3,1628.8220000000001,2,4,2,8,Potential Loyalists
1845,66,3,7171.295,5,4,5,14,Champions
1846,518,2,2561.4429999999998,2,3,3,8,Potential Loyalists
1847,432,1,942.6255,3,2,1,6,At Risk
1848,29,2,1994.79,6,3,2,11,Loyal Customers
1849,413,2,1608.94,3,3,2,8,Potential Loyalists
1850,97,4,3484.7815,5,5,4,14,Champions
1851,44,5,6477.8145,6,5,5,16,Champions
1852,211,1,3486.645,4,2,4,10,Loyal Customers
1853,30,3,1094.6345,6,4,1,11,Loyal Customers
1854,53,4,4817.9265000000005,6,5,5,16,Champions
1855,414,1,850.7909999999999,3,2,1,6,At Risk
1856,1459,0,0.0,1,1,1,3,Lost Customers
1857,1459,0,0.0,1,1,1,3,Lost Customers
1858,9,2,2232.5,6,3,3,12,Champions
1859,1459,0,0.0,1,1,1,3,Lost Customers
1860,90,5,4889.046625,5,5,5,15,Champions
1861,660,4,4776.903,2,5,5,12,Champions
1862,222,2,1571.3405,4,3,2,9,Loyal Customers
1863,1459,0,0.0,1,1,1,3,Lost Customers
1864,12,5,4018.904,6,5,4,15,Champions
1865,156,3,76.31550000000004,4,4,1,9,Loyal Customers
1866,499,1,1050.92,2,2,1,5,At Risk
1867,362,2,3325.889,3,3,4,10,Loyal Customers
1868,298,4,3148.25,3,5,4,12,Champions
1869,565,3,2271.4725,2,4,3,9,Loyal Customers
1870,200,5,2090.0515,4,5,3,12,Champions
1871,96,3,2164.9575,5,4,3,12,Champions
1872,737,1,246.699,2,2,1,5,At Risk
1873,424,2,1159.4375,3,3,2,8,Potential Loyalists
1874,467,2,1454.68,3,3,2,8,Potential Loyalists
1875,765,4,3393.5275,2,5,4,11,Loyal Customers
1876,141,3,2969.352,4,4,3,11,Loyal Customers
1877,130,2,105.756,5,3,1,9,Loyal Customers
1878,545,4,4047.3509999999997,2,5,4,11,Loyal Customers
1879,236,2,1348.106,4,3,2,9,Loyal Customers
1880,17,3,2007.0535,6,4,2,12,Champions
1881,747,4,1458.9279999999999,2,5,2,9,Loyal Customers
1882,11,2,1686.9575,6,3,2,11,Loyal Customers
1883,62,3,4189.03,5,4,4,13,Champions
1884,665,1,14.73,2,2,1,5,At Risk
1885,125,2,257.984,5,3,1,9,Loyal Customers
1886,363,2,2745.022,3,3,3,9,Loyal Customers
1887,336,2,833.6885,3,3,1,7,Potential Loyalists
1888,127,2,2386.2299999999996,5,3,3,11,Loyal Customers
1889,113,3,6252.4985,5,4,5,14,Champions
1890,14,4,7579.8765,6,5,5,16,Champions
1891,771,1,1709.08,2,2,2,6,At Risk
1892,229,4,3595.175,4,5,4,13,Champions
1893,251,4,6830.28,4,5,5,14,Champions
1894,239,5,4263.8705,4,5,4,13,Champions
1895,252,3,3963.4985,4,4,4,12,Champions
1896,249,3,1136.8925,4,4,1,9,Loyal Customers
1897,514,3,3469.179625,2,4,4,10,Loyal Customers
1898,363,2,4719.8189999999995,3,3,5,11,Loyal Customers
1899,86,3,1409.1135,5,4,2,11,Loyal Customers
1900,1459,0,0.0,1,1,1,3,Lost Customers
1901,88,4,8229.849,5,5,5,15,Champions
1902,1459,0,0.0,1,1,1,3,Lost Customers
1903,162,2,1781.0455,4,3,2,9,Loyal Customers
1904,255,5,4685.6720000000005,4,5,5,14,Champions
1905,37,2,1909.723,6,3,2,11,Loyal Customers
1906,422,2,1638.6755,3,3,2,8,Potential Loyalists
1907,166,4,5247.6735,4,5,5,14,Champions
1908,33,3,1157.3225,6,4,1,11,Loyal Customers
1909,63,2,4057.817,5,3,4,12,Champions
1910,258,3,2262.17,4,4,3,11,Loyal Customers
1911,61,4,6946.514375000001,5,5,5,15,Champions
1912,307,3,3901.9105000000004,3,4,4,11,Loyal Customers
1913,445,2,2034.4135,3,3,2,8,Potential Loyalists
1914,270,4,4580.784,3,5,5,13,Champions
1915,240,4,2343.4049999999997,4,5,3,12,Champions
1916,670,1,63.139499999999884,2,2,1,5,At Risk
1917,456,2,2881.2765,3,3,3,9,Loyal Customers
1918,87,2,1948.708,5,3,2,10,Loyal Customers
1919,547,2,935.9839999999999,2,3,1,6,At Risk
1920,284,2,3753.183,3,3,4,10,Loyal Customers
1921,73,3,3713.1415,5,4,4,13,Champions
1922,108,5,3822.8235,5,5,4,14,Champions
1923,455,3,503.45399999999995,3,4,1,8,Potential Loyalists
1924,250,6,10500.401,4,5,5,14,Champions
1925,556,2,1240.3980000000001,2,3,2,7,Potential Loyalists
1926,311,3,3460.363,3,4,4,11,Loyal Customers
1927,201,2,1588.5545,4,3,2,9,Loyal Customers
1928,1459,0,0.0,1,1,1,3,Lost Customers
1929,37,8,6445.1134999999995,6,5,5,16,Champions
1930,138,2,512.8634999999999,5,3,1,9,Loyal Customers
1931,130,4,7431.577,5,5,5,15,Champions
1932,38,4,7917.913500000001,6,5,5,16,Champions
1933,169,1,-295.88800000000003,4,2,1,7,Potential Loyalists
1934,233,2,1500.059,4,3,2,9,Loyal Customers
1935,367,1,2060.044,3,2,2,7,Potential Loyalists
1936,454,1,2254.8235,3,2,3,8,Potential Loyalists
1937,215,3,4472.7325,4,4,4,12,Champions
1938,810,2,1742.2055,2,3,2,7,Potential Loyalists
1939,70,2,3686.1305,5,3,4,12,Champions
1940,85,7,6215.981125,5,5,5,15,Champions
1941,36,4,2793.9115,6,5,3,14,Champions
1942,451,3,2031.3975,3,4,2,9,Loyal Customers
1943,1459,0,0.0,1,1,1,3,Lost Customers
1944,726,3,3397.888,2,4,4,10,Loyal Customers
1945,392,1,903.1800000000001,3,2,1,6,At Risk
1946,410,1,915.01,3,2,1,6,At Risk
1947,18,4,2475.557,6,5,3,14,Champions
1948,364,1,163.71150000000006,3,2,1,6,At Risk
1949,1459,0,0.0,1,1,1,3,Lost Customers
1950,984,1,621.164,2,2,1,5,At Risk
1951,47,4,1727.036,6,5,2,13,Champions
1952,1459,0,0.0,1,1,1,3,Lost Customers
1953,622,2,1076.0645,2,3,1,6,At Risk
1954,22,3,1767.452,6,4,2,12,Champions
1955,198,1,1222.03,4,2,2,8,Potential Loyalists
1956,91,3,3648.2329999999997,5,4,4,13,Champions
1957,26,4,2393.1375,6,5,3,14,Champions
1958,546,2,2600.316,2,3,3,8,Potential Loyalists
1959,270,1,1638.68,3,2,2,7,Potential Loyalists
1960,341,2,1719.4360000000001,3,3,2,8,Potential Loyalists
1961,38,2,2449.176,6,3,3,12,Champions
1962,392,2,2537.292,3,3,3,9,Loyal Customers
1963,534,2,2258.0969999999998,2,3,3,8,Potential Loyalists
1964,191,3,2878.826,4,4,3,11,Loyal Customers
1965,72,4,3275.981,5,5,4,14,Champions
1966,6,3,2094.3275,6,4,3,13,Champions
1967,233,3,2837.6275,4,4,3,11,Loyal Customers
1968,244,4,5298.825,4,5,5,14,Champions
1969,57,2,2444.323,6,3,3,12,Champions
1970,27,6,4904.8655,6,5,5,16,Champions
1971,153,6,4348.208,4,5,4,13,Champions
1972,12,6,4614.079,6,5,5,16,Champions
1973,14,5,1158.542,6,5,2,13,Champions
1974,227,4,2014.254,4,5,2,11,Loyal Customers
1975,98,4,4531.0345,5,5,4,14,Champions
1976,159,3,4717.7025,4,4,5,13,Champions
1977,181,2,385.96,4,3,1,8,Potential Loyalists
1978,395,3,3854.5795,3,4,4,11,Loyal Customers
1979,824,3,4747.6375,2,4,5,11,Loyal Customers
1980,318,2,3061.8845,3,3,3,9,Loyal Customers
1981,29,9,8649.733,6,5,5,16,Champions
1982,441,1,993.6,3,2,1,6,At Risk
1983,275,2,1276.391,3,3,2,8,Potential Loyalists
1984,80,3,1872.317,5,4,2,11,Loyal Customers
1985,828,2,2608.426,2,3,3,8,Potential Loyalists
1986,640,1,828.8085,2,2,1,5,At Risk
1987,130,3,3021.407,5,4,3,12,Champions
1988,275,2,-127.82000000000005,3,3,1,7,Potential Loyalists
1989,183,3,3583.9235,4,4,4,12,Champions
1990,1459,0,0.0,1,1,1,3,Lost Customers
1991,163,3,2291.1710000000003,4,4,3,11,Loyal Customers
1992,167,3,1752.0245,4,4,2,10,Loyal Customers
1993,886,2,3941.472,2,3,4,9,Loyal Customers
1994,834,2,3182.989,2,3,4,9,Loyal Customers
1995,418,5,4465.00075,3,5,4,12,Champions
1996,1459,0,0.0,1,1,1,3,Lost Customers
1997,49,1,321.1135,6,2,1,9,Loyal Customers
1998,55,2,354.15599999999995,6,3,1,10,Loyal Customers
1999,324,7,5384.668000000001,3,5,5,13,Champions
2000,6,5,3485.5389999999998,6,5,4,15,Champions
2001,404,1,239.28599999999997,3,2,1,6,At Risk
2002,102,2,2229.3705,5,3,3,11,Loyal Customers
2003,268,1,248.94,3,2,1,6,At Risk
2004,593,1,357.264,2,2,1,5,At Risk
2005,103,3,3111.403,5,4,3,12,Champions
2006,1459,0,0.0,1,1,1,3,Lost Customers
2007,1459,0,0.0,1,1,1,3,Lost Customers
2008,223,3,3289.214,4,4,4,12,Champions
2009,127,2,6713.601000000001,5,3,5,13,Champions
2010,382,1,1188.497,3,2,2,7,Potential Loyalists
2011,626,3,4395.442,2,4,4,10,Loyal Customers
2012,59,4,4420.906,6,5,4,15,Champions
2013,251,5,6588.532999999999,4,5,5,14,Champions
2014,180,3,3374.0695,4,4,4,12,Champions
2015,355,1,1965.32,3,2,2,7,Potential Loyalists
2016,127,4,3910.772,5,5,4,14,Champions
2017,115,5,4018.952,5,5,4,14,Champions
2018,68,4,3719.0015000000003,5,5,4,14,Champions
2019,74,4,1938.9944999999998,5,5,2,12,Champions
2020,395,2,1537.446,3,3,2,8,Potential Loyalists
2021,82,3,3527.4,5,4,4,13,Champions
2022,398,1,908.3899999999999,3,2,1,6,At Risk
2023,102,2,2367.393,5,3,3,11,Loyal Customers
2024,1459,0,0.0,1,1,1,3,Lost Customers
2025,96,1,510.39,5,2,1,8,Potential Loyalists
2026,9,2,2079.004,6,3,2,11,Loyal Customers
2027,14,3,3545.964,6,4,4,14,Champions
2028,348,1,1434.834,3,2,2,7,Potential Loyalists
2029,10,1,1767.8759999999997,6,2,2,10,Loyal Customers
2030,203,2,2142.8955,4,3,3,10,Loyal Customers
2031,125,3,2770.9320000000002,5,4,3,12,Champions
2032,61,1,1533.0495,5,2,2,9,Loyal Customers
2033,76,3,3333.8355,5,4,4,13,Champions
2034,86,3,3919.5575,5,4,4,13,Champions
2035,408,2,381.135,3,3,1,7,Potential Loyalists
2036,118,6,3466.5825,5,5,4,14,Champions
2037,54,4,5021.631,6,5,5,16,Champions
2038,112,2,2629.187,5,3,3,11,Loyal Customers
2039,267,4,2800.319,4,5,3,12,Champions
2040,518,1,1068.0500000000002,2,2,1,5,At Risk
2041,285,1,530.23,3,2,1,6,At Risk
2042,159,2,2565.1105,4,3,3,10,Loyal Customers
2043,1459,0,0.0,1,1,1,3,Lost Customers
2044,166,2,1114.0104999999999,4,3,1,8,Potential Loyalists
2045,304,1,703.658,3,2,1,6,At Risk
2046,65,2,451.13199999999995,5,3,1,9,Loyal Customers
2047,156,5,5570.9645,4,5,5,14,Champions
2048,1006,1,556.76,2,2,1,5,At Risk
2049,432,3,3685.929,3,4,4,11,Loyal Customers
2050,273,4,7435.0295,3,5,5,13,Champions
2051,247,5,3131.3595,4,5,3,12,Champions
2052,155,3,2555.346,4,4,3,11,Loyal Customers
2053,69,1,1499.0100000000002,5,2,2,9,Loyal Customers
2054,137,4,4840.1,5,5,5,15,Champions
2055,763,1,817.549,2,2,1,5,At Risk
2056,94,4,4449.8565,5,5,4,14,Champions
2057,1459,0,0.0,1,1,1,3,Lost Customers
2058,486,3,2400.54,2,4,3,9,Loyal Customers
2059,39,4,1890.7465000000002,6,5,2,13,Champions
2060,170,2,2847.8775,4,3,3,10,Loyal Customers
2061,507,3,1666.494,2,4,2,8,Potential Loyalists
2062,44,2,1729.298,6,3,2,11,Loyal Customers
2063,27,2,2941.511,6,3,3,12,Champions
2064,699,3,1385.386,2,4,2,8,Potential Loyalists
2065,11,3,2522.3,6,4,3,13,Champions
2066,256,1,2526.831,4,2,3,9,Loyal Customers
2067,1459,0,0.0,1,1,1,3,Lost Customers
2068,44,4,3742.2905,6,5,4,15,Champions
2069,51,3,1926.184,6,4,2,12,Champions
2070,78,3,4437.305,5,4,4,13,Champions
2071,152,1,199.36,4,2,1,7,Potential Loyalists
2072,891,1,1850.877,2,2,2,6,At Risk
2073,96,2,5726.92,5,3,5,13,Champions
2074,85,6,4530.6495,5,5,4,14,Champions
2075,1459,0,0.0,1,1,1,3,Lost Customers
2076,98,4,5289.69,5,5,5,15,Champions
2077,7,4,7154.943499999999,6,5,5,16,Champions
2078,148,6,5812.3525,4,5,5,14,Champions
2079,234,4,3375.844,4,5,4,13,Champions
2080,469,3,1396.3319999999999,2,4,2,8,Potential Loyalists
2081,78,4,1343.24,5,5,2,12,Champions
2082,37,3,5353.4435,6,4,5,15,Champions
2083,294,1,448.56,3,2,1,6,At Risk
2084,370,3,3008.4565000000002,3,4,3,10,Loyal Customers
2085,20,2,749.2935,6,3,1,10,Loyal Customers
2086,1459,0,0.0,1,1,1,3,Lost Customers
2087,273,2,858.1475,3,3,1,7,Potential Loyalists
2088,47,5,6330.82775,6,5,5,16,Champions
2089,389,1,1230.2435,3,2,2,7,Potential Loyalists
2090,71,2,1032.2795,5,3,1,9,Loyal Customers
2091,525,2,1112.028,2,3,1,6,At Risk
2092,4,1,1470.07,6,2,2,10,Loyal Customers
2093,613,2,1542.77,2,3,2,7,Potential Loyalists
2094,415,2,1248.7534999999998,3,3,2,8,Potential Loyalists
2095,201,2,2960.8810000000003,4,3,3,10,Loyal Customers
2096,316,2,3067.3450000000003,3,3,3,9,Loyal Customers
2097,1459,0,0.0,1,1,1,3,Lost Customers
2098,22,3,1355.537,6,4,2,12,Champions
2099,527,1,3481.66,2,2,4,8,Potential Loyalists
2100,835,1,-426.525,2,2,1,5,At Risk
2101,1459,0,0.0,1,1,1,3,Lost Customers
2102,59,4,3971.5835,6,5,4,15,Champions
2103,114,2,2552.951,5,3,3,11,Loyal Customers
2104,217,3,3849.351,4,4,4,12,Champions
2105,135,3,2943.6459999999997,5,4,3,12,Champions
2106,208,2,1002.766,4,3,1,8,Potential Loyalists
2107,214,3,4485.491,4,4,4,12,Champions
2108,97,4,3444.1915,5,5,4,14,Champions
2109,17,5,6318.4664999999995,6,5,5,16,Champions
2110,776,2,3107.930625,2,3,3,8,Potential Loyalists
2111,337,5,2568.6375,3,5,3,11,Loyal Customers
2112,514,4,2633.7754999999997,2,5,3,10,Loyal Customers
2113,1050,1,667.54,2,2,1,5,At Risk
2114,842,1,409.53549999999996,2,2,1,5,At Risk
2115,357,4,5604.8585,3,5,5,13,Champions
2116,225,2,2887.19,4,3,3,10,Loyal Customers
2117,515,2,2484.645,2,3,3,8,Potential Loyalists
2118,237,1,1782.124,4,2,2,8,Potential Loyalists
2119,588,1,494.744,2,2,1,5,At Risk
2120,166,4,3996.6895,4,5,4,13,Champions
2121,641,3,5407.1125,2,4,5,11,Loyal Customers
2122,76,2,5629.4625,5,3,5,13,Champions
2123,2,1,2344.7495,6,2,3,11,Loyal Customers
2124,4,2,1560.863,6,3,2,11,Loyal Customers
2125,383,2,1531.762,3,3,2,8,Potential Loyalists
2126,233,2,2777.5069999999996,4,3,3,10,Loyal Customers
2127,184,1,341.21,4,2,1,7,Potential Loyalists
2128,660,1,28.2245,2,2,1,5,At Risk
2129,147,3,4791.964,4,4,5,13,Champions
2130,27,4,4072.458,6,5,4,15,Champions
2131,419,1,1962.886,3,2,2,7,Potential Loyalists
2132,245,2,1503.768,4,3,2,9,Loyal Customers
2133,420,4,2228.3599999999997,3,5,3,11,Loyal Customers
2134,1459,0,0.0,1,1,1,3,Lost Customers
2135,55,3,6012.601000000001,6,4,5,15,Champions
2136,1459,0,0.0,1,1,1,3,Lost Customers
2137,783,1,950.2805000000001,2,2,1,5,At Risk
2138,89,3,3952.8914999999997,5,4,4,13,Champions
2139,95,6,5569.5554999999995,5,5,5,15,Champions
2140,6,3,4626.702,6,4,5,15,Champions
2141,113,3,5041.7699999999995,5,4,5,14,Champions
2142,89,2,2239.691,5,3,3,11,Loyal Customers
2143,403,6,9154.56,3,5,5,13,Champions
2144,566,2,5156.205,2,3,5,10,Loyal Customers
2145,1459,0,0.0,1,1,1,3,Lost Customers
2146,334,5,4604.377,3,5,5,13,Champions
2147,19,1,2252.728,6,2,3,11,Loyal Customers
2148,192,3,5363.3745,4,4,5,13,Champions
2149,113,3,2783.2430000000004,5,4,3,12,Champions
2150,50,6,5540.28,6,5,5,16,Champions
2151,35,4,7792.2185,6,5,5,16,Champions
2152,115,3,2722.025,5,4,3,12,Champions
2153,75,3,4936.7919999999995,5,4,5,14,Champions
2154,794,2,1187.544,2,3,2,7,Potential Loyalists
2155,146,3,1837.74,4,4,2,10,Loyal Customers
2156,800,2,1554.5194999999999,2,3,2,7,Potential Loyalists
2157,622,3,5452.8369999999995,2,4,5,11,Loyal Customers
2158,372,1,479.4,3,2,1,6,At Risk
2159,194,2,2410.11,4,3,3,10,Loyal Customers
2160,41,5,9696.2965,6,5,5,16,Champions
2161,1459,0,0.0,1,1,1,3,Lost Customers
2162,80,2,3056.033,5,3,3,11,Loyal Customers
2163,307,2,2433.3,3,3,3,9,Loyal Customers
2164,26,6,6978.939,6,5,5,16,Champions
2165,536,2,3906.9325,2,3,4,9,Loyal Customers
2166,16,3,1481.087,6,4,2,12,Champions
2167,154,4,3512.4840000000004,4,5,4,13,Champions
2168,144,1,863.83,4,2,1,7,Potential Loyalists
2169,743,2,1680.4650000000001,2,3,2,7,Potential Loyalists
2170,79,5,4333.567,5,5,4,14,Champions
2171,523,1,1208.1299999999999,2,2,2,6,At Risk
2172,351,3,2310.056,3,4,3,10,Loyal Customers
2173,59,2,1096.204,6,3,1,10,Loyal Customers
2174,290,5,7657.611,3,5,5,13,Champions
2175,66,5,7243.081,5,5,5,15,Champions
2176,9,4,3725.9935,6,5,4,15,Champions
2177,469,2,509.88,2,3,1,6,At Risk
2178,208,5,3331.8785,4,5,4,13,Champions
2179,1459,0,0.0,1,1,1,3,Lost Customers
2180,25,6,11235.86,6,5,5,16,Champions
2181,61,3,1833.5375,5,4,2,11,Loyal Customers
2182,70,1,1849.7735,5,2,2,9,Loyal Customers
2183,1459,0,0.0,1,1,1,3,Lost Customers
2184,138,4,4936.167,5,5,5,15,Champions
2185,1459,0,0.0,1,1,1,3,Lost Customers
2186,518,3,1544.22,2,4,2,8,Potential Loyalists
2187,584,2,1526.526,2,3,2,7,Potential Loyalists
2188,595,3,3082.585,2,4,3,9,Loyal Customers
2189,30,4,2719.903,6,5,3,14,Champions
2190,984,1,1902.5665,2,2,2,6,At Risk
2191,160,3,3184.536,4,4,4,12,Champions
2192,92,4,5243.6725,5,5,5,15,Champions
2193,18,7,7552.524,6,5,5,16,Champions
2194,237,2,928.287,4,3,1,8,Potential Loyalists
2195,225,3,7482.505,4,4,5,13,Champions
2196,112,4,5306.495,5,5,5,15,Champions
2197,214,3,4856.4310000000005,4,4,5,13,Champions
2198,26,4,951.3349999999999,6,5,1,12,Champions
2199,4,1,4094.0670000000005,6,2,4,12,Champions
2200,921,2,3049.766,2,3,3,8,Potential Loyalists
2201,38,2,2300.8125,6,3,3,12,Champions
2202,1459,0,0.0,1,1,1,3,Lost Customers
2203,12,2,2219.1375,6,3,3,12,Champions
2204,236,3,1322.2060000000001,4,4,2,10,Loyal Customers
2205,737,4,5418.133,2,5,5,12,Champions
2206,338,3,1470.388,3,4,2,9,Loyal Customers
2207,873,2,746.1975,2,3,1,6,At Risk
2208,121,3,2614.0245,5,4,3,12,Champions
2209,886,2,2510.954,2,3,3,8,Potential Loyalists
2210,47,2,511.34950000000003,6,3,1,10,Loyal Customers
2211,836,1,939.086,2,2,1,5,At Risk
2212,109,5,5324.4955,5,5,5,15,Champions
2213,598,2,616.13,2,3,1,6,At Risk
2214,277,2,3241.62,3,3,4,10,Loyal Customers
2215,482,3,1810.81,2,4,2,8,Potential Loyalists
2216,400,1,3360.078,3,2,4,9,Loyal Customers
2217,66,3,3168.605,5,4,4,13,Champions
2218,284,3,4405.872,3,4,4,11,Loyal Customers
2219,1000,1,1471.4569999999999,2,2,2,6,At Risk
2220,21,4,4308.053,6,5,4,15,Champions
2221,386,4,4503.356,3,5,4,12,Champions
2222,437,3,4039.32,3,4,4,11,Loyal Customers
2223,491,2,995.243,2,3,1,6,At Risk
2224,392,1,321.678,3,2,1,6,At Risk
2225,83,3,2947.8905,5,4,3,12,Champions
2226,207,2,3328.9719999999998,4,3,4,11,Loyal Customers
2227,175,3,2566.0204999999996,4,4,3,11,Loyal Customers
2228,147,2,1615.0300000000002,4,3,2,9,Loyal Customers
2229,387,4,4978.157999999999,3,5,5,13,Champions
2230,255,2,1415.613,4,3,2,9,Loyal Customers
2231,637,1,568.7475,2,2,1,5,At Risk
2232,43,3,1824.6585,6,4,2,12,Champions
2233,82,3,4744.664,5,4,5,14,Champions
2234,433,2,3014.6584999999995,3,3,3,9,Loyal Customers
2235,7,3,4238.282,6,4,4,14,Champions
2236,108,4,4461.95,5,5,4,14,Champions
2237,387,5,7453.5445,3,5,5,13,Champions
2238,279,3,3838.4855,3,4,4,11,Loyal Customers
2239,32,6,4291.6235,6,5,4,15,Champions
2240,7,5,5529.4345,6,5,5,16,Champions
2241,51,4,5248.598,6,5,5,16,Champions
2242,612,2,1256.556,2,3,2,7,Potential Loyalists
2243,433,2,1945.937,3,3,2,8,Potential Loyalists
2244,1459,3,637.55,1,4,1,6,At Risk
2245,369,4,8536.860999999999,3,5,5,13,Champions
2246,588,3,3522.18,2,4,4,10,Loyal Customers
2247,33,1,1839.47,6,2,2,10,Loyal Customers
2248,652,5,2724.4505,2,5,3,10,Loyal Customers
2249,765,2,1315.3695,2,3,2,7,Potential Loyalists
2250,890,2,2960.5695,2,3,3,8,Potential Loyalists
2251,137,1,941.4105000000001,5,2,1,8,Potential Loyalists
2252,86,3,2384.552,5,4,3,12,Champions
2253,46,4,8923.756,6,5,5,16,Champions
2254,192,1,739.578,4,2,1,7,Potential Loyalists
2255,51,3,4957.161,6,4,5,15,Champions
2256,71,2,1480.745,5,3,2,10,Loyal Customers
2257,24,4,4078.1525,6,5,4,15,Champions
2258,1459,0,0.0,1,1,1,3,Lost Customers
2259,826,1,192.438,2,2,1,5,At Risk
2260,303,2,436.0045,3,3,1,7,Potential Loyalists
2261,340,5,4187.093,3,5,4,12,Champions
2262,152,3,532.828,4,4,1,9,Loyal Customers
2263,363,5,6703.7255,3,5,5,13,Champions
2264,161,2,984.884,4,3,1,8,Potential Loyalists
2265,1459,3,3788.656,1,4,4,9,Loyal Customers
2266,150,1,1074.2759999999998,4,2,1,7,Potential Loyalists
2267,13,3,2094.4539999999997,6,4,3,13,Champions
2268,51,1,1117.899,6,2,1,9,Loyal Customers
2269,59,3,3830.2975,6,4,4,14,Champions
2270,663,1,1459.52,2,2,2,6,At Risk
2271,71,5,7281.3730000000005,5,5,5,15,Champions
2272,83,4,3392.3195,5,5,4,14,Champions
2273,271,3,6078.4545,3,4,5,12,Champions
2274,136,2,2383.234,5,3,3,11,Loyal Customers
2275,32,5,3560.117,6,5,4,15,Champions
2276,141,1,881.38,4,2,1,7,Potential Loyalists
2277,672,3,4206.5215,2,4,4,10,Loyal Customers
2278,28,3,2954.961,6,4,3,13,Champions
2279,224,1,1287.2469999999998,4,2,2,8,Potential Loyalists
2280,364,5,8079.501875,3,5,5,13,Champions
2281,196,3,2314.0434999999998,4,4,3,11,Loyal Customers
2282,339,2,2897.4865,3,3,3,9,Loyal Customers
2283,1459,0,0.0,1,1,1,3,Lost Customers
2284,165,3,5075.744,4,4,5,13,Champions
2285,43,2,1690.97,6,3,2,11,Loyal Customers
2286,247,3,1173.4045,4,4,2,10,Loyal Customers
2287,225,4,4928.3814999999995,4,5,5,14,Champions
2288,295,1,971.001,3,2,1,6,At Risk
2289,643,2,2421.4905,2,3,3,8,Potential Loyalists
2290,398,2,3250.08,3,3,4,10,Loyal Customers
2291,372,3,1792.161,3,4,2,9,Loyal Customers
2292,35,6,3728.713,6,5,4,15,Champions
2293,409,2,4933.1835,3,3,5,11,Loyal Customers
2294,560,2,3373.756,2,3,4,9,Loyal Customers
2295,185,6,5328.7335,4,5,5,14,Champions
2296,143,4,4653.856,4,5,5,14,Champions
2297,23,6,7727.1695,6,5,5,16,Champions
2298,13,2,1442.114,6,3,2,11,Loyal Customers
2299,1459,0,0.0,1,1,1,3,Lost Customers
2300,39,3,4413.1355,6,4,4,14,Champions
2301,155,2,3831.7825,4,3,4,11,Loyal Customers
2302,63,4,2779.28,5,5,3,13,Champions
2303,199,1,2050.1375000000003,4,2,2,8,Potential Loyalists
2304,1459,0,0.0,1,1,1,3,Lost Customers
2305,1,3,3378.88,6,4,4,14,Champions
2306,180,1,139.949,4,2,1,7,Potential Loyalists
2307,456,1,454.92249999999996,3,2,1,6,At Risk
2308,194,3,4021.6600000000003,4,4,4,12,Champions
2309,168,1,928.2860000000001,4,2,1,7,Potential Loyalists
2310,367,2,3823.831,3,3,4,10,Loyal Customers
2311,479,2,3037.3485,2,3,3,8,Potential Loyalists
2312,251,1,2871.93,4,2,3,9,Loyal Customers
2313,5,2,788.852,6,3,1,10,Loyal Customers
2314,251,3,2657.0495,4,4,3,11,Loyal Customers
2315,84,5,3900.941,5,5,4,14,Champions
2316,1459,0,0.0,1,1,1,3,Lost Customers
2317,1459,0,0.0,1,1,1,3,Lost Customers
2318,1459,0,0.0,1,1,1,3,Lost Customers
2319,225,2,1765.3355000000001,4,3,2,9,Loyal Customers
2320,319,1,3451.558,3,2,4,9,Loyal Customers
2321,1010,1,1523.1129999999998,2,2,2,6,At Risk
2322,44,2,5467.934499999999,6,3,5,14,Champions
2323,1459,5,4859.43,1,5,5,11,Loyal Customers
2324,353,2,1699.2719999999997,3,3,2,8,Potential Loyalists
2325,1459,0,0.0,1,1,1,3,Lost Customers
2326,35,2,761.1210000000001,6,3,1,10,Loyal Customers
2327,32,3,1063.1390000000001,6,4,1,11,Loyal Customers
2328,412,1,1148.619625,3,2,1,6,At Risk
2329,203,2,1195.0725,4,3,2,9,Loyal Customers
2330,170,3,3794.454,4,4,4,12,Champions
2331,111,3,3038.253,5,4,3,12,Champions
2332,91,6,4580.6179999999995,5,5,5,15,Champions
2333,289,2,1923.1417500000002,3,3,2,8,Potential Loyalists
2334,1459,0,0.0,1,1,1,3,Lost Customers
2335,924,1,-363.16,2,2,1,5,At Risk
2336,122,2,2415.948,5,3,3,11,Loyal Customers
2337,517,2,2501.01,2,3,3,8,Potential Loyalists
2338,297,3,4211.893,3,4,4,11,Loyal Customers
2339,63,5,3352.4715,5,5,4,14,Champions
2340,320,2,1039.394,3,3,1,7,Potential Loyalists
2341,230,4,4596.6045,4,5,5,14,Champions
2342,341,3,2716.4145,3,4,3,10,Loyal Customers
2343,55,4,6420.933,6,5,5,16,Champions
2344,188,3,3968.9165000000003,4,4,4,12,Champions
2345,302,4,6367.3475,3,5,5,13,Champions
2346,97,4,1756.4025,5,5,2,12,Champions
2347,347,2,1085.078,3,3,1,7,Potential Loyalists
2348,706,1,415.45399999999995,2,2,1,5,At Risk
2349,301,3,2085.67,3,4,2,9,Loyal Customers
2350,810,1,5697.248625,2,2,5,9,Loyal Customers
2351,1459,0,0.0,1,1,1,3,Lost Customers
2352,1027,1,251.88,2,2,1,5,At Risk
2353,262,1,767.7950000000001,4,2,1,7,Potential Loyalists
2354,91,3,1303.43,5,4,2,11,Loyal Customers
2355,391,3,3776.764,3,4,4,11,Loyal Customers
2356,369,3,2869.1,3,4,3,10,Loyal Customers
2357,317,5,4483.267,3,5,4,12,Champions
2358,520,4,2245.3759999999997,2,5,3,10,Loyal Customers
2359,315,2,1286.954,3,3,2,8,Potential Loyalists
2360,287,1,406.85249999999996,3,2,1,6,At Risk
2361,484,4,2951.489,2,5,3,10,Loyal Customers
2362,29,4,1961.4,6,5,2,13,Champions
2363,146,1,861.59,4,2,1,7,Potential Loyalists
2364,332,7,12807.9275,3,5,5,13,Champions
2365,382,2,2481.8765000000003,3,3,3,9,Loyal Customers
2366,1459,0,0.0,1,1,1,3,Lost Customers
2367,135,2,2303.7475,5,3,3,11,Loyal Customers
2368,1459,0,0.0,1,1,1,3,Lost Customers
2369,137,3,2798.3940000000002,5,4,3,12,Champions
2370,661,5,3124.31,2,5,3,10,Loyal Customers
2371,101,4,4141.108,5,5,4,14,Champions
2372,90,7,5395.091,5,5,5,15,Champions
2373,761,1,348.46999999999997,2,2,1,5,At Risk
2374,1058,1,297.56,2,2,1,5,At Risk
2375,314,4,4091.3804999999998,3,5,4,12,Champions
2376,1045,1,528.78,2,2,1,5,At Risk
2377,1072,1,443.6,2,2,1,5,At Risk
2378,126,6,7640.777,5,5,5,15,Champions
2379,259,2,751.54,4,3,1,8,Potential Loyalists
2380,601,1,2782.0045,2,2,3,7,Potential Loyalists
2381,15,4,3759.547,6,5,4,15,Champions
2382,74,2,2978.094,5,3,3,11,Loyal Customers
2383,32,2,2296.0964999999997,6,3,3,12,Champions
2384,67,4,3866.7895,5,5,4,14,Champions
2385,283,1,2046.5839999999998,3,2,2,7,Potential Loyalists
2386,284,3,3107.3635,3,4,3,10,Loyal Customers
2387,1459,0,0.0,1,1,1,3,Lost Customers
2388,858,1,1209.115,2,2,2,6,At Risk
2389,379,1,503.34,3,2,1,6,At Risk
2390,1000,1,628.48,2,2,1,5,At Risk
2391,916,1,1307.992,2,2,2,6,At Risk
2392,525,3,2378.379,2,4,3,9,Loyal Customers
2393,203,2,1076.1815,4,3,1,8,Potential Loyalists
2394,158,6,7817.1885,4,5,5,14,Champions
2395,686,3,2459.111,2,4,3,9,Loyal Customers
2396,75,2,3445.0280000000002,5,3,4,12,Champions
2397,480,4,3860.9825,2,5,4,11,Loyal Customers
2398,1459,0,0.0,1,1,1,3,Lost Customers
2399,52,2,3230.1305,6,3,4,13,Champions
2400,210,4,3786.2264999999998,4,5,4,13,Champions
2401,633,1,1820.6225,2,2,2,6,At Risk
2402,40,2,6364.153,6,3,5,14,Champions
2403,91,5,6154.5435,5,5,5,15,Champions
2404,861,1,1066.46,2,2,1,5,At Risk
2405,411,3,4904.338,3,4,5,12,Champions
2406,159,3,6268.526000000001,4,4,5,13,Champions
2407,369,2,1042.486,3,3,1,7,Potential Loyalists
2408,243,3,1926.8425000000002,4,4,2,10,Loyal Customers
2409,2,4,2407.001,6,5,3,14,Champions
2410,94,2,-107.43,5,3,1,9,Loyal Customers
2411,25,3,4404.9865,6,4,4,14,Champions
2412,330,2,3587.7215,3,3,4,10,Loyal Customers
2413,82,4,2245.605,5,5,3,13,Champions
2414,21,2,4203.676,6,3,4,13,Champions
2415,41,4,7606.0485,6,5,5,16,Champions
2416,261,2,3389.9305,4,3,4,11,Loyal Customers
2417,221,4,4751.9295,4,5,5,14,Champions
2418,403,2,3354.6925,3,3,4,10,Loyal Customers
2419,70,3,901.9024999999999,5,4,1,10,Loyal Customers
2420,197,1,1000.6634999999999,4,2,1,7,Potential Loyalists
2421,20,4,3468.555,6,5,4,15,Champions
2422,391,2,588.4295,3,3,1,7,Potential Loyalists
2423,299,3,4725.634,3,4,5,12,Champions
2424,305,1,517.8,3,2,1,6,At Risk
2425,327,4,2249.047,3,5,3,11,Loyal Customers
2426,70,4,5376.826499999999,5,5,5,15,Champions
2427,365,3,2085.966,3,4,3,10,Loyal Customers
2428,278,3,4545.6285,3,4,5,12,Champions
2429,203,1,747.3815,4,2,1,7,Potential Loyalists
2430,490,4,3041.846,2,5,3,10,Loyal Customers
2431,616,3,2472.792,2,4,3,9,Loyal Customers
2432,50,1,2372.2709999999997,6,2,3,11,Loyal Customers
2433,151,1,238.87749999999997,4,2,1,7,Potential Loyalists
2434,321,2,2166.16,3,3,3,9,Loyal Customers
2435,1459,0,0.0,1,1,1,3,Lost Customers
2436,134,2,871.577,5,3,1,9,Loyal Customers
2437,67,4,3119.0499999999997,5,5,3,13,Champions
2438,956,1,51.9775,2,2,1,5,At Risk
2439,16,3,4230.1945,6,4,4,14,Champions
2440,779,3,1822.162,2,4,2,8,Potential Loyalists
2441,762,2,899.837,2,3,1,6,At Risk
2442,857,1,1598.781,2,2,2,6,At Risk
2443,424,3,2604.122,3,4,3,10,Loyal Customers
2444,1459,0,0.0,1,1,1,3,Lost Customers
2445,12,5,5169.674,6,5,5,16,Champions
2446,287,1,204.67000000000002,3,2,1,6,At Risk
2447,116,2,606.07,5,3,1,9,Loyal Customers
2448,226,2,856.03,4,3,1,8,Potential Loyalists
2449,447,2,824.85,3,3,1,7,Potential Loyalists
2450,233,3,3509.5115,4,4,4,12,Champions
2451,859,1,911.2465,2,2,1,5,At Risk
2452,26,5,2963.6800000000003,6,5,3,14,Champions
2453,557,3,4799.8735,2,4,5,11,Loyal Customers
2454,67,5,6993.724,5,5,5,15,Champions
2455,15,3,730.9449999999999,6,4,1,11,Loyal Customers
2456,8,2,3475.5535,6,3,4,13,Champions
2457,27,2,1302.588,6,3,2,11,Loyal Customers
2458,100,2,2949.496,5,3,3,11,Loyal Customers
2459,480,3,3247.118,2,4,4,10,Loyal Customers
2460,218,6,7139.521000000001,4,5,5,14,Champions
2461,1,4,2972.0775,6,5,3,14,Champions
2462,96,4,4037.457,5,5,4,14,Champions
2463,150,2,7700.64775,4,3,5,12,Champions
2464,362,3,3486.1865,3,4,4,11,Loyal Customers
2465,93,3,2759.231875,5,4,3,12,Champions
2466,45,4,5384.5470000000005,6,5,5,16,Champions
2467,70,5,5709.0025,5,5,5,15,Champions
2468,603,2,1151.7125,2,3,1,6,At Risk
2469,970,1,537.548,2,2,1,5,At Risk
2470,57,1,3170.264,6,2,4,12,Champions
2471,289,3,1661.627625,3,4,2,9,Loyal Customers
2472,391,2,2222.41,3,3,3,9,Loyal Customers
2473,325,4,5558.402,3,5,5,13,Champions
2474,392,2,1037.17,3,3,1,7,Potential Loyalists
2475,93,5,6596.7515,5,5,5,15,Champions
2476,1459,0,0.0,1,1,1,3,Lost Customers
2477,420,1,338.4,3,2,1,6,At Risk
2478,313,1,770.6300000000001,3,2,1,6,At Risk
2479,222,2,1880.7035,4,3,2,9,Loyal Customers
2480,119,3,3923.306,5,4,4,13,Champions
2481,177,2,3101.609,4,3,3,10,Loyal Customers
2482,92,4,2479.3505,5,5,3,13,Champions
2483,251,2,829.416,4,3,1,8,Potential Loyalists
2484,127,2,3382.3375,5,3,4,12,Champions
2485,1459,0,0.0,1,1,1,3,Lost Customers
2486,161,3,2604.251,4,4,3,11,Loyal Customers
2487,105,7,7705.9085000000005,5,5,5,15,Champions
2488,45,1,2953.9120000000003,6,2,3,11,Loyal Customers
2489,196,5,5023.782,4,5,5,14,Champions
2490,1459,6,5345.314125,1,5,5,11,Loyal Customers
2491,142,2,3408.0389999999998,4,3,4,11,Loyal Customers
2492,370,3,3312.2825,3,4,4,11,Loyal Customers
2493,54,2,1980.2075,6,3,2,11,Loyal Customers
2494,64,3,2833.529,5,4,3,12,Champions
2495,1459,0,0.0,1,1,1,3,Lost Customers
2496,115,4,3445.179,5,5,4,14,Champions
2497,7,4,2861.087,6,5,3,14,Champions
2498,1459,0,0.0,1,1,1,3,Lost Customers
2499,109,4,2237.02,5,5,3,13,Champions
2500,266,4,4142.733499999999,4,5,4,13,Champions
